id,order_id,order_date,customer_id,state,region,product_id,price,quantity
1,CA-2016-152156,11/8/2016,CG-12520,Kentucky,South,FUR-BO-10001798,261.96,2
2,CA-2016-152156,11/8/2016,CG-12520,Kentucky,South,FUR-CH-10000454,731.94,3
3,CA-2016-138688,6/12/2016,DV-13045,California,West,OFF-LA-10000240,14.62,2
4,US-2015-108966,10/11/2015,SO-20335,Florida,South,FUR-TA-10000577,957.5775,5
5,US-2015-108966,10/11/2015,SO-20335,Florida,South,OFF-ST-10000760,22.368,2
6,CA-2014-115812,6/9/2014,BH-11710,California,West,FUR-FU-10001487,48.86,7
7,CA-2014-115812,6/9/2014,BH-11710,California,West,OFF-AR-10002833,7.28,4
8,CA-2014-115812,6/9/2014,BH-11710,California,West,TEC-PH-10002275,907.152,6
9,CA-2014-115812,6/9/2014,BH-11710,California,West,OFF-BI-10003910,18.504,3
10,CA-2014-115812,6/9/2014,BH-11710,California,West,OFF-AP-10002892,114.9,5
11,CA-2014-115812,6/9/2014,BH-11710,California,West,FUR-TA-10001539,1706.184,9
12,CA-2014-115812,6/9/2014,BH-11710,California,West,TEC-PH-10002033,911.424,4
13,CA-2017-114412,4/15/2017,AA-10480,North Carolina,South,OFF-PA-10002365,15.552,3
14,CA-2016-161389,12/5/2016,IM-15070,Washington,West,OFF-BI-10003656,407.976,3
15,US-2015-118983,11/22/2015,HP-14815,Texas,Central,OFF-AP-10002311,68.81,5
16,US-2015-118983,11/22/2015,HP-14815,Texas,Central,OFF-BI-10000756,2.544,3
17,CA-2014-105893,11/11/2014,PK-19075,Wisconsin,Central,OFF-ST-10004186,665.88,6
18,CA-2014-167164,5/13/2014,AG-10270,Utah,West,OFF-ST-10000107,55.5,2
19,CA-2014-143336,8/27/2014,ZD-21925,California,West,OFF-AR-10003056,8.56,2
20,CA-2014-143336,8/27/2014,ZD-21925,California,West,TEC-PH-10001949,213.48,3
21,CA-2014-143336,8/27/2014,ZD-21925,California,West,OFF-BI-10002215,22.72,4
22,CA-2016-137330,12/9/2016,KB-16585,Nebraska,Central,OFF-AR-10000246,19.46,7
23,CA-2016-137330,12/9/2016,KB-16585,Nebraska,Central,OFF-AP-10001492,60.34,7
24,US-2017-156909,7/16/2017,SF-20065,Pennsylvania,East,FUR-CH-10002774,71.372,2
25,CA-2015-106320,9/25/2015,EB-13870,Utah,West,FUR-TA-10000577,1044.63,3
26,CA-2016-121755,1/16/2016,EH-13945,California,West,OFF-BI-10001634,11.648,2
27,CA-2016-121755,1/16/2016,EH-13945,California,West,TEC-AC-10003027,90.57,3
28,US-2015-150630,9/17/2015,TB-21520,Pennsylvania,East,FUR-BO-10004834,3083.43,7
29,US-2015-150630,9/17/2015,TB-21520,Pennsylvania,East,OFF-BI-10000474,9.618,2
30,US-2015-150630,9/17/2015,TB-21520,Pennsylvania,East,FUR-FU-10004848,124.2,3
31,US-2015-150630,9/17/2015,TB-21520,Pennsylvania,East,OFF-EN-10001509,3.264,2
32,US-2015-150630,9/17/2015,TB-21520,Pennsylvania,East,OFF-AR-10004042,86.304,6
33,US-2015-150630,9/17/2015,TB-21520,Pennsylvania,East,OFF-BI-10001525,6.858,6
34,US-2015-150630,9/17/2015,TB-21520,Pennsylvania,East,OFF-AR-10001683,15.76,2
35,CA-2017-107727,10/19/2017,MA-17560,Texas,Central,OFF-PA-10000249,29.472,3
36,CA-2016-117590,12/8/2016,GH-14485,Texas,Central,TEC-PH-10004977,1097.544,7
37,CA-2016-117590,12/8/2016,GH-14485,Texas,Central,FUR-FU-10003664,190.92,5
38,CA-2015-117415,12/27/2015,SN-20710,Texas,Central,OFF-EN-10002986,113.328,9
39,CA-2015-117415,12/27/2015,SN-20710,Texas,Central,FUR-BO-10002545,532.3992,3
40,CA-2015-117415,12/27/2015,SN-20710,Texas,Central,FUR-CH-10004218,212.058,3
41,CA-2015-117415,12/27/2015,SN-20710,Texas,Central,TEC-PH-10000486,371.168,4
42,CA-2017-120999,9/10/2017,LC-16930,Illinois,Central,TEC-PH-10004093,147.168,4
43,CA-2016-101343,7/17/2016,RA-19885,California,West,OFF-ST-10003479,77.88,2
44,CA-2017-139619,9/19/2017,ES-14080,Florida,South,OFF-ST-10003282,95.616,2
45,CA-2016-118255,3/11/2016,ON-18715,Minnesota,Central,TEC-AC-10000171,45.98,2
46,CA-2016-118255,3/11/2016,ON-18715,Minnesota,Central,OFF-BI-10003291,17.46,2
47,CA-2014-146703,10/20/2014,PO-18865,Michigan,Central,OFF-ST-10001713,211.96,4
48,CA-2016-169194,6/20/2016,LH-16900,Delaware,East,TEC-AC-10002167,45,3
49,CA-2016-169194,6/20/2016,LH-16900,Delaware,East,TEC-PH-10003988,21.8,2
50,CA-2015-115742,4/18/2015,DP-13000,Indiana,Central,OFF-BI-10004410,38.22,6
51,CA-2015-115742,4/18/2015,DP-13000,Indiana,Central,OFF-LA-10002762,75.18,6
52,CA-2015-115742,4/18/2015,DP-13000,Indiana,Central,FUR-FU-10001706,6.16,2
53,CA-2015-115742,4/18/2015,DP-13000,Indiana,Central,FUR-CH-10003061,89.99,1
54,CA-2016-105816,12/11/2016,JM-15265,New York,East,OFF-FA-10000304,15.26,7
55,CA-2016-105816,12/11/2016,JM-15265,New York,East,TEC-PH-10002447,1029.95,5
56,CA-2016-111682,6/17/2016,TB-21055,New York,East,OFF-ST-10000604,208.56,6
57,CA-2016-111682,6/17/2016,TB-21055,New York,East,OFF-PA-10001569,32.4,5
58,CA-2016-111682,6/17/2016,TB-21055,New York,East,FUR-CH-10003968,319.41,5
59,CA-2016-111682,6/17/2016,TB-21055,New York,East,OFF-PA-10000587,14.56,2
60,CA-2016-111682,6/17/2016,TB-21055,New York,East,TEC-AC-10002167,30,2
61,CA-2016-111682,6/17/2016,TB-21055,New York,East,OFF-BI-10001460,48.48,4
62,CA-2016-111682,6/17/2016,TB-21055,New York,East,OFF-AR-10001868,1.68,1
63,CA-2015-135545,11/24/2015,KM-16720,California,West,TEC-AC-10004633,13.98,2
64,CA-2015-135545,11/24/2015,KM-16720,California,West,OFF-BI-10001078,25.824,6
65,CA-2015-135545,11/24/2015,KM-16720,California,West,OFF-PA-10003892,146.73,3
66,CA-2015-135545,11/24/2015,KM-16720,California,West,FUR-FU-10000397,79.76,4
67,US-2015-164175,4/30/2015,PS-18970,Illinois,Central,FUR-CH-10001146,213.115,5
68,CA-2014-106376,12/5/2014,BS-11590,Arizona,West,OFF-AR-10002671,1113.024,8
69,CA-2014-106376,12/5/2014,BS-11590,Arizona,West,TEC-PH-10002726,167.968,4
70,CA-2016-119823,6/4/2016,KD-16270,Virginia,South,OFF-PA-10000482,75.88,2
71,CA-2016-106075,9/18/2016,HM-14980,New York,East,OFF-BI-10004654,4.616,1
72,CA-2017-114440,9/14/2017,TB-21520,Michigan,Central,OFF-PA-10004675,19.05,3
73,US-2015-134026,4/26/2015,JE-15745,Tennessee,South,FUR-CH-10000513,831.936,8
74,US-2015-134026,4/26/2015,JE-15745,Tennessee,South,FUR-FU-10003708,97.04,2
75,US-2015-134026,4/26/2015,JE-15745,Tennessee,South,OFF-ST-10004123,72.784,1
76,US-2017-118038,12/9/2017,KB-16600,Texas,Central,OFF-BI-10004182,1.248,3
77,US-2017-118038,12/9/2017,KB-16600,Texas,Central,FUR-FU-10000260,9.708,3
78,US-2017-118038,12/9/2017,KB-16600,Texas,Central,OFF-ST-10000615,27.24,3
79,US-2014-147606,11/26/2014,JE-15745,Texas,Central,FUR-FU-10003194,19.3,5
80,CA-2016-127208,6/12/2016,SC-20770,Alabama,South,OFF-AP-10002118,208.16,1
81,CA-2016-127208,6/12/2016,SC-20770,Alabama,South,OFF-BI-10002309,16.74,3
82,CA-2014-139451,10/12/2014,DN-13690,California,West,OFF-AR-10002053,14.9,5
83,CA-2014-139451,10/12/2014,DN-13690,California,West,OFF-ST-10002370,21.39,1
84,CA-2015-149734,9/3/2015,JC-16105,North Carolina,South,OFF-EN-10000927,200.984,7
85,US-2017-119662,11/13/2017,CS-12400,Illinois,Central,OFF-ST-10003656,230.376,3
86,CA-2017-140088,5/28/2017,PO-18865,South Carolina,South,FUR-CH-10000863,301.96,2
87,CA-2017-155558,10/26/2017,PG-18895,Minnesota,Central,TEC-AC-10001998,19.99,1
88,CA-2017-155558,10/26/2017,PG-18895,Minnesota,Central,OFF-LA-10000134,6.16,2
89,CA-2016-159695,4/5/2016,GM-14455,Texas,Central,OFF-ST-10003442,158.368,7
90,CA-2016-109806,9/17/2016,JS-15685,California,West,OFF-AR-10004930,20.1,3
91,CA-2016-109806,9/17/2016,JS-15685,California,West,TEC-PH-10004093,73.584,2
92,CA-2016-109806,9/17/2016,JS-15685,California,West,OFF-PA-10000304,6.48,1
93,CA-2015-149587,1/31/2015,KB-16315,Minnesota,Central,OFF-PA-10003177,12.96,2
94,CA-2015-149587,1/31/2015,KB-16315,Minnesota,Central,FUR-FU-10003799,53.34,3
95,CA-2015-149587,1/31/2015,KB-16315,Minnesota,Central,OFF-BI-10002852,32.96,2
96,US-2017-109484,11/6/2017,RB-19705,Oregon,West,OFF-BI-10004738,5.682,1
97,CA-2017-161018,11/9/2017,PN-18775,New York,East,FUR-FU-10000629,96.53,7
98,CA-2017-157833,6/17/2017,KD-16345,California,West,OFF-BI-10001721,51.312,3
99,CA-2016-149223,9/6/2016,ER-13855,Minnesota,Central,OFF-AP-10000358,77.88,6
100,CA-2016-158568,8/29/2016,RB-19465,Illinois,Central,OFF-PA-10003256,64.624,7
101,CA-2016-158568,8/29/2016,RB-19465,Illinois,Central,TEC-AC-10001767,95.976,3
102,CA-2016-158568,8/29/2016,RB-19465,Illinois,Central,OFF-BI-10002609,1.788,3
103,CA-2016-129903,12/1/2016,GZ-14470,Minnesota,Central,OFF-PA-10004040,23.92,4
104,US-2015-156867,11/13/2015,LC-16870,Colorado,West,TEC-AC-10001552,238.896,6
105,US-2015-156867,11/13/2015,LC-16870,Colorado,West,FUR-FU-10004006,102.36,3
106,US-2015-156867,11/13/2015,LC-16870,Colorado,West,OFF-BI-10002794,36.882,3
107,CA-2017-119004,11/23/2017,JM-15250,North Carolina,South,TEC-AC-10003499,74.112,8
108,CA-2017-119004,11/23/2017,JM-15250,North Carolina,South,TEC-PH-10002844,27.992,1
109,CA-2017-119004,11/23/2017,JM-15250,North Carolina,South,OFF-AR-10000390,3.304,1
110,CA-2015-129476,10/15/2015,PA-19060,Illinois,Central,TEC-AC-10000844,339.96,5
111,CA-2017-146780,12/25/2017,CV-12805,New York,East,FUR-FU-10001934,41.96,2
112,CA-2016-128867,11/3/2016,CL-12565,Iowa,Central,OFF-AR-10000380,75.96,2
113,CA-2016-128867,11/3/2016,CL-12565,Iowa,Central,OFF-BI-10003981,27.24,6
114,CA-2014-115259,8/25/2014,RC-19960,Ohio,East,OFF-FA-10000621,40.096,14
115,CA-2014-115259,8/25/2014,RC-19960,Ohio,East,OFF-EN-10002600,4.72,2
116,CA-2014-115259,8/25/2014,RC-19960,Ohio,East,OFF-PA-10004965,23.976,3
117,CA-2014-115259,8/25/2014,RC-19960,Ohio,East,OFF-EN-10002504,130.464,6
118,CA-2015-110457,3/2/2015,DK-13090,Washington,West,FUR-TA-10001768,787.53,3
119,US-2015-136476,4/5/2015,GG-14650,Tennessee,South,OFF-BI-10003650,157.794,1
120,CA-2016-103730,6/12/2016,SC-20725,Delaware,East,FUR-FU-10002157,47.04,3
121,CA-2016-103730,6/12/2016,SC-20725,Delaware,East,OFF-BI-10003910,30.84,4
122,CA-2016-103730,6/12/2016,SC-20725,Delaware,East,OFF-ST-10000777,226.56,6
123,CA-2016-103730,6/12/2016,SC-20725,Delaware,East,OFF-EN-10002500,115.02,9
124,CA-2016-103730,6/12/2016,SC-20725,Delaware,East,TEC-PH-10003875,68.04,7
125,US-2014-152030,12/26/2014,AD-10180,Texas,Central,FUR-CH-10004063,600.558,3
126,US-2014-134614,9/20/2014,PF-19165,Illinois,Central,FUR-TA-10004534,617.7,6
127,US-2017-107272,11/5/2017,TS-21610,Arizona,West,OFF-BI-10003274,2.388,2
128,US-2017-107272,11/5/2017,TS-21610,Arizona,West,OFF-ST-10002974,243.992,7
129,US-2016-125969,11/6/2016,LS-16975,California,West,FUR-CH-10001146,81.424,2
130,US-2016-125969,11/6/2016,LS-16975,California,West,FUR-FU-10003773,238.56,3
131,US-2017-164147,2/2/2017,DW-13585,Ohio,East,TEC-PH-10002293,59.97,5
132,US-2017-164147,2/2/2017,DW-13585,Ohio,East,OFF-PA-10002377,78.304,2
133,US-2017-164147,2/2/2017,DW-13585,Ohio,East,OFF-FA-10002780,21.456,9
134,CA-2016-145583,10/13/2016,LC-16885,California,West,OFF-PA-10001804,20.04,3
135,CA-2016-145583,10/13/2016,LC-16885,California,West,OFF-PA-10001736,35.44,1
136,CA-2016-145583,10/13/2016,LC-16885,California,West,OFF-AR-10001149,11.52,4
137,CA-2016-145583,10/13/2016,LC-16885,California,West,OFF-FA-10002988,4.02,2
138,CA-2016-145583,10/13/2016,LC-16885,California,West,OFF-BI-10004781,76.176,3
139,CA-2016-145583,10/13/2016,LC-16885,California,West,OFF-SU-10001218,65.88,6
140,CA-2016-145583,10/13/2016,LC-16885,California,West,FUR-FU-10001706,43.12,14
141,CA-2016-110366,9/5/2016,JD-15895,Pennsylvania,East,FUR-FU-10004848,82.8,2
142,CA-2017-106180,9/18/2017,SH-19975,California,West,OFF-AR-10000940,8.82,3
143,CA-2017-106180,9/18/2017,SH-19975,California,West,OFF-EN-10004030,10.86,3
144,CA-2017-106180,9/18/2017,SH-19975,California,West,OFF-PA-10004327,143.7,3
145,CA-2017-155376,12/22/2017,SG-20080,Missouri,Central,OFF-AP-10001058,839.43,3
146,CA-2015-110744,9/7/2015,HA-14920,California,West,OFF-ST-10003656,671.93,7
147,CA-2014-110072,10/22/2014,MG-17680,Ohio,East,FUR-FU-10000521,93.888,4
148,CA-2016-114489,12/5/2016,JE-16165,Wisconsin,Central,TEC-PH-10000215,384.45,11
149,CA-2016-114489,12/5/2016,JE-16165,Wisconsin,Central,TEC-PH-10001448,149.97,3
150,CA-2016-114489,12/5/2016,JE-16165,Wisconsin,Central,FUR-CH-10000454,1951.84,8
151,CA-2016-114489,12/5/2016,JE-16165,Wisconsin,Central,OFF-BI-10002735,171.55,5
152,CA-2016-158834,3/13/2016,TW-21025,Arizona,West,OFF-AP-10000326,157.92,5
153,CA-2016-158834,3/13/2016,TW-21025,Arizona,West,TEC-PH-10001254,203.184,2
154,CA-2015-124919,5/31/2015,SP-20650,California,West,OFF-PA-10001950,58.38,7
155,CA-2015-124919,5/31/2015,SP-20650,California,West,OFF-PA-10002254,105.52,4
156,CA-2015-124919,5/31/2015,SP-20650,California,West,OFF-ST-10001590,80.88,6
157,CA-2015-118948,5/28/2015,NK-18490,Washington,West,OFF-AR-10001547,6.63,3
158,CA-2014-104269,3/1/2014,DB-13060,Washington,West,FUR-CH-10004063,457.568,2
159,CA-2016-114104,11/20/2016,NP-18670,Oklahoma,Central,OFF-LA-10002475,14.62,2
160,CA-2016-114104,11/20/2016,NP-18670,Oklahoma,Central,TEC-PH-10004536,944.93,7
161,CA-2016-162733,5/11/2016,TT-21070,California,West,OFF-PA-10002751,5.98,1
162,CA-2015-119697,12/28/2015,EM-13960,Pennsylvania,East,TEC-AC-10003657,54.384,2
163,CA-2016-154508,11/16/2016,RD-19900,New Mexico,West,OFF-EN-10001990,28.4,5
164,CA-2016-113817,11/7/2016,MJ-17740,Washington,West,OFF-BI-10004002,27.68,2
165,CA-2014-139892,9/8/2014,BM-11140,Texas,Central,OFF-AR-10004441,9.936,3
166,CA-2014-139892,9/8/2014,BM-11140,Texas,Central,TEC-MA-10000822,8159.952,8
167,CA-2014-139892,9/8/2014,BM-11140,Texas,Central,OFF-ST-10000991,275.928,3
168,CA-2014-139892,9/8/2014,BM-11140,Texas,Central,FUR-CH-10004287,1740.06,9
169,CA-2014-139892,9/8/2014,BM-11140,Texas,Central,OFF-AR-10002656,32.064,6
170,CA-2014-139892,9/8/2014,BM-11140,Texas,Central,OFF-AP-10002518,177.98,5
171,CA-2014-139892,9/8/2014,BM-11140,Texas,Central,TEC-PH-10003931,143.976,3
172,CA-2014-118962,8/5/2014,CS-12130,California,West,OFF-PA-10000659,20.94,3
173,CA-2014-118962,8/5/2014,CS-12130,California,West,OFF-PA-10001144,110.96,2
174,CA-2014-118962,8/5/2014,CS-12130,California,West,FUR-CH-10003817,340.144,7
175,US-2014-100853,9/14/2014,JB-15400,Illinois,Central,OFF-AP-10000891,52.448,2
176,US-2014-100853,9/14/2014,JB-15400,Illinois,Central,OFF-LA-10003148,20.16,4
177,US-2017-152366,4/21/2017,SJ-20500,Texas,Central,OFF-AP-10002684,97.264,4
178,US-2015-101511,11/21/2015,JE-15745,Ohio,East,FUR-CH-10004698,396.802,7
179,US-2015-101511,11/21/2015,JE-15745,Ohio,East,OFF-SU-10002189,15.88,5
180,CA-2015-137225,12/15/2015,JK-15640,New York,East,OFF-AR-10001940,3.28,1
181,CA-2014-166191,12/5/2014,DK-13150,Illinois,Central,OFF-ST-10003455,24.816,2
182,CA-2014-166191,12/5/2014,DK-13150,Illinois,Central,TEC-AC-10004659,408.744,7
183,CA-2014-158274,11/19/2014,RM-19675,Louisiana,South,TEC-PH-10003273,503.96,4
184,CA-2014-158274,11/19/2014,RM-19675,Louisiana,South,TEC-PH-10004896,149.95,5
185,CA-2014-158274,11/19/2014,RM-19675,Louisiana,South,TEC-AC-10002345,29,2
186,CA-2016-105018,11/28/2016,SK-19990,Connecticut,East,OFF-BI-10001890,7.16,2
187,CA-2014-123260,8/26/2014,FM-14290,California,West,TEC-AC-10002323,176.8,8
188,CA-2016-157000,7/16/2016,AM-10360,Texas,Central,OFF-ST-10001328,37.224,3
189,CA-2016-157000,7/16/2016,AM-10360,Texas,Central,OFF-PA-10001950,20.016,3
190,CA-2015-102281,10/12/2015,MP-17470,New York,East,FUR-BO-10002613,899.136,4
191,CA-2015-102281,10/12/2015,MP-17470,New York,East,TEC-PH-10001552,71.76,6
192,CA-2015-102281,10/12/2015,MP-17470,New York,East,OFF-PA-10000061,51.84,8
193,CA-2015-102281,10/12/2015,MP-17470,New York,East,FUR-BO-10002545,626.352,3
194,CA-2015-102281,10/12/2015,MP-17470,New York,East,OFF-AR-10003514,19.9,5
195,CA-2015-131457,10/31/2015,MZ-17515,California,West,OFF-EN-10001509,14.28,7
196,CA-2014-140004,3/21/2014,CB-12025,Ohio,East,OFF-AR-10004685,7.408,2
197,CA-2014-140004,3/21/2014,CB-12025,Ohio,East,OFF-AR-10004027,6.048,3
198,CA-2017-107720,11/6/2017,VM-21685,New Jersey,East,OFF-ST-10001414,46.26,3
199,US-2017-124303,7/6/2017,FH-14365,Pennsylvania,East,OFF-BI-10000343,2.946,2
200,US-2017-124303,7/6/2017,FH-14365,Pennsylvania,East,OFF-PA-10002749,16.056,3
201,CA-2017-105074,6/24/2017,MB-17305,Ohio,East,OFF-PA-10002666,21.744,3
202,CA-2014-133690,8/3/2014,BS-11755,Colorado,West,FUR-TA-10004289,218.75,2
203,CA-2014-133690,8/3/2014,BS-11755,Colorado,West,OFF-AP-10003622,2.6,1
204,US-2017-116701,12/17/2017,LC-17140,Texas,Central,OFF-AP-10003217,66.284,2
205,CA-2017-126382,6/3/2017,HK-14890,Tennessee,South,FUR-FU-10002960,35.168,7
206,CA-2017-108329,12/9/2017,LE-16810,California,West,TEC-PH-10001918,444.768,4
207,CA-2017-135860,12/1/2017,JH-15985,Michigan,Central,OFF-ST-10000642,83.92,4
208,CA-2017-135860,12/1/2017,JH-15985,Michigan,Central,TEC-PH-10001700,131.98,2
209,CA-2017-135860,12/1/2017,JH-15985,Michigan,Central,OFF-BI-10003274,15.92,4
210,CA-2017-135860,12/1/2017,JH-15985,Michigan,Central,OFF-FA-10000134,52.29,9
211,CA-2017-135860,12/1/2017,JH-15985,Michigan,Central,OFF-ST-10001522,91.99,1
212,CA-2015-101007,2/9/2015,MS-17980,Texas,Central,TEC-AC-10001266,20.8,2
213,CA-2015-146262,1/2/2015,VW-21775,Ohio,East,OFF-LA-10004544,23.68,2
214,CA-2015-146262,1/2/2015,VW-21775,Ohio,East,FUR-BO-10004695,452.45,5
215,CA-2015-146262,1/2/2015,VW-21775,Ohio,East,TEC-PH-10002844,62.982,3
216,CA-2015-146262,1/2/2015,VW-21775,Ohio,East,TEC-MA-10000864,1188,9
217,CA-2015-146262,1/2/2015,VW-21775,Ohio,East,TEC-AC-10000109,89.584,2
218,CA-2016-130162,10/28/2016,JH-15910,California,West,OFF-ST-10001328,93.06,6
219,CA-2016-130162,10/28/2016,JH-15910,California,West,TEC-PH-10002563,302.376,3
220,CA-2015-169397,12/24/2015,JB-15925,Ohio,East,OFF-FA-10000585,5.584,2
221,CA-2015-169397,12/24/2015,JB-15925,Ohio,East,OFF-PA-10004000,22.704,6
222,CA-2015-169397,12/24/2015,JB-15925,Ohio,East,OFF-BI-10002852,19.776,4
223,CA-2015-169397,12/24/2015,JB-15925,Ohio,East,FUR-FU-10000087,72.704,4
224,CA-2015-169397,12/24/2015,JB-15925,Ohio,East,TEC-MA-10001148,479.988,4
225,CA-2015-169397,12/24/2015,JB-15925,Ohio,East,OFF-AR-10001958,27.168,2
226,CA-2015-163055,8/9/2015,DS-13180,Michigan,Central,OFF-AR-10001026,2.2,1
227,CA-2015-163055,8/9/2015,DS-13180,Michigan,Central,FUR-TA-10003748,622.45,5
228,CA-2015-163055,8/9/2015,DS-13180,Michigan,Central,OFF-ST-10002485,21.98,1
229,US-2015-145436,2/28/2015,VD-21670,Tennessee,South,FUR-CH-10004860,161.568,2
230,US-2015-145436,2/28/2015,VD-21670,Tennessee,South,FUR-CH-10004477,389.696,8
231,US-2014-156216,9/13/2014,EA-14035,North Carolina,South,OFF-BI-10001679,18.648,7
232,US-2017-100930,4/7/2017,CS-12400,Florida,South,FUR-TA-10001705,233.86,2
233,US-2017-100930,4/7/2017,CS-12400,Florida,South,FUR-TA-10003473,620.6145,3
234,US-2017-100930,4/7/2017,CS-12400,Florida,South,OFF-BI-10001679,5.328,2
235,US-2017-100930,4/7/2017,CS-12400,Florida,South,FUR-FU-10004017,258.072,3
236,US-2017-100930,4/7/2017,CS-12400,Florida,South,TEC-AC-10003832,617.976,3
237,CA-2017-160514,11/12/2017,DB-13120,California,West,OFF-PA-10002479,10.56,2
238,CA-2016-157749,6/4/2016,KL-16645,Illinois,Central,OFF-PA-10003349,25.92,5
239,CA-2016-157749,6/4/2016,KL-16645,Illinois,Central,FUR-FU-10000576,419.68,5
240,CA-2016-157749,6/4/2016,KL-16645,Illinois,Central,FUR-FU-10004351,11.688,3
241,CA-2016-157749,6/4/2016,KL-16645,Illinois,Central,TEC-PH-10000011,31.984,2
242,CA-2016-157749,6/4/2016,KL-16645,Illinois,Central,FUR-TA-10002607,177.225,5
243,CA-2016-157749,6/4/2016,KL-16645,Illinois,Central,FUR-FU-10002505,4.044,3
244,CA-2016-157749,6/4/2016,KL-16645,Illinois,Central,OFF-AR-10004685,7.408,2
245,CA-2014-131926,6/1/2014,DW-13480,Minnesota,Central,FUR-CH-10004063,2001.86,7
246,CA-2014-131926,6/1/2014,DW-13480,Minnesota,Central,OFF-ST-10002276,166.72,2
247,CA-2014-131926,6/1/2014,DW-13480,Minnesota,Central,OFF-PA-10004082,47.88,6
248,CA-2014-131926,6/1/2014,DW-13480,Minnesota,Central,OFF-AP-10002945,1503.25,5
249,CA-2014-131926,6/1/2014,DW-13480,Minnesota,Central,OFF-PA-10000061,25.92,4
250,CA-2016-154739,12/10/2016,LH-17155,California,West,FUR-CH-10002965,321.568,2
251,CA-2016-145625,9/11/2016,KC-16540,California,West,OFF-PA-10004569,7.61,1
252,CA-2016-145625,9/11/2016,KC-16540,California,West,TEC-AC-10003832,3347.37,13
253,CA-2016-146941,12/10/2016,DL-13315,New York,East,OFF-ST-10001228,80.58,6
254,CA-2016-146941,12/10/2016,DL-13315,New York,East,OFF-EN-10003296,361.92,4
255,US-2015-159982,11/28/2015,DR-12880,Illinois,Central,FUR-FU-10002505,12.132,9
256,US-2015-159982,11/28/2015,DR-12880,Illinois,Central,OFF-ST-10004804,82.368,2
257,US-2015-159982,11/28/2015,DR-12880,Illinois,Central,OFF-ST-10001590,53.92,5
258,US-2015-159982,11/28/2015,DR-12880,Illinois,Central,TEC-PH-10001580,647.904,6
259,CA-2017-163139,12/1/2017,CC-12670,New York,East,TEC-AC-10000290,20.37,3
260,CA-2017-163139,12/1/2017,CC-12670,New York,East,OFF-ST-10002790,221.55,3
261,CA-2017-163139,12/1/2017,CC-12670,New York,East,OFF-BI-10003460,17.52,5
262,US-2017-155299,6/8/2017,Dl-13600,Texas,Central,OFF-AP-10002203,1.624,2
263,US-2014-106992,9/19/2014,SB-20290,Texas,Central,TEC-MA-10000822,3059.982,3
264,US-2014-106992,9/19/2014,SB-20290,Texas,Central,TEC-MA-10003353,2519.958,7
265,CA-2016-125318,6/6/2016,RC-19825,Illinois,Central,TEC-PH-10001433,328.224,4
266,CA-2015-155040,11/10/2015,AH-10210,California,West,TEC-AC-10004469,79.9,2
267,CA-2017-136826,6/16/2017,CB-12535,North Carolina,South,OFF-AR-10003602,14.016,3
268,CA-2016-111010,1/22/2016,PG-18895,New Jersey,East,OFF-FA-10003472,7.56,6
269,US-2017-145366,12/9/2017,CA-12310,Ohio,East,OFF-ST-10004180,37.208,1
270,US-2017-145366,12/9/2017,CA-12310,Ohio,East,OFF-EN-10004386,57.576,3
271,CA-2017-163979,12/28/2017,KH-16690,California,West,OFF-ST-10003208,725.84,4
272,CA-2015-155334,7/30/2015,HA-14920,California,West,TEC-AC-10003628,209.93,7
273,CA-2015-155334,7/30/2015,HA-14920,California,West,FUR-FU-10003274,5.28,3
274,CA-2015-155334,7/30/2015,HA-14920,California,West,OFF-BI-10002557,10.92,3
275,CA-2017-118136,9/16/2017,BB-10990,California,West,OFF-PA-10002615,8.82,2
276,CA-2017-118136,9/16/2017,BB-10990,California,West,OFF-AR-10001427,5.98,1
277,CA-2017-132976,10/13/2017,AG-10495,Pennsylvania,East,OFF-PA-10000673,11.648,2
278,CA-2017-132976,10/13/2017,AG-10495,Pennsylvania,East,OFF-PA-10004470,18.176,4
279,CA-2017-132976,10/13/2017,AG-10495,Pennsylvania,East,OFF-ST-10000876,59.712,6
280,CA-2017-132976,10/13/2017,AG-10495,Pennsylvania,East,OFF-LA-10002043,24.84,3
281,US-2015-161991,9/26/2015,SC-20725,Texas,Central,OFF-BI-10004967,2.08,5
282,US-2015-161991,9/26/2015,SC-20725,Texas,Central,TEC-PH-10001760,1114.4,7
283,CA-2015-130890,11/2/2015,JO-15280,California,West,FUR-TA-10002903,1038.84,5
284,CA-2015-130883,9/26/2015,TB-21520,Oregon,West,OFF-PA-10000474,141.76,5
285,CA-2015-130883,9/26/2015,TB-21520,Oregon,West,TEC-AC-10001956,239.8,5
286,CA-2015-130883,9/26/2015,TB-21520,Oregon,West,OFF-PA-10004100,31.104,6
287,CA-2016-112697,12/18/2016,AH-10195,Florida,South,OFF-BI-10000778,254.058,7
288,CA-2016-112697,12/18/2016,AH-10195,Florida,South,OFF-AP-10002684,194.528,2
289,CA-2016-112697,12/18/2016,AH-10195,Florida,South,OFF-SU-10000646,961.48,5
290,CA-2016-110772,11/20/2016,NZ-18565,Ohio,East,OFF-FA-10002983,19.096,7
291,CA-2016-110772,11/20/2016,NZ-18565,Ohio,East,OFF-LA-10004689,18.496,8
292,CA-2016-110772,11/20/2016,NZ-18565,Ohio,East,TEC-AC-10002001,255.984,2
293,CA-2016-110772,11/20/2016,NZ-18565,Ohio,East,FUR-BO-10004709,86.97,3
294,CA-2014-111451,12/26/2014,KL-16555,Colorado,West,FUR-FU-10004091,300.416,8
295,CA-2014-111451,12/26/2014,KL-16555,Colorado,West,FUR-CH-10001891,230.352,3
296,CA-2014-111451,12/26/2014,KL-16555,Colorado,West,FUR-FU-10002918,218.352,3
297,CA-2014-111451,12/26/2014,KL-16555,Colorado,West,OFF-BI-10004593,78.6,5
298,CA-2014-111451,12/26/2014,KL-16555,Colorado,West,OFF-FA-10004854,27.552,3
299,CA-2016-142545,10/28/2016,JD-15895,New Jersey,East,OFF-PA-10002105,32.4,5
300,CA-2016-142545,10/28/2016,JD-15895,New Jersey,East,OFF-ST-10002756,1082.48,8
301,CA-2016-142545,10/28/2016,JD-15895,New Jersey,East,OFF-PA-10004243,56.91,3
302,CA-2016-142545,10/28/2016,JD-15895,New Jersey,East,FUR-FU-10001861,77.6,4
303,CA-2016-142545,10/28/2016,JD-15895,New Jersey,East,OFF-BI-10002706,14.28,1
304,US-2017-152380,11/19/2017,JH-15910,Illinois,Central,FUR-TA-10002533,219.075,3
305,CA-2015-144253,5/4/2015,AS-10225,New York,East,FUR-FU-10002671,26.8,2
306,CA-2014-130960,12/30/2014,KB-16600,Michigan,Central,OFF-AR-10003651,9.84,3
307,CA-2014-111003,6/1/2014,CR-12625,New Jersey,East,OFF-BI-10001072,45.48,3
308,CA-2014-111003,6/1/2014,CR-12625,New Jersey,East,OFF-AR-10002135,289.2,6
309,CA-2017-126774,4/15/2017,SH-20395,Virginia,South,OFF-AR-10002804,4.89,1
310,CA-2016-142902,9/12/2016,BP-11185,Colorado,West,FUR-FU-10001918,15.136,4
311,CA-2016-142902,9/12/2016,BP-11185,Colorado,West,FUR-CH-10004086,466.768,2
312,CA-2016-142902,9/12/2016,BP-11185,Colorado,West,FUR-FU-10001756,15.232,1
313,CA-2016-142902,9/12/2016,BP-11185,Colorado,West,OFF-LA-10000634,6.264,3
314,CA-2014-120887,9/27/2014,TS-21205,New Jersey,East,FUR-FU-10001588,87.54,3
315,CA-2014-167850,8/9/2014,AG-10525,Florida,South,TEC-PH-10002398,178.384,2
316,CA-2014-167850,8/9/2014,AG-10525,Florida,South,OFF-PA-10001937,15.552,3
317,CA-2014-164259,12/28/2014,SP-20860,Pennsylvania,East,OFF-AR-10003373,99.136,4
318,CA-2014-164973,11/4/2014,NM-18445,New York,East,FUR-CH-10002602,135.882,1
319,CA-2014-164973,11/4/2014,NM-18445,New York,East,TEC-MA-10002927,3991.98,2
320,CA-2014-164973,11/4/2014,NM-18445,New York,East,TEC-PH-10004093,275.94,6
321,CA-2014-164973,11/4/2014,NM-18445,New York,East,TEC-AC-10000892,360,4
322,CA-2014-164973,11/4/2014,NM-18445,New York,East,OFF-ST-10002974,43.57,1
323,CA-2014-156601,9/19/2014,FA-14230,California,West,OFF-FA-10000624,7.16,2
324,CA-2016-162138,4/23/2016,GK-14620,California,West,OFF-BI-10004593,251.52,6
325,CA-2016-162138,4/23/2016,GK-14620,California,West,TEC-AC-10001908,99.99,1
326,CA-2017-153339,11/3/2017,DJ-13510,Tennessee,South,FUR-FU-10001967,15.992,1
327,US-2016-141544,8/30/2016,PO-18850,Pennsylvania,East,TEC-PH-10003645,290.898,3
328,US-2016-141544,8/30/2016,PO-18850,Pennsylvania,East,OFF-ST-10000675,54.224,2
329,US-2016-141544,8/30/2016,PO-18850,Pennsylvania,East,FUR-CH-10003312,786.744,4
330,US-2016-141544,8/30/2016,PO-18850,Pennsylvania,East,OFF-LA-10001074,100.24,10
331,US-2016-141544,8/30/2016,PO-18850,Pennsylvania,East,OFF-BI-10001524,37.764,6
332,US-2016-150147,4/25/2016,JL-15850,Pennsylvania,East,TEC-PH-10004614,82.8,2
333,US-2016-150147,4/25/2016,JL-15850,Pennsylvania,East,OFF-BI-10001153,20.724,2
334,US-2016-150147,4/25/2016,JL-15850,Pennsylvania,East,OFF-BI-10001982,4.896,3
335,CA-2015-137946,9/1/2015,DB-13615,California,West,OFF-BI-10001922,4.752,1
336,CA-2015-137946,9/1/2015,DB-13615,California,West,TEC-CO-10001449,959.984,2
337,CA-2015-137946,9/1/2015,DB-13615,California,West,OFF-BI-10004140,14.368,4
338,CA-2014-129924,7/12/2014,AC-10420,California,West,OFF-BI-10003314,7.712,2
339,CA-2014-129924,7/12/2014,AC-10420,California,West,FUR-TA-10004575,698.352,3
340,CA-2015-128167,6/22/2015,KL-16645,Utah,West,OFF-FA-10000490,4.96,4
341,CA-2014-122336,4/13/2014,JD-15895,Pennsylvania,East,OFF-AR-10000122,17.856,4
342,CA-2014-122336,4/13/2014,JD-15895,Pennsylvania,East,OFF-BI-10003656,509.97,10
343,CA-2014-122336,4/13/2014,JD-15895,Pennsylvania,East,OFF-FA-10002780,30.992,13
344,CA-2014-122336,4/13/2014,JD-15895,Pennsylvania,East,TEC-PH-10000702,71.928,12
345,US-2015-120712,12/20/2015,CS-12130,Texas,Central,OFF-ST-10000107,88.8,4
346,CA-2017-169901,6/15/2017,CC-12550,California,West,TEC-PH-10002293,47.976,3
347,CA-2017-134306,7/8/2017,TD-20995,Massachusetts,East,OFF-AR-10004027,7.56,3
348,CA-2017-134306,7/8/2017,TD-20995,Massachusetts,East,OFF-PA-10000249,24.56,2
349,CA-2017-134306,7/8/2017,TD-20995,Massachusetts,East,OFF-AR-10001374,12.96,2
350,CA-2016-129714,9/1/2016,AB-10060,New York,East,TEC-AC-10000290,6.79,1
351,CA-2016-129714,9/1/2016,AB-10060,New York,East,OFF-PA-10001970,24.56,2
352,CA-2016-129714,9/1/2016,AB-10060,New York,East,OFF-BI-10002160,3.048,1
353,CA-2016-129714,9/1/2016,AB-10060,New York,East,OFF-PA-10001970,49.12,4
354,CA-2016-129714,9/1/2016,AB-10060,New York,East,OFF-BI-10004995,4355.168,4
355,CA-2016-138520,4/8/2016,JL-15505,New York,East,FUR-BO-10002268,388.704,6
356,CA-2016-138520,4/8/2016,JL-15505,New York,East,OFF-EN-10001137,8.26,2
357,CA-2016-138520,4/8/2016,JL-15505,New York,East,OFF-AR-10002399,17.04,4
358,CA-2016-138520,4/8/2016,JL-15505,New York,East,OFF-PA-10002713,34.4,5
359,CA-2016-130001,4/23/2016,HK-14890,North Carolina,South,OFF-PA-10002666,36.24,5
360,CA-2017-155698,3/8/2017,VB-21745,Georgia,South,OFF-AP-10001124,647.84,8
361,CA-2017-155698,3/8/2017,VB-21745,Georgia,South,OFF-LA-10001158,20.7,2
362,CA-2017-144904,9/25/2017,KW-16435,New York,East,OFF-LA-10001158,20.7,2
363,CA-2017-144904,9/25/2017,KW-16435,New York,East,FUR-CH-10000785,488.646,3
364,CA-2017-144904,9/25/2017,KW-16435,New York,East,OFF-AR-10003732,5.56,2
365,CA-2017-144904,9/25/2017,KW-16435,New York,East,FUR-FU-10000023,47.12,8
366,CA-2014-123344,9/24/2014,JD-16060,California,West,OFF-ST-10001713,211.96,4
367,CA-2016-155516,10/21/2016,MK-17905,Connecticut,East,OFF-BI-10002412,23.2,4
368,CA-2016-155516,10/21/2016,MK-17905,Connecticut,East,OFF-SU-10001225,7.36,2
369,CA-2016-155516,10/21/2016,MK-17905,Connecticut,East,OFF-ST-10002406,104.79,7
370,CA-2016-155516,10/21/2016,MK-17905,Connecticut,East,FUR-BO-10002545,1043.92,4
371,CA-2017-104745,5/29/2017,GT-14755,Texas,Central,OFF-PA-10002036,25.92,5
372,CA-2017-104745,5/29/2017,GT-14755,Texas,Central,OFF-ST-10002205,53.424,3
373,US-2014-119137,7/23/2014,AG-10900,Arizona,West,OFF-BI-10001982,8.16,5
374,US-2014-119137,7/23/2014,AG-10900,Arizona,West,TEC-AC-10003911,1023.936,8
375,US-2014-119137,7/23/2014,AG-10900,Arizona,West,OFF-AR-10000658,9.24,1
376,US-2014-119137,7/23/2014,AG-10900,Arizona,West,TEC-AC-10002076,479.04,10
377,US-2016-134656,9/28/2016,MM-18280,Illinois,Central,OFF-PA-10003039,99.136,4
378,US-2017-134481,8/27/2017,AR-10405,Massachusetts,East,FUR-TA-10004915,1488.424,7
379,CA-2015-130792,4/28/2015,RA-19915,Texas,Central,OFF-AP-10000696,8.652,3
380,CA-2015-130792,4/28/2015,RA-19915,Texas,Central,OFF-ST-10003327,23.832,3
381,CA-2015-130792,4/28/2015,RA-19915,Texas,Central,OFF-BI-10000309,12.176,4
382,CA-2016-134775,10/28/2016,AS-10285,California,West,OFF-PA-10004734,50.96,7
383,CA-2016-134775,10/28/2016,AS-10285,California,West,OFF-BI-10002225,49.536,3
384,CA-2015-125395,6/26/2015,LA-16780,Michigan,Central,TEC-AC-10004708,41.9,2
385,US-2015-168935,11/27/2015,DO-13435,Florida,South,FUR-TA-10000617,375.4575,3
386,US-2015-168935,11/27/2015,DO-13435,Florida,South,TEC-AC-10002335,83.976,3
387,CA-2015-122756,12/3/2015,DK-13225,Pennsylvania,East,TEC-MA-10001681,482.34,4
388,CA-2015-122756,12/3/2015,DK-13225,Pennsylvania,East,FUR-FU-10001935,2.96,1
389,CA-2014-115973,11/24/2014,NG-18430,Ohio,East,OFF-AR-10004757,2.624,1
390,CA-2017-101798,12/11/2017,MV-18190,New York,East,OFF-BI-10000050,23.36,4
391,CA-2017-101798,12/11/2017,MV-18190,New York,East,TEC-AC-10001998,39.98,2
392,US-2014-135972,9/21/2014,JG-15115,Washington,West,TEC-PH-10003012,246.384,2
393,US-2014-135972,9/21/2014,JG-15115,Washington,West,TEC-CO-10002313,1799.97,3
394,US-2014-134971,6/7/2014,BP-11095,Illinois,Central,OFF-BI-10003982,12.462,3
395,CA-2017-102946,6/30/2017,VP-21730,Nevada,West,OFF-BI-10004492,75.792,3
396,CA-2017-165603,10/17/2017,SS-20140,Rhode Island,East,OFF-ST-10000798,49.96,2
397,CA-2017-165603,10/17/2017,SS-20140,Rhode Island,East,OFF-PA-10002552,12.96,2
398,CA-2015-122259,10/31/2015,HP-14815,Michigan,Central,OFF-SU-10002573,70.12,4
399,CA-2016-108987,9/8/2016,AG-10675,Texas,Central,OFF-ST-10001580,35.952,3
400,CA-2016-108987,9/8/2016,AG-10675,Texas,Central,FUR-BO-10004834,2396.2656,4
401,CA-2016-108987,9/8/2016,AG-10675,Texas,Central,OFF-ST-10000934,131.136,4
402,CA-2016-108987,9/8/2016,AG-10675,Texas,Central,TEC-AC-10000158,57.584,2
403,CA-2014-113166,12/24/2014,LF-17185,Florida,South,OFF-PA-10001947,9.568,2
404,CA-2014-155208,4/16/2014,SP-20650,North Carolina,South,OFF-AR-10003478,39.072,6
405,CA-2017-117933,12/24/2017,RF-19840,New York,East,OFF-AP-10004249,35.91,3
406,CA-2017-117457,12/8/2017,KH-16510,California,West,TEC-AC-10000158,179.95,5
407,CA-2017-117457,12/8/2017,KH-16510,California,West,TEC-CO-10004115,1199.976,3
408,CA-2017-117457,12/8/2017,KH-16510,California,West,OFF-PA-10003724,27.15,5
409,CA-2017-117457,12/8/2017,KH-16510,California,West,FUR-TA-10002041,1004.024,7
410,CA-2017-117457,12/8/2017,KH-16510,California,West,OFF-PA-10002893,9.68,1
411,CA-2017-117457,12/8/2017,KH-16510,California,West,OFF-LA-10003766,28.35,9
412,CA-2017-117457,12/8/2017,KH-16510,California,West,OFF-PA-10001970,55.98,1
413,CA-2017-117457,12/8/2017,KH-16510,California,West,FUR-BO-10001972,1336.829,13
414,CA-2017-117457,12/8/2017,KH-16510,California,West,FUR-CH-10003956,113.568,2
415,CA-2017-142636,11/3/2017,KC-16675,Washington,West,OFF-PA-10000157,139.86,7
416,CA-2017-142636,11/3/2017,KC-16675,Washington,West,FUR-CH-10001891,307.136,4
417,CA-2017-122105,6/24/2017,CJ-12010,California,West,OFF-AR-10004344,95.92,8
418,CA-2016-148796,4/14/2016,PB-19150,California,West,FUR-CH-10004886,383.8,5
419,CA-2017-154816,11/6/2017,VB-21745,Kentucky,South,OFF-PA-10003845,5.78,1
420,CA-2017-110478,3/4/2017,SP-20860,California,West,OFF-AR-10001573,9.32,4
421,CA-2017-110478,3/4/2017,SP-20860,California,West,OFF-EN-10000483,15.25,1
422,CA-2014-142048,6/22/2014,JE-15745,Colorado,West,TEC-AC-10004114,196.752,6
423,CA-2017-125388,10/19/2017,MP-17965,Massachusetts,East,FUR-FU-10004712,56.56,4
424,CA-2017-125388,10/19/2017,MP-17965,Massachusetts,East,OFF-ST-10000918,32.7,3
425,CA-2017-155705,8/21/2017,NF-18385,Mississippi,South,FUR-CH-10000015,866.4,4
426,CA-2017-149160,11/23/2017,JM-15265,Michigan,Central,FUR-FU-10003347,28.4,2
427,CA-2017-149160,11/23/2017,JM-15265,Michigan,Central,OFF-BI-10001543,287.92,8
428,CA-2014-101476,9/12/2014,SD-20485,New York,East,TEC-MA-10000029,69.99,1
429,CA-2017-152275,10/1/2017,KH-16630,Texas,Central,OFF-AR-10000369,6.672,6
430,US-2016-123750,4/15/2016,RB-19795,North Carolina,South,OFF-BI-10004584,189.588,2
431,US-2016-123750,4/15/2016,RB-19795,North Carolina,South,TEC-AC-10004659,408.744,7
432,US-2016-123750,4/15/2016,RB-19795,North Carolina,South,TEC-AC-10004659,291.96,5
433,US-2016-123750,4/15/2016,RB-19795,North Carolina,South,OFF-ST-10000617,4.768,2
434,CA-2016-127369,6/6/2016,DB-13060,Massachusetts,East,OFF-ST-10003306,714.3,5
435,US-2014-150574,12/19/2014,MK-18160,Florida,South,OFF-BI-10000773,4.812,2
436,US-2014-150574,12/19/2014,MK-18160,Florida,South,TEC-AC-10002600,247.8,5
437,CA-2016-147375,6/12/2016,PO-19180,Illinois,Central,TEC-MA-10002937,1007.979,3
438,CA-2016-147375,6/12/2016,PO-19180,Illinois,Central,OFF-PA-10001970,313.488,7
439,CA-2017-130043,9/15/2017,BB-11545,Texas,Central,OFF-PA-10002230,31.872,8
440,CA-2017-157252,1/20/2017,CV-12805,New York,East,FUR-CH-10003396,207.846,3
441,CA-2016-115756,9/5/2016,PK-19075,Michigan,Central,FUR-FU-10000246,12.22,1
442,CA-2016-115756,9/5/2016,PK-19075,Michigan,Central,OFF-ST-10000060,194.94,3
443,CA-2016-115756,9/5/2016,PK-19075,Michigan,Central,OFF-ST-10003058,70.95,3
444,CA-2016-115756,9/5/2016,PK-19075,Michigan,Central,OFF-PA-10002222,91.36,4
445,CA-2016-115756,9/5/2016,PK-19075,Michigan,Central,FUR-CH-10002372,242.94,3
446,CA-2016-115756,9/5/2016,PK-19075,Michigan,Central,OFF-LA-10001317,22.05,7
447,CA-2017-154214,3/20/2017,TB-21595,Indiana,Central,FUR-FU-10000206,2.91,1
448,CA-2016-166674,4/1/2016,RB-19360,New York,East,OFF-AR-10000588,59.52,3
449,CA-2016-166674,4/1/2016,RB-19360,New York,East,OFF-ST-10001469,161.94,3
450,CA-2016-166674,4/1/2016,RB-19360,New York,East,OFF-AR-10001953,263.88,6
451,CA-2016-166674,4/1/2016,RB-19360,New York,East,OFF-AR-10003156,30.48,3
452,CA-2016-166674,4/1/2016,RB-19360,New York,East,OFF-AR-10004974,9.84,3
453,CA-2016-166674,4/1/2016,RB-19360,New York,East,TEC-PH-10002365,35.12,4
454,CA-2017-147277,10/20/2017,EB-13705,Ohio,East,FUR-TA-10001539,284.364,2
455,CA-2017-147277,10/20/2017,EB-13705,Ohio,East,OFF-ST-10000142,665.408,2
456,CA-2016-100153,12/13/2016,KH-16630,Oklahoma,Central,TEC-AC-10001772,63.88,4
457,US-2014-110674,2/12/2014,SC-20095,California,West,FUR-CH-10000225,129.568,2
458,US-2016-157945,9/26/2016,NF-18385,Illinois,Central,FUR-CH-10002331,747.558,3
459,US-2016-157945,9/26/2016,NF-18385,Illinois,Central,OFF-EN-10001415,8.928,2
460,CA-2015-109638,12/15/2015,JH-15985,Washington,West,OFF-AP-10002472,103.92,4
461,CA-2015-109638,12/15/2015,JH-15985,Washington,West,TEC-AC-10004571,899.91,9
462,CA-2015-109638,12/15/2015,JH-15985,Washington,West,OFF-BI-10001098,51.312,3
463,CA-2016-109869,4/22/2016,TN-21040,Arizona,West,FUR-FU-10000023,23.56,5
464,CA-2016-109869,4/22/2016,TN-21040,Arizona,West,FUR-TA-10001889,1272.63,6
465,CA-2016-109869,4/22/2016,TN-21040,Arizona,West,OFF-BI-10000315,28.485,5
466,CA-2016-109869,4/22/2016,TN-21040,Arizona,West,OFF-SU-10003505,185.376,2
467,CA-2016-109869,4/22/2016,TN-21040,Arizona,West,OFF-AP-10002578,78.272,2
468,US-2015-101399,1/17/2015,JS-15940,Illinois,Central,FUR-FU-10002918,254.744,7
469,CA-2017-154907,3/31/2017,DS-13180,Texas,Central,FUR-BO-10002824,205.3328,2
470,US-2016-100419,12/16/2016,CC-12670,Illinois,Central,OFF-BI-10002194,4.788,3
471,CA-2015-154144,12/20/2015,MH-17785,New York,East,OFF-PA-10004071,55.48,1
472,CA-2014-144666,11/9/2014,JP-15520,California,West,OFF-ST-10002743,340.92,3
473,CA-2014-144666,11/9/2014,JP-15520,California,West,FUR-BO-10001601,222.666,2
474,CA-2014-144666,11/9/2014,JP-15520,California,West,TEC-PH-10002680,703.968,4
475,CA-2014-144666,11/9/2014,JP-15520,California,West,OFF-ST-10001321,92.52,6
476,CA-2014-144666,11/9/2014,JP-15520,California,West,OFF-PA-10001509,62.65,7
477,CA-2014-144666,11/9/2014,JP-15520,California,West,OFF-PA-10003465,94.85,5
478,CA-2016-103891,7/12/2016,KH-16690,California,West,TEC-PH-10000149,95.76,6
479,CA-2016-152632,10/27/2016,JE-15475,New York,East,FUR-FU-10002671,40.2,3
480,CA-2016-100790,6/26/2016,JG-15805,New York,East,OFF-AR-10003045,14.7,5
481,CA-2016-100790,6/26/2016,JG-15805,New York,East,OFF-ST-10000689,704.25,5
482,CA-2014-134677,10/6/2014,XP-21865,California,West,TEC-AC-10001445,9.09,3
483,CA-2014-127691,7/22/2014,EM-14065,New York,East,OFF-AR-10002053,5.96,2
484,CA-2014-127691,7/22/2014,EM-14065,New York,East,TEC-AC-10002567,159.98,2
485,CA-2017-140963,6/10/2017,MT-18070,California,West,OFF-LA-10003923,29.6,2
486,CA-2017-140963,6/10/2017,MT-18070,California,West,FUR-BO-10001337,514.165,5
487,CA-2017-140963,6/10/2017,MT-18070,California,West,TEC-PH-10001924,279.96,5
488,CA-2014-154627,10/29/2014,SA-20830,Illinois,Central,TEC-PH-10001363,2735.952,6
489,CA-2014-133753,6/9/2014,CW-11905,Texas,Central,TEC-PH-10000376,7.992,1
490,CA-2014-133753,6/9/2014,CW-11905,Texas,Central,TEC-AC-10000303,63.984,2
491,CA-2014-133753,6/9/2014,CW-11905,Texas,Central,OFF-AR-10001953,70.368,2
492,CA-2014-113362,9/14/2014,AJ-10960,New York,East,OFF-ST-10001809,449.15,5
493,CA-2014-113362,9/14/2014,AJ-10960,New York,East,OFF-EN-10003845,11.07,3
494,CA-2016-169166,5/9/2016,SS-20590,Washington,West,TEC-AC-10000991,93.98,2
495,US-2016-120929,3/18/2016,RO-19780,Tennessee,South,FUR-TA-10001857,189.882,3
496,CA-2015-134782,12/27/2015,MD-17350,Arkansas,South,OFF-EN-10001434,105.42,2
497,CA-2016-126158,7/25/2016,SC-20095,California,West,OFF-BI-10002498,119.616,8
498,CA-2016-126158,7/25/2016,SC-20095,California,West,FUR-FU-10004864,255.76,4
499,CA-2016-126158,7/25/2016,SC-20095,California,West,FUR-CH-10002602,241.568,2
500,CA-2016-126158,7/25/2016,SC-20095,California,West,FUR-FU-10000073,69.3,9
501,US-2016-105578,5/30/2016,MY-17380,Colorado,West,OFF-BI-10001670,22.62,2
502,US-2016-105578,5/30/2016,MY-17380,Colorado,West,OFF-BI-10001658,14.952,2
503,US-2016-105578,5/30/2016,MY-17380,Colorado,West,FUR-CH-10001215,801.568,2
504,US-2016-105578,5/30/2016,MY-17380,Colorado,West,OFF-BI-10000831,2.376,3
505,US-2016-105578,5/30/2016,MY-17380,Colorado,West,OFF-PA-10000357,32.792,1
506,CA-2017-134978,11/12/2017,EB-13705,New York,East,OFF-BI-10003274,15.92,5
507,CA-2015-145352,3/16/2015,CM-12385,Georgia,South,OFF-AR-10001662,2.74,1
508,CA-2015-145352,3/16/2015,CM-12385,Georgia,South,OFF-AR-10003856,8.34,3
509,CA-2015-145352,3/16/2015,CM-12385,Georgia,South,OFF-ST-10001228,46.74,3
510,CA-2015-145352,3/16/2015,CM-12385,Georgia,South,OFF-BI-10003527,6354.95,5
511,CA-2017-135307,11/26/2017,LS-17245,Missouri,Central,FUR-FU-10001290,126.3,3
512,CA-2017-135307,11/26/2017,LS-17245,Missouri,Central,TEC-AC-10002399,38.04,2
513,CA-2016-106341,10/20/2016,LF-17185,Ohio,East,OFF-AR-10002053,7.152,3
514,CA-2017-163405,12/21/2017,BN-11515,California,West,OFF-AR-10003811,6.63,3
515,CA-2017-163405,12/21/2017,BN-11515,California,West,OFF-AR-10001246,5.88,2
516,CA-2017-127432,1/22/2017,AD-10180,Montana,West,TEC-CO-10003236,2999.95,5
517,CA-2017-127432,1/22/2017,AD-10180,Montana,West,OFF-ST-10004507,51.45,3
518,CA-2017-127432,1/22/2017,AD-10180,Montana,West,OFF-PA-10001667,11.96,2
519,CA-2017-127432,1/22/2017,AD-10180,Montana,West,OFF-ST-10004459,1126.02,3
520,CA-2015-157812,3/22/2015,DB-13210,Texas,Central,TEC-AC-10000171,18.392,1
521,CA-2015-157812,3/22/2015,DB-13210,Texas,Central,OFF-ST-10000736,129.568,2
522,CA-2015-157812,3/22/2015,DB-13210,Texas,Central,OFF-BI-10000285,14.112,9
523,CA-2017-145142,1/23/2017,MC-17605,Michigan,Central,FUR-TA-10001857,210.98,2
524,US-2016-139486,5/21/2016,LH-17155,California,West,TEC-PH-10003555,55.176,3
525,US-2016-139486,5/21/2016,LH-17155,California,West,TEC-AC-10003832,66.26,2
526,CA-2015-158792,12/26/2015,BD-11605,Massachusetts,East,OFF-FA-10002815,22.2,5
527,CA-2017-113558,10/21/2017,PH-18790,Florida,South,FUR-CH-10003379,683.952,3
528,CA-2017-113558,10/21/2017,PH-18790,Florida,South,FUR-FU-10001756,45.696,3
529,US-2015-138303,9/3/2015,MG-18145,Pennsylvania,East,OFF-ST-10004963,36.336,3
530,US-2015-138303,9/3/2015,MG-18145,Pennsylvania,East,OFF-SU-10002881,666.248,1
531,US-2015-138303,9/3/2015,MG-18145,Pennsylvania,East,OFF-EN-10001335,52.512,6
532,CA-2015-102848,11/7/2015,KB-16240,California,West,FUR-CH-10000595,190.72,1
533,US-2017-129441,9/7/2017,JC-15340,California,West,FUR-FU-10000448,47.94,3
534,CA-2016-168753,5/29/2016,RL-19615,Alabama,South,TEC-PH-10000984,979.95,5
535,CA-2016-168753,5/29/2016,RL-19615,Alabama,South,OFF-BI-10002557,22.75,5
536,CA-2016-126613,7/10/2016,AA-10375,Arizona,West,OFF-ST-10001325,16.768,2
537,US-2017-122637,9/3/2017,EP-13915,Illinois,Central,OFF-BI-10002429,42.616,7
538,CA-2015-147851,12/3/2015,MP-17470,New York,East,OFF-BI-10004528,10.752,4
539,CA-2015-134894,12/7/2015,DK-12985,Kentucky,South,OFF-AP-10001271,152.94,3
540,CA-2015-134894,12/7/2015,DK-12985,Kentucky,South,FUR-CH-10002647,283.92,4
541,CA-2014-140795,2/1/2014,BD-11500,Wisconsin,Central,TEC-AC-10001432,468.9,6
542,CA-2016-136924,7/14/2016,ES-14080,Arizona,West,TEC-PH-10002262,380.864,8
543,US-2015-120161,12/18/2015,LM-17065,Ohio,East,OFF-ST-10001809,646.776,9
544,CA-2014-103849,5/11/2014,PG-18895,Texas,Central,TEC-AC-10001465,58.112,2
545,CA-2014-103849,5/11/2014,PG-18895,Texas,Central,TEC-PH-10002597,100.792,1
546,CA-2014-103849,5/11/2014,PG-18895,Texas,Central,FUR-FU-10000723,66.112,4
547,CA-2017-162929,11/19/2017,AS-10135,New York,East,OFF-BI-10000404,41.28,6
548,CA-2017-162929,11/19/2017,AS-10135,New York,East,OFF-PA-10002986,13.36,2
549,CA-2015-113173,11/15/2015,DK-13225,Illinois,Central,OFF-ST-10000604,250.272,9
550,CA-2015-113173,11/15/2015,DK-13225,Illinois,Central,OFF-BI-10004738,11.364,3
551,CA-2015-113173,11/15/2015,DK-13225,Illinois,Central,OFF-SU-10001935,8.72,5
552,CA-2016-136406,4/15/2016,BD-11320,California,West,FUR-CH-10002024,1121.568,2
553,CA-2017-112774,9/11/2017,RC-19960,Florida,South,FUR-FU-10003039,34.504,1
554,CA-2017-101945,11/24/2017,GT-14710,Texas,Central,OFF-FA-10004248,10.824,3
555,CA-2017-100650,6/29/2017,DK-13225,California,West,OFF-ST-10001780,1295.78,2
556,CA-2014-155852,3/3/2014,AJ-10945,North Carolina,South,OFF-AR-10003560,19.456,4
557,CA-2016-113243,6/10/2016,OT-18730,California,West,OFF-LA-10001297,20.7,2
558,CA-2016-113243,6/10/2016,OT-18730,California,West,FUR-TA-10004256,1335.68,4
559,CA-2016-113243,6/10/2016,OT-18730,California,West,OFF-PA-10003441,32.4,5
560,CA-2017-118731,11/20/2017,LP-17080,California,West,FUR-FU-10003347,42.6,3
561,CA-2017-118731,11/20/2017,LP-17080,California,West,OFF-BI-10000069,84.056,7
562,CA-2014-145576,9/14/2014,CA-12775,Florida,South,OFF-AP-10003914,13,5
563,CA-2014-145576,9/14/2014,CA-12775,Florida,South,FUR-FU-10004020,13.128,3
564,CA-2015-130736,12/7/2015,JF-15490,Washington,West,OFF-FA-10003467,3.96,2
565,CA-2015-130736,12/7/2015,JF-15490,Washington,West,OFF-LA-10000634,2.61,1
566,CA-2017-137099,12/7/2017,FP-14320,California,West,TEC-PH-10002496,374.376,3
567,CA-2017-156951,10/1/2017,EB-13840,Washington,West,OFF-PA-10004530,91.84,8
568,CA-2017-156951,10/1/2017,EB-13840,Washington,West,OFF-BI-10001107,81.088,7
569,CA-2017-156951,10/1/2017,EB-13840,Washington,West,OFF-PA-10004451,19.44,3
570,CA-2017-156951,10/1/2017,EB-13840,Washington,West,FUR-CH-10004997,451.152,3
571,CA-2017-164826,12/28/2017,JF-15415,New York,East,OFF-LA-10001297,72.45,7
572,CA-2017-164826,12/28/2017,JF-15415,New York,East,OFF-FA-10000585,13.96,4
573,CA-2017-164826,12/28/2017,JF-15415,New York,East,OFF-BI-10001922,33.264,7
574,CA-2017-164826,12/28/2017,JF-15415,New York,East,TEC-PH-10000347,14.85,3
575,CA-2016-127250,11/3/2016,SF-20200,Washington,West,OFF-AR-10003394,8.82,3
576,CA-2015-149713,9/18/2015,TG-21640,California,West,OFF-PA-10004530,160.72,14
577,CA-2015-149713,9/18/2015,TG-21640,California,West,OFF-PA-10001450,19.92,4
578,CA-2015-149713,9/18/2015,TG-21640,California,West,OFF-SU-10001574,7.3,2
579,CA-2017-118640,7/20/2017,CS-11950,Illinois,Central,OFF-ST-10002974,69.712,2
580,CA-2017-118640,7/20/2017,CS-11950,Illinois,Central,FUR-FU-10001475,8.792,1
581,CA-2015-132906,9/10/2015,CC-12145,California,West,OFF-SU-10004498,51.52,4
582,CA-2017-145233,12/1/2017,DV-13465,Colorado,West,TEC-PH-10004977,470.376,3
583,CA-2017-145233,12/1/2017,DV-13465,Colorado,West,TEC-PH-10000586,105.584,2
584,CA-2017-145233,12/1/2017,DV-13465,Colorado,West,OFF-AP-10000358,31.152,3
585,CA-2017-145233,12/1/2017,DV-13465,Colorado,West,OFF-BI-10002764,6.783,7
586,CA-2017-145233,12/1/2017,DV-13465,Colorado,West,TEC-PH-10001254,406.368,4
587,CA-2015-128139,7/3/2015,BD-11725,Kentucky,South,FUR-CH-10003956,70.98,1
588,CA-2015-128139,7/3/2015,BD-11725,Kentucky,South,OFF-LA-10003930,294.93,3
589,US-2016-156986,3/20/2016,ZC-21910,Oregon,West,TEC-PH-10003800,84.784,2
590,US-2016-156986,3/20/2016,ZC-21910,Oregon,West,OFF-PA-10002005,20.736,4
591,US-2016-156986,3/20/2016,ZC-21910,Oregon,West,OFF-BI-10002498,16.821,3
592,US-2016-156986,3/20/2016,ZC-21910,Oregon,West,OFF-PA-10004101,10.368,2
593,CA-2014-135405,1/9/2014,MS-17830,Texas,Central,OFF-AR-10004078,9.344,2
594,CA-2014-135405,1/9/2014,MS-17830,Texas,Central,TEC-AC-10001266,31.2,3
595,CA-2014-131450,8/8/2014,LR-16915,California,West,OFF-AP-10004708,76.12,2
596,CA-2014-131450,8/8/2014,LR-16915,California,West,TEC-CO-10004115,1199.976,3
597,CA-2014-131450,8/8/2014,LR-16915,California,West,TEC-PH-10002398,445.96,5
598,CA-2014-131450,8/8/2014,LR-16915,California,West,FUR-FU-10001979,327.76,8
599,CA-2016-120180,7/14/2016,TP-21130,Pennsylvania,East,OFF-SU-10004115,11.632,2
600,US-2016-100720,7/16/2016,CK-12205,Pennsylvania,East,TEC-PH-10001425,143.982,3
601,US-2016-100720,7/16/2016,CK-12205,Pennsylvania,East,TEC-PH-10003963,494.376,4
602,US-2016-100720,7/16/2016,CK-12205,Pennsylvania,East,OFF-SU-10001574,5.84,2
603,CA-2014-149958,3/15/2014,AS-10240,Florida,South,OFF-ST-10001490,142.776,1
604,CA-2014-149958,3/15/2014,AS-10240,Florida,South,FUR-FU-10001756,45.696,3
605,CA-2014-149958,3/15/2014,AS-10240,Florida,South,OFF-BI-10000773,7.218,3
606,CA-2014-149958,3/15/2014,AS-10240,Florida,South,OFF-BI-10001543,43.188,4
607,CA-2014-149958,3/15/2014,AS-10240,Florida,South,OFF-PA-10002120,131.904,3
608,US-2014-105767,5/23/2014,AR-10510,Pennsylvania,East,OFF-BI-10000848,3.282,2
609,US-2014-105767,5/23/2014,AR-10510,Pennsylvania,East,OFF-AR-10001246,21.168,9
610,US-2014-105767,5/23/2014,AR-10510,Pennsylvania,East,TEC-PH-10003092,55.188,2
611,CA-2016-161816,4/28/2016,NB-18655,Texas,Central,TEC-PH-10003012,369.576,3
612,CA-2016-161816,4/28/2016,NB-18655,Texas,Central,OFF-LA-10004345,15.712,4
613,CA-2016-121223,9/11/2016,GD-14590,Pennsylvania,East,OFF-PA-10001204,8.448,2
614,CA-2016-121223,9/11/2016,GD-14590,Pennsylvania,East,TEC-PH-10004667,728.946,9
615,CA-2017-138611,11/14/2017,CK-12595,Ohio,East,TEC-PH-10000011,119.94,10
616,CA-2017-138611,11/14/2017,CK-12595,Ohio,East,OFF-BI-10002949,3.648,2
617,CA-2017-117947,8/18/2017,NG-18355,New York,East,FUR-FU-10003849,40.48,2
618,CA-2017-117947,8/18/2017,NG-18355,New York,East,FUR-FU-10000010,9.94,2
619,CA-2017-117947,8/18/2017,NG-18355,New York,East,OFF-BI-10002824,107.424,9
620,CA-2017-117947,8/18/2017,NG-18355,New York,East,TEC-PH-10002538,37.91,1
621,CA-2017-117947,8/18/2017,NG-18355,New York,East,FUR-FU-10000521,88.02,3
622,US-2014-111171,12/26/2014,CA-12265,Illinois,Central,OFF-BI-10002103,8.69,5
623,CA-2015-138009,11/29/2015,SF-20965,Michigan,Central,FUR-CH-10004853,301.96,2
624,CA-2015-138009,11/29/2015,SF-20965,Michigan,Central,OFF-AP-10000179,555.21,5
625,CA-2015-138009,11/29/2015,SF-20965,Michigan,Central,OFF-ST-10001272,523.48,4
626,CA-2015-138009,11/29/2015,SF-20965,Michigan,Central,OFF-AR-10004042,161.82,9
627,CA-2017-163020,9/15/2017,MO-17800,New York,East,FUR-FU-10000221,35.56,7
628,CA-2017-153787,5/19/2017,AT-10735,Washington,West,OFF-AP-10001563,97.16,2
629,CA-2017-133431,12/17/2017,LC-17140,California,West,OFF-BI-10000605,15.24,5
630,CA-2017-133431,12/17/2017,LC-17140,California,West,OFF-PA-10002615,13.23,3
631,US-2016-135720,12/11/2016,FM-14380,Colorado,West,OFF-ST-10001963,243.384,3
632,US-2016-135720,12/11/2016,FM-14380,Colorado,West,TEC-AC-10001267,119.8,5
633,US-2016-135720,12/11/2016,FM-14380,Colorado,West,TEC-PH-10002103,300.768,4
634,CA-2017-144694,9/24/2017,BD-11605,Florida,South,TEC-AC-10002857,17.88,3
635,CA-2017-144694,9/24/2017,BD-11605,Florida,South,OFF-LA-10003930,235.944,3
636,CA-2015-168004,10/4/2015,DJ-13420,Georgia,South,FUR-CH-10001482,392.94,3
637,US-2016-123470,8/15/2016,ME-17725,Colorado,West,OFF-BI-10001989,18.882,3
638,US-2016-123470,8/15/2016,ME-17725,Colorado,West,OFF-AP-10003287,122.328,3
639,CA-2016-115917,5/20/2016,RB-19465,California,West,FUR-FU-10000576,1049.2,5
640,CA-2016-115917,5/20/2016,RB-19465,California,West,OFF-BI-10004728,15.424,4
641,CA-2016-147067,12/18/2016,JD-16150,Minnesota,Central,FUR-FU-10000732,18.84,3
642,CA-2017-167913,7/30/2017,JL-15835,California,West,OFF-ST-10000585,330.4,2
643,CA-2017-167913,7/30/2017,JL-15835,California,West,OFF-LA-10002787,26.25,7
644,CA-2017-106103,6/10/2017,SC-20305,Michigan,Central,TEC-AC-10003832,132.52,4
645,US-2017-127719,7/21/2017,TW-21025,New Jersey,East,OFF-PA-10001934,6.48,1
646,CA-2017-126221,12/30/2017,CC-12430,Indiana,Central,OFF-AP-10002457,209.3,2
647,CA-2016-103947,4/1/2016,BB-10990,Arizona,West,OFF-FA-10003112,31.56,5
648,CA-2016-103947,4/1/2016,BB-10990,Arizona,West,OFF-AP-10002350,30.144,2
649,CA-2016-160745,12/11/2016,AR-10825,Washington,West,FUR-FU-10001935,14.8,4
650,CA-2016-160745,12/11/2016,AR-10825,Washington,West,TEC-PH-10003273,302.376,3
651,CA-2016-160745,12/11/2016,AR-10825,Washington,West,TEC-AC-10001142,316,4
652,CA-2016-132661,10/23/2016,SR-20740,New York,East,OFF-PA-10000482,379.4,10
653,CA-2017-140844,6/19/2017,AR-10405,New York,East,OFF-PA-10003892,97.82,2
654,CA-2017-140844,6/19/2017,AR-10405,New York,East,TEC-AC-10001101,103.12,8
655,CA-2016-137239,8/22/2016,CR-12730,Ohio,East,OFF-AP-10002439,113.552,2
656,CA-2016-137239,8/22/2016,CR-12730,Ohio,East,OFF-BI-10002827,3.318,2
657,CA-2016-137239,8/22/2016,CR-12730,Ohio,East,OFF-EN-10002230,134.288,2
658,US-2016-156097,9/19/2016,EH-14125,Illinois,Central,FUR-CH-10001215,701.372,2
659,US-2016-156097,9/19/2016,EH-14125,Illinois,Central,OFF-BI-10004654,2.308,2
660,CA-2015-146563,8/24/2015,CB-12025,Texas,Central,OFF-ST-10001490,999.432,7
661,CA-2015-146563,8/24/2015,CB-12025,Texas,Central,OFF-ST-10001511,724.08,14
662,CA-2015-146563,8/24/2015,CB-12025,Texas,Central,FUR-TA-10001768,918.785,5
663,CA-2015-146563,8/24/2015,CB-12025,Texas,Central,OFF-BI-10003981,2.724,3
664,CA-2016-123666,3/26/2016,SP-20545,New York,East,OFF-ST-10001522,459.95,5
665,CA-2016-143308,11/4/2016,RC-19825,Kentucky,South,OFF-FA-10000621,10.74,3
666,CA-2017-132682,6/8/2017,TH-21235,Texas,Central,OFF-SU-10004231,23.76,3
667,CA-2017-132682,6/8/2017,TH-21235,Texas,Central,OFF-PA-10000474,85.056,3
668,CA-2017-132682,6/8/2017,TH-21235,Texas,Central,TEC-PH-10004042,381.576,3
669,CA-2014-156314,12/24/2014,RP-19390,Ohio,East,FUR-FU-10003096,30.36,5
670,US-2017-106663,6/9/2017,MO-17800,Illinois,Central,FUR-FU-10002759,23.976,3
671,US-2017-106663,6/9/2017,MO-17800,Illinois,Central,FUR-TA-10000688,108.925,1
672,US-2017-106663,6/9/2017,MO-17800,Illinois,Central,OFF-PA-10002377,36.352,8
673,CA-2017-111178,6/15/2017,TD-20995,Illinois,Central,OFF-AR-10001954,19.56,5
674,CA-2017-130351,12/5/2017,RB-19570,Indiana,Central,OFF-AP-10004532,61.44,3
675,CA-2017-130351,12/5/2017,RB-19570,Indiana,Central,OFF-PA-10002137,38.9,5
676,CA-2017-130351,12/5/2017,RB-19570,Indiana,Central,TEC-AC-10003832,99.39,3
677,US-2017-119438,3/18/2017,CD-11980,Texas,Central,OFF-AP-10000804,2.688,3
678,US-2017-119438,3/18/2017,CD-11980,Texas,Central,TEC-AC-10003614,27.816,3
679,US-2017-119438,3/18/2017,CD-11980,Texas,Central,FUR-FU-10003553,82.524,3
680,US-2017-119438,3/18/2017,CD-11980,Texas,Central,OFF-BI-10004632,182.994,3
681,CA-2016-164511,11/19/2016,DJ-13630,New York,East,OFF-BI-10003305,14.352,3
682,CA-2016-164511,11/19/2016,DJ-13630,New York,East,OFF-ST-10002583,64.96,2
683,CA-2016-164511,11/19/2016,DJ-13630,New York,East,OFF-ST-10004507,68.6,4
684,US-2017-168116,11/4/2017,GT-14635,North Carolina,South,TEC-MA-10004125,7999.98,4
685,US-2017-168116,11/4/2017,GT-14635,North Carolina,South,OFF-AP-10002457,167.44,2
686,CA-2014-157784,7/5/2014,MC-17845,Mississippi,South,TEC-AC-10003911,479.97,3
687,CA-2014-157784,7/5/2014,MC-17845,Mississippi,South,OFF-LA-10001934,14.62,2
688,CA-2014-157784,7/5/2014,MC-17845,Mississippi,South,OFF-PA-10000304,19.44,3
689,CA-2017-161480,12/25/2017,RA-19285,New York,East,FUR-BO-10004015,191.984,2
690,US-2014-117135,6/21/2014,NP-18325,Virginia,South,FUR-FU-10004071,104.01,1
691,US-2014-117135,6/21/2014,NP-18325,Virginia,South,TEC-PH-10002033,284.82,1
692,US-2014-117135,6/21/2014,NP-18325,Virginia,South,OFF-ST-10002444,36.84,3
693,CA-2015-131534,3/28/2015,AB-10165,California,West,TEC-AC-10002253,166.24,1
694,CA-2015-131534,3/28/2015,AB-10165,California,West,OFF-PA-10000743,33.4,5
695,CA-2015-119291,5/14/2015,JO-15550,Pennsylvania,East,OFF-AR-10003373,198.272,8
696,CA-2015-119291,5/14/2015,JO-15550,Pennsylvania,East,OFF-LA-10002312,47.36,4
697,CA-2015-119291,5/14/2015,JO-15550,Pennsylvania,East,OFF-EN-10000927,200.984,7
698,CA-2015-119291,5/14/2015,JO-15550,Pennsylvania,East,OFF-LA-10003510,97.696,4
699,CA-2015-119291,5/14/2015,JO-15550,Pennsylvania,East,OFF-AR-10001118,2.696,1
700,CA-2015-119291,5/14/2015,JO-15550,Pennsylvania,East,OFF-BI-10001575,18.588,2
701,CA-2015-119291,5/14/2015,JO-15550,Pennsylvania,East,OFF-BI-10001982,4.896,3
702,CA-2017-114552,9/2/2017,Dl-13600,Ohio,East,FUR-FU-10002960,15.072,3
703,CA-2016-163755,11/4/2016,AS-10285,Washington,West,FUR-FU-10003394,209.88,3
704,CA-2015-142027,4/9/2015,JK-15370,California,West,FUR-TA-10002774,369.912,3
705,CA-2014-138527,9/12/2014,BN-11470,North Carolina,South,OFF-PA-10001800,10.368,2
706,CA-2014-138527,9/12/2014,BN-11470,North Carolina,South,OFF-AP-10001469,166.84,5
707,CA-2014-138527,9/12/2014,BN-11470,North Carolina,South,TEC-AC-10002399,15.216,1
708,CA-2014-112158,12/2/2014,DP-13165,New York,East,TEC-AC-10003628,119.96,4
709,CA-2014-112158,12/2/2014,DP-13165,New York,East,FUR-BO-10003272,883.92,5
710,CA-2014-112158,12/2/2014,DP-13165,New York,East,OFF-BI-10000050,46.72,8
711,CA-2014-113887,4/5/2014,TH-21550,New York,East,OFF-PA-10004071,55.48,1
712,CA-2017-146136,9/3/2017,AP-10915,Florida,South,OFF-EN-10001219,24.448,4
713,US-2017-100048,5/19/2017,RS-19765,New York,East,OFF-AP-10001154,281.34,6
714,US-2017-100048,5/19/2017,RS-19765,New York,East,TEC-PH-10003012,307.98,2
715,US-2017-100048,5/19/2017,RS-19765,New York,East,TEC-AC-10001606,299.97,3
716,CA-2014-153150,7/1/2014,Dl-13600,Washington,West,OFF-BI-10003355,19.92,5
717,CA-2014-130092,1/11/2014,SV-20365,Delaware,East,FUR-FU-10000010,9.94,2
718,CA-2017-108910,9/24/2017,KC-16540,Ohio,East,FUR-FU-10002253,103.056,3
719,CA-2014-104472,6/2/2014,CK-12325,Utah,West,OFF-BI-10001658,59.808,3
720,CA-2014-104472,6/2/2014,CK-12325,Utah,West,FUR-FU-10000246,73.32,6
721,CA-2016-112942,2/13/2016,RD-19810,California,West,OFF-PA-10004092,146.82,3
722,CA-2016-142335,12/15/2016,MP-17965,Michigan,Central,FUR-TA-10000198,1652.94,3
723,CA-2016-142335,12/15/2016,MP-17965,Michigan,Central,OFF-ST-10000036,296.37,3
724,CA-2014-117429,10/7/2014,MR-17545,Pennsylvania,East,FUR-FU-10000222,129.92,5
725,CA-2016-114713,7/7/2016,SC-20695,Florida,South,OFF-SU-10004664,45.584,7
726,CA-2017-144113,9/16/2017,JF-15355,Texas,Central,OFF-EN-10001141,17.568,2
727,CA-2017-144113,9/16/2017,JF-15355,Texas,Central,TEC-PH-10002170,55.992,1
728,US-2016-150861,12/3/2016,EG-13900,New York,East,OFF-PA-10001954,182.72,8
729,US-2016-150861,12/3/2016,EG-13900,New York,East,FUR-TA-10002228,400.032,2
730,US-2016-150861,12/3/2016,EG-13900,New York,East,OFF-ST-10004634,33.63,3
731,US-2016-150861,12/3/2016,EG-13900,New York,East,FUR-CH-10002965,542.646,3
732,US-2016-150861,12/3/2016,EG-13900,New York,East,OFF-LA-10001317,6.3,2
733,CA-2017-131954,1/21/2017,DS-13030,Washington,West,OFF-ST-10000736,242.94,3
734,CA-2017-131954,1/21/2017,DS-13030,Washington,West,TEC-AC-10003610,179.97,3
735,CA-2017-131954,1/21/2017,DS-13030,Washington,West,OFF-BI-10003982,99.696,6
736,CA-2017-131954,1/21/2017,DS-13030,Washington,West,OFF-BI-10003291,27.936,4
737,CA-2017-131954,1/21/2017,DS-13030,Washington,West,FUR-BO-10001619,84.98,1
738,CA-2017-131954,1/21/2017,DS-13030,Washington,West,OFF-BI-10000138,18.72,5
739,CA-2014-132500,9/8/2014,GZ-14470,California,West,TEC-AC-10001383,49.98,2
740,CA-2014-112326,1/4/2014,PO-19195,Illinois,Central,OFF-LA-10003223,11.784,3
741,CA-2014-112326,1/4/2014,PO-19195,Illinois,Central,OFF-ST-10002743,272.736,3
742,CA-2014-112326,1/4/2014,PO-19195,Illinois,Central,OFF-BI-10004094,3.54,2
743,US-2016-146710,8/27/2016,SS-20875,Texas,Central,OFF-SU-10004498,51.52,5
744,US-2016-146710,8/27/2016,SS-20875,Texas,Central,OFF-PA-10002615,3.528,1
745,US-2016-146710,8/27/2016,SS-20875,Texas,Central,OFF-PA-10004971,4.624,1
746,US-2016-146710,8/27/2016,SS-20875,Texas,Central,OFF-SU-10004261,55.168,4
747,CA-2014-124429,5/27/2014,MH-17785,California,West,FUR-TA-10002607,567.12,10
748,CA-2014-124429,5/27/2014,MH-17785,California,West,OFF-ST-10001809,359.32,4
749,CA-2016-150889,3/20/2016,PB-19105,Illinois,Central,TEC-PH-10000004,11.992,1
750,CA-2017-126074,10/2/2017,RF-19735,Michigan,Central,OFF-BI-10003638,58.05,3
751,CA-2017-126074,10/2/2017,RF-19735,Michigan,Central,FUR-FU-10003577,157.74,11
752,CA-2017-126074,10/2/2017,RF-19735,Michigan,Central,OFF-AR-10003478,56.98,7
753,CA-2017-126074,10/2/2017,RF-19735,Michigan,Central,OFF-BI-10000546,2.88,1
754,CA-2016-110499,4/7/2016,YC-21895,California,West,TEC-CO-10002095,1199.976,3
755,CA-2015-135272,12/7/2015,MS-17830,California,West,FUR-FU-10002759,79.92,4
756,CA-2016-140928,9/18/2016,NB-18655,Florida,South,FUR-TA-10001095,383.438,4
757,CA-2014-106803,12/29/2014,DC-13285,Minnesota,Central,OFF-ST-10002444,24.56,2
758,CA-2014-106803,12/29/2014,DC-13285,Minnesota,Central,TEC-AC-10001267,119.8,4
759,CA-2017-117240,7/23/2017,CP-12340,New York,East,OFF-BI-10000848,13.128,3
760,CA-2017-133333,9/18/2017,BF-11020,Wisconsin,Central,OFF-PA-10002377,22.72,4
761,CA-2015-112319,8/31/2015,AR-10510,California,West,OFF-PA-10003441,58.32,9
762,CA-2017-126046,11/3/2017,JC-16105,Georgia,South,OFF-LA-10004484,12.39,3
763,CA-2015-114923,2/8/2015,LH-17020,Ohio,East,TEC-PH-10003931,107.982,3
764,CA-2014-162775,1/13/2014,CS-12250,Louisiana,South,OFF-EN-10001990,11.36,2
765,CA-2014-162775,1/13/2014,CS-12250,Louisiana,South,OFF-EN-10001532,50.94,3
766,CA-2014-162775,1/13/2014,CS-12250,Louisiana,South,TEC-AC-10003174,646.74,6
767,CA-2014-162775,1/13/2014,CS-12250,Louisiana,South,OFF-BI-10004187,5.64,3
768,CA-2014-162775,1/13/2014,CS-12250,Louisiana,South,OFF-ST-10000025,572.58,6
769,CA-2014-106810,5/14/2014,AJ-10795,Florida,South,FUR-FU-10004306,310.88,2
770,CA-2016-157245,5/19/2016,LE-16810,Virginia,South,FUR-CH-10003746,641.96,2
771,CA-2017-104220,1/30/2017,BV-11245,Iowa,Central,OFF-BI-10001036,18.28,2
772,CA-2017-104220,1/30/2017,BV-11245,Iowa,Central,TEC-PH-10004614,207,3
773,CA-2017-104220,1/30/2017,BV-11245,Iowa,Central,OFF-BI-10000301,32.35,5
774,CA-2017-104220,1/30/2017,BV-11245,Iowa,Central,OFF-BI-10003910,7.71,1
775,CA-2017-104220,1/30/2017,BV-11245,Iowa,Central,OFF-AR-10004648,40.3,2
776,CA-2017-104220,1/30/2017,BV-11245,Iowa,Central,FUR-FU-10002597,34.58,7
777,CA-2014-165974,6/29/2014,DL-12865,Ohio,East,OFF-AR-10003405,32.76,7
778,CA-2015-144267,8/21/2015,NZ-18565,California,West,FUR-CH-10002335,544.008,3
779,CA-2015-144267,8/21/2015,NZ-18565,California,West,OFF-PA-10000157,59.94,3
780,CA-2015-144267,8/21/2015,NZ-18565,California,West,OFF-PA-10001947,23.92,4
781,CA-2015-144267,8/21/2015,NZ-18565,California,West,OFF-PA-10003657,4.28,1
782,US-2015-157014,10/3/2015,BM-11785,Ohio,East,OFF-BI-10001098,32.07,5
783,US-2015-157014,10/3/2015,BM-11785,Ohio,East,TEC-AC-10002167,24,2
784,US-2015-157014,10/3/2015,BM-11785,Ohio,East,FUR-BO-10004409,35.49,1
785,US-2015-157014,10/3/2015,BM-11785,Ohio,East,TEC-AC-10000057,47.984,2
786,CA-2015-154921,5/23/2015,EA-14035,South Carolina,South,OFF-EN-10000056,186.69,3
787,CA-2017-129567,3/17/2017,CL-12565,California,West,OFF-BI-10000014,17.456,2
788,CA-2015-154620,12/12/2015,LT-17110,California,West,FUR-CH-10004675,348.928,2
789,CA-2015-115938,6/26/2015,SA-20830,Virginia,South,OFF-BI-10001543,143.96,4
790,CA-2015-115938,6/26/2015,SA-20830,Virginia,South,OFF-ST-10001321,15.42,1
791,CA-2015-115938,6/26/2015,SA-20830,Virginia,South,OFF-BI-10001132,43.04,8
792,CA-2015-115938,6/26/2015,SA-20830,Virginia,South,FUR-CH-10003199,332.94,3
793,CA-2016-105256,5/20/2016,JK-15730,North Carolina,South,TEC-PH-10001530,1363.96,5
794,CA-2014-156433,9/20/2014,ES-14020,California,West,OFF-LA-10001569,9.96,2
795,CA-2014-156433,9/20/2014,ES-14020,California,West,OFF-PA-10003724,21.72,4
796,CA-2017-151428,9/21/2017,RH-19495,Minnesota,Central,OFF-BI-10000546,20.16,7
797,CA-2015-124653,12/24/2015,DB-13120,New York,East,OFF-PA-10000176,132.79,7
798,CA-2015-124653,12/24/2015,DB-13120,New York,East,OFF-PA-10002365,12.96,2
799,CA-2015-124653,12/24/2015,DB-13120,New York,East,OFF-LA-10002271,21.56,7
800,CA-2015-101910,11/27/2015,CD-11920,California,West,FUR-CH-10002647,283.92,5
801,CA-2017-105809,2/20/2017,HW-14935,California,West,FUR-FU-10004090,22.23,1
802,CA-2017-105809,2/20/2017,HW-14935,California,West,TEC-PH-10001580,215.968,2
803,CA-2016-136133,8/18/2016,HW-14935,New York,East,OFF-AP-10000576,355.32,9
804,CA-2016-115504,3/12/2016,MC-18130,Louisiana,South,OFF-PA-10003953,12.96,2
805,CA-2017-135783,4/22/2017,GM-14440,California,West,FUR-FU-10000794,18.28,2
806,CA-2014-134313,11/1/2014,RA-19915,Colorado,West,OFF-AR-10001897,43.176,3
807,CA-2014-134313,11/1/2014,RA-19915,Colorado,West,TEC-PH-10001795,1983.968,4
808,CA-2015-140921,2/3/2015,AA-10375,Nebraska,Central,FUR-FU-10003347,28.4,2
809,CA-2015-140921,2/3/2015,AA-10375,Nebraska,Central,TEC-AC-10004901,149.97,3
810,CA-2014-151995,10/13/2014,ZC-21910,Washington,West,OFF-AR-10003190,11.52,4
811,CA-2014-151995,10/13/2014,ZC-21910,Washington,West,FUR-TA-10002903,1298.55,5
812,CA-2014-151995,10/13/2014,ZC-21910,Washington,West,OFF-AP-10000240,213.92,4
813,CA-2014-151995,10/13/2014,ZC-21910,Washington,West,TEC-AC-10001101,25.78,2
814,CA-2017-143686,5/14/2017,PJ-19015,California,West,FUR-FU-10000794,18.28,2
815,CA-2017-143686,5/14/2017,PJ-19015,California,West,TEC-AC-10001838,1399.93,7
816,CA-2015-106565,3/20/2015,BW-11110,Wisconsin,Central,OFF-PA-10000061,51.84,8
817,CA-2016-149370,9/15/2016,DB-13210,Pennsylvania,East,OFF-PA-10003651,5.344,1
818,CA-2014-140858,6/28/2014,CA-12775,Pennsylvania,East,OFF-PA-10000304,41.472,8
819,CA-2014-140858,6/28/2014,CA-12775,Pennsylvania,East,OFF-BI-10003094,3.168,3
820,CA-2014-140858,6/28/2014,CA-12775,Pennsylvania,East,FUR-CH-10001394,1228.465,5
821,CA-2014-140858,6/28/2014,CA-12775,Pennsylvania,East,OFF-BI-10004230,31.086,3
822,CA-2014-140858,6/28/2014,CA-12775,Pennsylvania,East,OFF-PA-10003395,335.52,4
823,CA-2017-101434,6/20/2017,TR-21325,New Jersey,East,TEC-AC-10002402,239.97,3
824,CA-2017-101434,6/20/2017,TR-21325,New Jersey,East,OFF-LA-10003223,9.82,2
825,US-2014-102071,5/9/2014,PG-18820,California,West,TEC-AC-10003441,67.8,4
826,US-2014-102071,5/9/2014,PG-18820,California,West,TEC-AC-10000109,167.97,3
827,CA-2017-126956,8/21/2017,GT-14710,Minnesota,Central,OFF-FA-10002280,35,7
828,CA-2017-126956,8/21/2017,GT-14710,Minnesota,Central,OFF-SU-10000381,37.24,4
829,CA-2017-126956,8/21/2017,GT-14710,Minnesota,Central,OFF-EN-10004459,15.28,2
830,CA-2017-129462,6/16/2017,JE-15745,Kentucky,South,FUR-CH-10000665,301.96,2
831,CA-2017-129462,6/16/2017,JE-15745,Kentucky,South,OFF-AP-10003884,180.66,3
832,CA-2017-129462,6/16/2017,JE-15745,Kentucky,South,TEC-PH-10001557,191.98,2
833,CA-2017-129462,6/16/2017,JE-15745,Kentucky,South,TEC-PH-10002085,65.99,1
834,CA-2016-165316,7/23/2016,JB-15400,Florida,South,OFF-AR-10002956,35.216,2
835,CA-2016-165316,7/23/2016,JB-15400,Florida,South,OFF-AP-10003266,23.696,2
836,CA-2016-165316,7/23/2016,JB-15400,Florida,South,TEC-MA-10004002,265.475,1
837,US-2014-115987,9/8/2014,LH-17020,Texas,Central,OFF-BI-10001071,51.184,4
838,US-2017-156083,11/4/2017,JL-15175,Tennessee,South,OFF-PA-10001560,9.664,2
839,US-2016-137547,3/7/2016,EB-13705,Texas,Central,TEC-PH-10002365,21.072,3
840,CA-2015-100454,11/20/2015,BM-11650,New York,East,OFF-AR-10004648,60.45,3
841,CA-2015-100454,11/20/2015,BM-11650,New York,East,OFF-AR-10002578,11.52,4
842,CA-2015-100454,11/20/2015,BM-11650,New York,East,FUR-BO-10001519,186.048,4
843,CA-2016-161669,11/7/2016,EM-14095,California,West,OFF-BI-10001294,37.44,4
844,CA-2016-161669,11/7/2016,EM-14095,California,West,OFF-BI-10001636,26.976,4
845,CA-2016-161669,11/7/2016,EM-14095,California,West,OFF-SU-10002503,11.36,2
846,CA-2016-161669,11/7/2016,EM-14095,California,West,OFF-LA-10004093,14.62,2
847,CA-2015-114300,10/13/2015,AF-10885,Kentucky,South,TEC-PH-10001552,83.72,7
848,CA-2015-114300,10/13/2015,AF-10885,Kentucky,South,FUR-CH-10001891,287.94,3
849,CA-2017-107503,1/1/2017,GA-14725,Ohio,East,FUR-FU-10003878,48.896,4
850,CA-2014-107755,2/7/2014,CK-12760,New Jersey,East,TEC-AC-10000710,115.36,7
851,CA-2016-152534,6/20/2016,DP-13105,California,West,OFF-AR-10002335,5.16,2
852,CA-2016-152534,6/20/2016,DP-13105,California,West,OFF-PA-10001870,38.88,6
853,CA-2016-113747,5/28/2016,VD-21670,Mississippi,South,OFF-AR-10003373,185.88,6
854,CA-2016-123274,2/19/2016,GT-14710,New York,East,FUR-FU-10004090,44.46,2
855,CA-2016-123274,2/19/2016,GT-14710,New York,East,OFF-ST-10000736,242.94,3
856,CA-2014-125612,8/3/2014,BK-11260,New York,East,OFF-PA-10001019,39.96,2
857,CA-2014-125612,8/3/2014,BK-11260,New York,East,OFF-SU-10002537,102.3,10
858,CA-2014-125612,8/3/2014,BK-11260,New York,East,OFF-ST-10003221,21.36,2
859,CA-2017-161984,4/10/2017,SJ-20125,New Jersey,East,OFF-PA-10004569,7.61,1
860,CA-2017-161984,4/10/2017,SJ-20125,New Jersey,East,OFF-FA-10000624,7.16,2
861,CA-2014-133851,6/9/2014,CM-12445,California,West,OFF-SU-10001225,7.36,2
862,CA-2014-133851,6/9/2014,CM-12445,California,West,OFF-AR-10003752,23.1,2
863,CA-2016-134474,1/5/2016,AJ-10795,Florida,South,TEC-AC-10001714,191.472,6
864,CA-2016-134474,1/5/2016,AJ-10795,Florida,South,OFF-AR-10003958,5.248,2
865,CA-2016-134474,1/5/2016,AJ-10795,Florida,South,TEC-PH-10002923,59.184,2
866,CA-2014-149020,1/10/2014,AJ-10780,Virginia,South,OFF-LA-10004272,2.89,1
867,CA-2014-149020,1/10/2014,AJ-10780,Virginia,South,FUR-FU-10000965,51.94,1
868,CA-2016-134362,9/29/2016,LS-16945,Pennsylvania,East,OFF-LA-10004853,15.936,4
869,CA-2014-136742,4/6/2014,GP-14740,Pennsylvania,East,OFF-BI-10003719,44.91,6
870,CA-2016-158099,9/3/2016,PK-18910,Pennsylvania,East,OFF-BI-10000545,1141.47,5
871,CA-2016-158099,9/3/2016,PK-18910,Pennsylvania,East,TEC-PH-10002496,280.782,3
872,CA-2015-131128,10/19/2015,TB-21520,New Hampshire,East,OFF-PA-10003591,34.44,3
873,CA-2014-148488,12/10/2014,SM-20005,New York,East,OFF-PA-10004470,11.36,2
874,CA-2014-148488,12/10/2014,SM-20005,New York,East,OFF-BI-10000315,106.344,7
875,CA-2017-114636,8/25/2017,GA-14725,North Carolina,South,OFF-PA-10001790,192.16,5
876,CA-2016-116736,1/17/2016,CC-12430,New Hampshire,East,FUR-FU-10004017,322.59,3
877,CA-2016-116736,1/17/2016,CC-12430,New Hampshire,East,TEC-AC-10003628,29.99,1
878,CA-2016-116736,1/17/2016,CC-12430,New Hampshire,East,TEC-AC-10002049,371.97,3
879,US-2014-158638,9/17/2014,AG-10765,Pennsylvania,East,OFF-BI-10003712,5.892,4
880,CA-2017-111689,11/30/2017,HP-14815,New York,East,OFF-BI-10003984,68.472,3
881,CA-2017-111689,11/30/2017,HP-14815,New York,East,FUR-CH-10004287,1242.9,5
882,CA-2015-129098,10/9/2015,DK-13090,Virginia,South,OFF-ST-10001321,30.84,2
883,US-2017-123463,12/23/2017,GZ-14470,California,West,OFF-AR-10001118,13.48,4
884,CA-2016-165148,10/22/2016,PM-19135,Michigan,Central,FUR-FU-10000732,31.4,5
885,CA-2014-134061,4/29/2014,LL-16840,New York,East,FUR-FU-10001424,17.46,2
886,CA-2015-143602,4/25/2015,JS-15595,California,West,OFF-BI-10002071,13.944,3
887,CA-2017-115364,6/26/2017,OT-18730,California,West,OFF-ST-10002486,83.76,12
888,CA-2017-150707,10/14/2017,EL-13735,Maryland,East,OFF-BI-10001078,37.66,7
889,CA-2014-104976,12/9/2014,CK-12760,California,West,OFF-PA-10003845,34.68,6
890,CA-2017-132934,6/20/2017,JE-15475,New York,East,TEC-AC-10000927,149.95,5
891,CA-2017-132934,6/20/2017,JE-15475,New York,East,OFF-BI-10001098,51.312,3
892,CA-2017-133256,6/26/2017,TH-21550,Michigan,Central,OFF-PA-10001622,4.54,1
893,CA-2017-133256,6/26/2017,TH-21550,Michigan,Central,OFF-AR-10003158,15.92,4
894,CA-2017-133256,6/26/2017,TH-21550,Michigan,Central,TEC-PH-10002660,543.92,8
895,CA-2016-105494,11/10/2016,PC-18745,California,West,OFF-ST-10002205,155.82,7
896,CA-2016-105494,11/10/2016,PC-18745,California,West,OFF-BI-10003364,70.008,3
897,CA-2016-140634,10/3/2016,HL-15040,Texas,Central,OFF-EN-10001099,15.648,2
898,CA-2014-144407,9/9/2014,MS-17365,Michigan,Central,OFF-LA-10003923,103.6,7
899,CA-2017-160983,10/29/2017,GB-14530,New York,East,OFF-PA-10002250,46.96,8
900,US-2016-114622,4/10/2016,JR-16210,Ohio,East,OFF-BI-10004716,8.904,2
901,CA-2017-150959,11/11/2017,TD-20995,Texas,Central,OFF-LA-10001045,10.44,5
902,CA-2017-150959,11/11/2017,TD-20995,Texas,Central,OFF-BI-10001510,18.336,4
903,CA-2017-132353,9/15/2017,DB-13060,Illinois,Central,TEC-PH-10004536,323.976,3
904,CA-2016-130477,4/8/2016,LC-17140,California,West,OFF-PA-10002947,20.04,3
905,CA-2016-130477,4/8/2016,LC-17140,California,West,OFF-ST-10002583,64.96,2
906,CA-2016-130477,4/8/2016,LC-17140,California,West,OFF-PA-10000019,12.96,2
907,CA-2017-143259,12/30/2017,PO-18865,New York,East,FUR-BO-10003441,323.136,4
908,CA-2017-143259,12/30/2017,PO-18865,New York,East,TEC-PH-10004774,90.93,7
909,CA-2017-143259,12/30/2017,PO-18865,New York,East,OFF-BI-10003684,52.776,3
910,CA-2017-137596,9/2/2017,BE-11335,Michigan,Central,TEC-PH-10001494,1199.8,4
911,CA-2017-137596,9/2/2017,BE-11335,Michigan,Central,TEC-AC-10004666,1928.78,7
912,CA-2017-137596,9/2/2017,BE-11335,Michigan,Central,OFF-ST-10003816,352.38,2
913,CA-2015-133627,5/31/2015,SC-20050,Connecticut,East,FUR-FU-10001935,22.2,6
914,CA-2017-102519,11/27/2017,BM-11650,Wisconsin,Central,FUR-FU-10004091,46.94,1
915,CA-2017-102519,11/27/2017,BM-11650,Wisconsin,Central,TEC-AC-10001772,143.73,9
916,US-2014-141215,6/15/2014,KL-16555,Texas,Central,FUR-TA-10001520,99.918,2
917,US-2014-141215,6/15/2014,KL-16555,Texas,Central,FUR-CH-10003379,797.944,4
918,US-2014-141215,6/15/2014,KL-16555,Texas,Central,OFF-BI-10002706,8.568,3
919,CA-2016-165218,3/5/2016,RW-19630,Texas,Central,OFF-EN-10000056,149.352,3
920,CA-2016-165218,3/5/2016,RW-19630,Texas,Central,OFF-ST-10001558,12.992,1
921,CA-2014-138296,12/5/2014,RC-19825,Virginia,South,OFF-ST-10002444,24.56,2
922,CA-2015-111164,4/11/2015,SE-20110,New York,East,TEC-AC-10002473,85.14,3
923,CA-2015-111164,4/11/2015,SE-20110,New York,East,TEC-PH-10004531,21.99,1
924,CA-2015-111164,4/11/2015,SE-20110,New York,East,OFF-AP-10004487,406.6,5
925,CA-2016-149797,9/15/2016,AH-10075,New York,East,OFF-BI-10003650,841.568,2
926,CA-2014-132962,9/13/2014,JM-15535,Pennsylvania,East,OFF-PA-10003543,15.552,3
927,CA-2014-132962,9/13/2014,JM-15535,Pennsylvania,East,TEC-AC-10004353,252,5
928,CA-2015-115091,10/5/2015,JJ-15760,Virginia,South,OFF-AR-10000658,46.2,4
929,CA-2015-115091,10/5/2015,JJ-15760,Virginia,South,OFF-AP-10000696,28.84,2
930,CA-2017-144932,4/14/2017,AB-10165,Ohio,East,OFF-AR-10003560,14.592,3
931,CA-2017-144932,4/14/2017,AB-10165,Ohio,East,OFF-AR-10001468,89.856,3
932,CA-2017-144932,4/14/2017,AB-10165,Ohio,East,OFF-PA-10004971,13.872,3
933,CA-2017-114216,9/2/2017,RK-19300,Pennsylvania,East,OFF-PA-10002195,12.192,3
934,CA-2016-140081,6/20/2016,CG-12040,Pennsylvania,East,OFF-PA-10001745,45.056,8
935,CA-2016-140081,6/20/2016,CG-12040,Pennsylvania,East,OFF-BI-10004826,29.718,6
936,CA-2016-140081,6/20/2016,CG-12040,Pennsylvania,East,OFF-PA-10001870,15.552,3
937,CA-2016-140081,6/20/2016,CG-12040,Pennsylvania,East,OFF-AP-10001058,447.696,2
938,US-2017-111745,11/5/2017,RA-19885,New Mexico,West,TEC-AC-10003911,159.99,1
939,CA-2015-148250,12/13/2015,RP-19270,California,West,OFF-PA-10000289,12.96,2
940,CA-2015-148250,12/13/2015,RP-19270,California,West,OFF-AP-10003040,134.48,4
941,CA-2016-105760,6/19/2016,KC-16255,California,West,OFF-PA-10000350,17.12,2
942,CA-2016-142958,12/13/2016,RW-19630,California,West,OFF-BI-10001759,6.096,2
943,CA-2016-142958,12/13/2016,RW-19630,California,West,FUR-TA-10000577,1114.272,4
944,CA-2015-120880,5/29/2015,JL-15850,Washington,West,OFF-PA-10004101,32.4,5
945,CA-2015-120880,5/29/2015,JL-15850,Washington,West,OFF-ST-10001496,540.57,3
946,CA-2015-120880,5/29/2015,JL-15850,Washington,West,OFF-BI-10002931,167.76,5
947,US-2015-140200,7/26/2015,CA-12775,Arizona,West,FUR-TA-10002356,393.165,3
948,US-2017-110576,11/28/2017,RB-19795,Pennsylvania,East,FUR-FU-10003601,516.488,7
949,US-2017-110576,11/28/2017,RB-19795,Pennsylvania,East,FUR-FU-10000576,1007.232,6
950,US-2017-110576,11/28/2017,RB-19795,Pennsylvania,East,FUR-TA-10004154,2065.32,12
951,US-2017-110576,11/28/2017,RB-19795,Pennsylvania,East,OFF-PA-10000788,15.552,3
952,US-2017-110576,11/28/2017,RB-19795,Pennsylvania,East,OFF-PA-10002479,25.344,6
953,CA-2017-131156,4/3/2017,KH-16360,Pennsylvania,East,FUR-FU-10001940,25.472,4
954,CA-2017-136539,12/28/2017,GH-14665,Texas,Central,OFF-AR-10001958,27.168,2
955,CA-2017-136539,12/28/2017,GH-14665,Texas,Central,FUR-BO-10004709,78.8528,2
956,CA-2017-119305,11/30/2017,SW-20275,Mississippi,South,OFF-ST-10000604,173.8,5
957,CA-2017-102414,5/15/2017,JA-15970,Arizona,West,TEC-PH-10002923,29.592,1
958,CA-2017-102414,5/15/2017,JA-15970,Arizona,West,OFF-BI-10004465,4.752,2
959,CA-2017-102414,5/15/2017,JA-15970,Arizona,West,OFF-PA-10002333,15.552,3
960,CA-2015-112571,9/22/2015,DL-12925,California,West,FUR-FU-10004188,204.6,2
961,CA-2017-152142,11/14/2017,LW-16990,California,West,FUR-CH-10002965,321.568,2
962,CA-2015-160059,11/27/2015,TB-21190,Arkansas,South,OFF-BI-10000145,6.24,2
963,CA-2016-120859,9/1/2016,CV-12805,California,West,OFF-EN-10001335,21.88,2
964,CA-2014-127488,9/22/2014,MS-17365,Florida,South,OFF-LA-10001613,4.608,2
965,CA-2017-135279,4/9/2017,BS-11800,New York,East,OFF-LA-10004055,9.82,2
966,CA-2017-135279,4/9/2017,BS-11800,New York,East,OFF-AR-10004344,35.97,3
967,CA-2017-135279,4/9/2017,BS-11800,New York,East,OFF-PA-10004621,12.96,2
968,CA-2017-135279,4/9/2017,BS-11800,New York,East,OFF-PA-10001281,191.6,4
969,CA-2017-135279,4/9/2017,BS-11800,New York,East,OFF-LA-10001613,8.64,3
970,CA-2017-135279,4/9/2017,BS-11800,New York,East,OFF-ST-10001097,501.81,3
971,CA-2014-115791,1/16/2014,DL-13315,Pennsylvania,East,FUR-FU-10001095,127.104,6
972,CA-2014-115791,1/16/2014,DL-13315,Pennsylvania,East,TEC-PH-10004614,124.2,3
973,CA-2014-115791,1/16/2014,DL-13315,Pennsylvania,East,OFF-BI-10001575,18.588,2
974,CA-2014-115791,1/16/2014,DL-13315,Pennsylvania,East,OFF-LA-10001074,30.072,3
975,US-2017-103247,10/5/2017,PO-19195,New York,East,TEC-PH-10003555,160.93,7
976,US-2017-103247,10/5/2017,PO-19195,New York,East,OFF-BI-10004492,75.792,3
977,US-2017-100209,7/9/2017,TD-20995,Oregon,West,OFF-BI-10002012,1.08,2
978,CA-2017-159366,1/7/2017,BW-11110,Michigan,Central,TEC-MA-10000822,3059.982,2
979,CA-2016-145499,5/30/2016,RW-19690,North Carolina,South,OFF-BI-10000848,3.282,2
980,CA-2015-157035,12/9/2015,KB-16600,Indiana,Central,OFF-PA-10004156,34.02,3
981,CA-2016-144939,10/3/2016,EB-13870,New York,East,FUR-CH-10003199,599.292,6
982,CA-2014-163419,11/11/2014,TZ-21580,Colorado,West,OFF-AR-10000034,3.392,1
983,CA-2014-163419,11/11/2014,TZ-21580,Colorado,West,TEC-PH-10000560,559.984,2
984,CA-2014-163419,11/11/2014,TZ-21580,Colorado,West,FUR-CH-10000665,603.92,5
985,CA-2017-100314,9/29/2017,AS-10630,Texas,Central,OFF-LA-10001569,7.968,2
986,CA-2017-100314,9/29/2017,AS-10630,Texas,Central,OFF-EN-10000461,27.968,4
987,CA-2017-100314,9/29/2017,AS-10630,Texas,Central,TEC-MA-10003066,336.51,3
988,CA-2015-146829,3/10/2015,TS-21340,Texas,Central,OFF-BI-10004022,1.112,2
989,CA-2017-167899,5/21/2017,JG-15805,New York,East,FUR-FU-10004071,520.05,5
990,CA-2017-167899,5/21/2017,JG-15805,New York,East,OFF-AR-10001988,17.97,3
991,CA-2015-153549,3/29/2015,SL-20155,Florida,South,FUR-CH-10004086,1166.92,5
992,CA-2016-110023,9/9/2016,TS-21610,New York,East,OFF-BI-10001036,14.624,2
993,CA-2016-105585,8/26/2016,RF-19735,California,West,OFF-FA-10002983,10.23,3
994,CA-2016-105585,8/26/2016,RF-19735,California,West,OFF-PA-10003625,154.9,5
995,CA-2014-117639,5/21/2014,MW-18235,Virginia,South,OFF-BI-10003925,2715.93,7
996,CA-2014-117639,5/21/2014,MW-18235,Virginia,South,TEC-PH-10001530,617.97,3
997,CA-2015-162537,10/28/2015,RD-19585,Kentucky,South,OFF-EN-10003862,10.67,1
998,CA-2015-162537,10/28/2015,RD-19585,Kentucky,South,OFF-ST-10004258,36.63,3
999,CA-2015-162537,10/28/2015,RD-19585,Kentucky,South,FUR-FU-10002885,24.1,5
1000,CA-2015-162537,10/28/2015,RD-19585,Kentucky,South,FUR-FU-10001918,33.11,7
1001,CA-2016-155488,11/13/2016,FM-14290,Washington,West,OFF-AR-10002956,44.02,2
1002,CA-2015-124891,7/31/2015,RH-19495,New York,East,TEC-AC-10003033,2309.65,7
1003,CA-2015-124891,7/31/2015,RH-19495,New York,East,FUR-TA-10002903,1090.782,7
1004,CA-2015-124891,7/31/2015,RH-19495,New York,East,OFF-PA-10004621,19.44,3
1005,CA-2015-126445,8/27/2015,RA-19945,California,West,OFF-ST-10000046,484.65,3
1006,CA-2015-111199,11/13/2015,JK-15730,North Carolina,South,OFF-PA-10001790,115.296,3
1007,CA-2015-105312,11/6/2015,MT-17815,Arizona,West,OFF-EN-10002600,7.08,3
1008,CA-2015-105312,11/6/2015,MT-17815,Arizona,West,OFF-BI-10002049,4.401,3
1009,US-2017-106705,12/26/2017,PO-18850,Iowa,Central,OFF-PA-10001509,44.75,5
1010,CA-2017-135034,8/1/2017,AT-10735,Illinois,Central,TEC-PH-10003931,95.984,2
1011,CA-2014-158540,11/24/2014,VG-21790,California,West,FUR-FU-10001602,151.72,4
1012,CA-2017-118437,6/17/2017,PF-19165,Washington,West,FUR-FU-10004848,155.25,3
1013,CA-2017-118437,6/17/2017,PF-19165,Washington,West,OFF-ST-10003722,14.03,1
1014,US-2015-126214,12/21/2015,JS-15880,Washington,West,FUR-TA-10003748,1618.37,13
1015,US-2015-126214,12/21/2015,JS-15880,Washington,West,TEC-AC-10003198,99.6,1
1016,CA-2015-133025,9/17/2015,MO-17800,California,West,OFF-PA-10004100,32.4,5
1017,CA-2015-108665,7/6/2015,KM-16225,New York,East,FUR-FU-10002191,13.96,2
1018,CA-2015-108665,7/6/2015,KM-16225,New York,East,FUR-FU-10000965,155.82,3
1019,CA-2015-108665,7/6/2015,KM-16225,New York,East,TEC-PH-10004188,124.95,5
1020,CA-2015-108665,7/6/2015,KM-16225,New York,East,OFF-ST-10001526,601.65,5
1021,CA-2015-124450,4/27/2015,GT-14710,District of Columbia,East,OFF-AR-10001166,22.74,3
1022,CA-2015-124450,4/27/2015,GT-14710,District of Columbia,East,FUR-CH-10000309,1267.53,3
1023,CA-2015-124450,4/27/2015,GT-14710,District of Columbia,East,TEC-MA-10004212,1379.92,8
1024,CA-2015-167269,6/16/2015,PB-19150,Pennsylvania,East,OFF-EN-10003072,6.208,2
1025,CA-2017-106964,12/17/2017,HR-14770,California,West,OFF-BI-10000320,11.808,2
1026,CA-2016-126529,1/11/2016,DE-13255,Ohio,East,OFF-PA-10001166,15.552,3
1027,CA-2016-126529,1/11/2016,DE-13255,Ohio,East,OFF-PA-10003656,63.312,3
1028,CA-2016-126529,1/11/2016,DE-13255,Ohio,East,TEC-PH-10000148,15.588,2
1029,CA-2014-163552,7/11/2014,LA-16780,New Jersey,East,OFF-PA-10000474,177.2,5
1030,CA-2014-163552,7/11/2014,LA-16780,New Jersey,East,TEC-PH-10003885,197.97,3
1031,CA-2014-163552,7/11/2014,LA-16780,New Jersey,East,FUR-CH-10003379,854.94,3
1032,CA-2014-163552,7/11/2014,LA-16780,New Jersey,East,FUR-FU-10000629,124.11,9
1033,CA-2014-163552,7/11/2014,LA-16780,New Jersey,East,OFF-LA-10001175,14.4,5
1034,CA-2016-109820,11/20/2016,AG-10390,Ohio,East,OFF-PA-10000955,15.696,3
1035,CA-2016-109820,11/20/2016,AG-10390,Ohio,East,OFF-BI-10003460,2.628,2
1036,CA-2016-109820,11/20/2016,AG-10390,Ohio,East,OFF-BI-10000474,14.427,3
1037,CA-2016-113061,4/22/2016,EL-13735,Missouri,Central,FUR-FU-10003975,86.62,2
1038,CA-2015-127418,6/13/2015,JJ-15445,California,West,OFF-BI-10003707,36.624,3
1039,CA-2017-121818,11/20/2017,JH-15430,North Carolina,South,OFF-AR-10000203,23.968,7
1040,CA-2017-121818,11/20/2017,JH-15430,North Carolina,South,OFF-AR-10004790,28.728,3
1041,CA-2016-127670,3/20/2016,RD-19660,Missouri,Central,FUR-TA-10001095,697.16,4
1042,CA-2016-102981,9/6/2016,MO-17500,New York,East,TEC-AC-10004761,31.86,2
1043,CA-2016-102981,9/6/2016,MO-17500,New York,East,FUR-BO-10001811,722.352,3
1044,CA-2017-115651,7/9/2017,NS-18640,Illinois,Central,OFF-AR-10001130,8.84,5
1045,CA-2017-115651,7/9/2017,NS-18640,Illinois,Central,OFF-AP-10000055,58.464,9
1046,CA-2017-152702,10/12/2017,SN-20710,Illinois,Central,FUR-CH-10002304,254.604,14
1047,CA-2016-169103,3/8/2016,ZC-21910,Florida,South,TEC-PH-10001530,1363.96,5
1048,CA-2016-169103,3/8/2016,ZC-21910,Florida,South,FUR-FU-10004006,102.36,3
1049,CA-2014-139192,5/27/2014,LC-16885,California,West,TEC-PH-10000486,1113.504,12
1050,CA-2014-139192,5/27/2014,LC-16885,California,West,TEC-AC-10001606,99.99,1
1051,US-2015-153500,7/3/2015,DG-13300,Pennsylvania,East,FUR-FU-10000293,168.464,2
1052,US-2015-153500,7/3/2015,DG-13300,Pennsylvania,East,OFF-PA-10001307,6.72,2
1053,US-2015-153500,7/3/2015,DG-13300,Pennsylvania,East,FUR-FU-10004460,282.888,9
1054,CA-2015-110667,4/4/2015,NF-18595,New York,East,OFF-AR-10000716,11.16,2
1055,CA-2015-110667,4/4/2015,NF-18595,New York,East,FUR-FU-10004622,108.4,2
1056,CA-2015-110667,4/4/2015,NF-18595,New York,East,OFF-BI-10002735,82.344,3
1057,CA-2015-110667,4/4/2015,NF-18595,New York,East,OFF-BI-10003529,9.088,4
1058,CA-2017-167150,12/10/2017,BP-11185,California,West,OFF-BI-10001097,19.936,4
1059,CA-2017-167150,12/10/2017,BP-11185,California,West,OFF-BI-10001597,65.568,2
1060,CA-2016-105284,11/24/2016,MG-17650,Pennsylvania,East,OFF-FA-10001754,4.416,3
1061,US-2015-125374,3/23/2015,JD-16060,Texas,Central,FUR-CH-10003396,107.772,2
1062,CA-2015-161263,4/16/2015,TS-21160,Ohio,East,OFF-AP-10002350,45.216,3
1063,CA-2015-161263,4/16/2015,TS-21160,Ohio,East,OFF-FA-10004838,10.416,7
1064,CA-2015-161263,4/16/2015,TS-21160,Ohio,East,OFF-AR-10004757,7.872,3
1065,CA-2015-161263,4/16/2015,TS-21160,Ohio,East,TEC-PH-10002115,118.782,3
1066,CA-2015-161263,4/16/2015,TS-21160,Ohio,East,OFF-FA-10003059,1.448,1
1067,CA-2015-161263,4/16/2015,TS-21160,Ohio,East,OFF-BI-10004330,55.47,5
1068,CA-2016-157686,10/1/2016,BD-11620,California,West,FUR-CH-10001146,194.848,4
1069,US-2017-139955,9/28/2017,CM-12160,Texas,Central,OFF-SU-10001935,1.744,1
1070,US-2015-150161,7/25/2015,RB-19795,Pennsylvania,East,OFF-BI-10001524,25.176,4
1071,CA-2015-144652,11/20/2015,SN-20560,California,West,OFF-AR-10003732,19.46,7
1072,CA-2016-152814,4/28/2016,EH-14005,Colorado,West,OFF-PA-10001970,29.472,3
1073,CA-2017-106943,11/14/2017,FO-14305,New York,East,OFF-BI-10003669,8.64,2
1074,CA-2016-134348,11/12/2016,MS-17710,Arizona,West,OFF-BI-10003727,6.27,5
1075,CA-2016-134348,11/12/2016,MS-17710,Arizona,West,OFF-BI-10004967,4.368,7
1076,CA-2016-134348,11/12/2016,MS-17710,Arizona,West,TEC-AC-10003447,31.984,2
1077,CA-2016-161781,9/29/2016,CC-12100,Indiana,Central,OFF-AR-10000255,40.88,7
1078,CA-2017-132521,9/23/2017,DW-13540,Washington,West,OFF-AP-10002191,119.96,2
1079,CA-2017-132521,9/23/2017,DW-13540,Washington,West,OFF-ST-10001325,31.44,3
1080,CA-2017-132521,9/23/2017,DW-13540,Washington,West,OFF-BI-10000404,6.88,1
1081,CA-2015-110016,11/29/2015,BT-11395,Michigan,Central,OFF-PA-10000349,19.92,4
1082,CA-2015-110016,11/29/2015,BT-11395,Michigan,Central,FUR-CH-10002880,1106.91,9
1083,US-2016-143819,3/1/2016,KD-16270,New York,East,FUR-TA-10001095,836.592,8
1084,US-2016-143819,3/1/2016,KD-16270,New York,East,OFF-PA-10003127,26.38,1
1085,US-2016-143819,3/1/2016,KD-16270,New York,East,OFF-ST-10003208,362.92,2
1086,US-2016-143819,3/1/2016,KD-16270,New York,East,TEC-MA-10003979,4899.93,7
1087,CA-2016-167584,8/12/2016,LC-16870,Iowa,Central,OFF-PA-10000029,6.48,1
1088,CA-2016-166163,8/15/2016,CY-12745,California,West,TEC-PH-10004896,71.976,3
1089,CA-2016-166163,8/15/2016,CY-12745,California,West,OFF-LA-10000452,3.15,1
1090,CA-2017-158407,6/4/2017,LW-16990,North Carolina,South,FUR-FU-10001967,31.984,2
1091,CA-2017-158407,6/4/2017,LW-16990,North Carolina,South,TEC-PH-10001819,71.984,2
1092,CA-2015-143490,12/6/2015,NP-18325,California,West,OFF-AR-10002952,120.15,9
1093,CA-2015-143490,12/6/2015,NP-18325,California,West,TEC-PH-10000576,219.184,2
1094,CA-2015-165085,12/27/2015,BT-11485,Maryland,East,OFF-PA-10000605,28.9,5
1095,CA-2015-165085,12/27/2015,BT-11485,Maryland,East,OFF-AP-10002518,355.96,2
1096,CA-2017-160423,1/21/2017,PS-19045,North Carolina,South,OFF-ST-10004340,348.208,7
1097,CA-2017-160423,1/21/2017,PS-19045,North Carolina,South,OFF-BI-10004001,35.784,7
1098,CA-2014-159338,6/25/2014,NS-18640,California,West,FUR-TA-10004147,447.84,5
1099,CA-2016-107216,6/14/2016,PV-18985,California,West,OFF-AR-10001545,7.04,4
1100,CA-2016-107216,6/14/2016,PV-18985,California,West,FUR-FU-10000206,8.73,3
1101,CA-2016-107216,6/14/2016,PV-18985,California,West,TEC-AC-10001013,29.29,1
1102,CA-2016-107216,6/14/2016,PV-18985,California,West,OFF-AR-10002255,8.64,3
1103,US-2017-145863,4/21/2017,RP-19390,Texas,Central,OFF-BI-10004140,2.694,3
1104,US-2017-145863,4/21/2017,RP-19390,Texas,Central,OFF-BI-10002049,2.934,3
1105,CA-2016-112340,10/21/2016,NM-18520,California,West,OFF-PA-10001892,22.92,3
1106,US-2016-110156,11/19/2016,EH-13945,Texas,Central,OFF-ST-10000642,100.704,6
1107,US-2016-110156,11/19/2016,EH-13945,Texas,Central,FUR-FU-10000206,2.328,2
1108,US-2016-110156,11/19/2016,EH-13945,Texas,Central,OFF-BI-10003676,10.78,5
1109,US-2016-110156,11/19/2016,EH-13945,Texas,Central,OFF-FA-10003495,58.368,12
1110,US-2016-110156,11/19/2016,EH-13945,Texas,Central,OFF-EN-10003798,40.968,3
1111,US-2016-110156,11/19/2016,EH-13945,Texas,Central,TEC-PH-10003589,71.96,5
1112,US-2016-110156,11/19/2016,EH-13945,Texas,Central,OFF-PA-10004735,10.368,2
1113,US-2016-110156,11/19/2016,EH-13945,Texas,Central,OFF-BI-10002609,1.192,2
1114,CA-2017-140585,12/18/2017,RA-19915,California,West,OFF-BI-10003364,46.672,2
1115,CA-2017-140585,12/18/2017,RA-19915,California,West,FUR-BO-10002206,119.833,1
1116,CA-2017-140585,12/18/2017,RA-19915,California,West,TEC-AC-10003610,119.98,2
1117,CA-2016-144855,7/22/2016,DL-13495,California,West,OFF-LA-10003766,6.3,2
1118,CA-2015-142755,9/4/2015,CS-12355,Georgia,South,OFF-PA-10001970,279.9,5
1119,CA-2015-142755,9/4/2015,CS-12355,Georgia,South,TEC-AC-10002049,619.95,5
1120,CA-2015-142755,9/4/2015,CS-12355,Georgia,South,OFF-PA-10000141,4.36,2
1121,CA-2015-142755,9/4/2015,CS-12355,Georgia,South,OFF-EN-10004459,15.28,2
1122,US-2014-147627,1/20/2014,HL-15040,Arkansas,South,TEC-PH-10001061,699.93,7
1123,US-2014-147627,1/20/2014,HL-15040,Arkansas,South,OFF-AR-10002375,22.96,7
1124,US-2014-147627,1/20/2014,HL-15040,Arkansas,South,FUR-FU-10003194,38.6,4
1125,US-2014-147627,1/20/2014,HL-15040,Arkansas,South,OFF-AR-10003811,6.63,3
1126,US-2014-147627,1/20/2014,HL-15040,Arkansas,South,OFF-EN-10001539,23.34,3
1127,US-2014-147627,1/20/2014,HL-15040,Arkansas,South,FUR-CH-10002331,1067.94,3
1128,CA-2015-105970,3/2/2015,PA-19060,Indiana,Central,OFF-AR-10003156,10.16,1
1129,CA-2015-105970,3/2/2015,PA-19060,Indiana,Central,OFF-EN-10001532,101.88,6
1130,CA-2016-112102,4/12/2016,BD-11605,Virginia,South,FUR-TA-10004086,343.92,4
1131,CA-2016-112102,4/12/2016,BD-11605,Virginia,South,OFF-PA-10000100,40.99,1
1132,CA-2016-112102,4/12/2016,BD-11605,Virginia,South,OFF-EN-10002500,63.9,5
1133,US-2016-114776,12/6/2016,GG-14650,California,West,OFF-PA-10004100,19.44,3
1134,US-2016-134908,6/5/2016,JS-15940,Pennsylvania,East,OFF-ST-10003479,124.608,4
1135,US-2016-134908,6/5/2016,JS-15940,Pennsylvania,East,OFF-LA-10000973,7.56,3
1136,US-2016-148803,12/11/2016,LR-16915,Florida,South,OFF-ST-10001476,85.224,3
1137,CA-2016-152170,11/12/2016,FH-14275,Indiana,Central,OFF-EN-10002831,287.52,8
1138,CA-2016-152170,11/12/2016,FH-14275,Indiana,Central,OFF-AP-10002350,37.68,2
1139,CA-2016-152170,11/12/2016,FH-14275,Indiana,Central,OFF-PA-10001763,19.98,2
1140,CA-2016-152170,11/12/2016,FH-14275,Indiana,Central,OFF-AR-10003394,20.58,7
1141,CA-2016-152170,11/12/2016,FH-14275,Indiana,Central,OFF-BI-10002072,17.38,2
1142,CA-2014-146969,9/29/2014,AP-10915,California,West,FUR-FU-10004188,204.6,2
1143,CA-2014-146969,9/29/2014,AP-10915,California,West,OFF-FA-10001561,8.72,4
1144,CA-2014-146969,9/29/2014,AP-10915,California,West,OFF-PA-10002105,6.48,1
1145,CA-2014-146969,9/29/2014,AP-10915,California,West,TEC-MA-10004241,686.32,2
1146,CA-2014-146969,9/29/2014,AP-10915,California,West,OFF-ST-10004340,62.18,1
1147,CA-2015-112452,4/4/2015,NC-18340,Michigan,Central,OFF-AP-10003849,644.076,2
1148,CA-2015-112452,4/4/2015,NC-18340,Michigan,Central,OFF-FA-10000735,5.84,2
1149,CA-2015-112452,4/4/2015,NC-18340,Michigan,Central,OFF-BI-10003350,12.76,2
1150,CA-2015-112452,4/4/2015,NC-18340,Michigan,Central,TEC-PH-10000307,10.95,1
1151,CA-2015-112452,4/4/2015,NC-18340,Michigan,Central,TEC-CO-10004202,599.98,2
1152,CA-2015-113971,5/8/2015,CB-12535,Ohio,East,FUR-FU-10001852,8.352,6
1153,CA-2017-160395,12/31/2016,KL-16555,Nevada,West,OFF-AR-10003759,3.64,2
1154,CA-2017-160395,12/31/2016,KL-16555,Nevada,West,OFF-BI-10003984,159.768,7
1155,CA-2014-136567,12/20/2014,PS-19045,Virginia,South,OFF-ST-10004337,122.48,2
1156,CA-2014-136567,12/20/2014,PS-19045,Virginia,South,FUR-TA-10001932,2244.48,7
1157,CA-2014-136567,12/20/2014,PS-19045,Virginia,South,OFF-BI-10003982,62.31,3
1158,CA-2014-136567,12/20/2014,PS-19045,Virginia,South,FUR-TA-10000617,455.1,2
1159,CA-2016-149314,7/2/2016,GB-14530,California,West,FUR-CH-10002126,195.184,1
1160,CA-2017-147039,6/29/2017,AA-10315,Minnesota,Central,OFF-AP-10000576,362.94,3
1161,CA-2017-147039,6/29/2017,AA-10315,Minnesota,Central,OFF-BI-10004654,11.54,2
1162,CA-2014-126522,9/1/2014,LT-16765,California,West,OFF-AR-10004042,53.94,3
1163,CA-2014-127964,3/3/2014,AP-10720,New York,East,TEC-PH-10004700,9.99,1
1164,CA-2014-127964,3/3/2014,AP-10720,New York,East,OFF-BI-10004593,125.76,3
1165,CA-2014-127964,3/3/2014,AP-10720,New York,East,OFF-BI-10003429,25.32,5
1166,CA-2014-117709,5/4/2014,PM-18940,Michigan,Central,OFF-BI-10001294,46.8,4
1167,CA-2015-125416,11/2/2015,KC-16540,Washington,West,TEC-AC-10001552,447.93,9
1168,CA-2017-145226,12/8/2017,DL-13315,New York,East,FUR-FU-10004952,109.48,2
1169,CA-2017-145226,12/8/2017,DL-13315,New York,East,OFF-ST-10004123,272.94,3
1170,CA-2017-145226,12/8/2017,DL-13315,New York,East,OFF-PA-10003172,19.44,3
1171,CA-2017-145226,12/8/2017,DL-13315,New York,East,OFF-ST-10002352,31.92,4
1172,US-2014-100279,3/10/2014,SW-20275,Michigan,Central,OFF-PA-10002259,22.38,2
1173,CA-2014-158064,4/21/2014,AA-10375,California,West,OFF-BI-10002976,16.52,5
1174,US-2015-104430,10/22/2015,LT-17110,Illinois,Central,OFF-BI-10000301,5.176,4
1175,CA-2015-132080,8/22/2015,DP-13105,New York,East,OFF-BI-10003694,50.112,6
1176,CA-2016-161207,8/29/2016,AB-10060,New Hampshire,East,OFF-SU-10000381,27.93,3
1177,CA-2014-120243,12/27/2014,AT-10435,California,West,OFF-LA-10004425,11.56,4
1178,CA-2016-113621,12/1/2016,JE-15745,Maryland,East,FUR-CH-10001270,172.5,2
1179,CA-2016-113621,12/1/2016,JE-15745,Maryland,East,TEC-PH-10003931,179.97,3
1180,CA-2016-168081,4/24/2016,CA-12055,Texas,Central,TEC-AC-10003174,258.696,3
1181,CA-2014-128146,6/21/2014,DB-13060,New Jersey,East,TEC-PH-10004539,1322.93,7
1182,CA-2014-128146,6/21/2014,DB-13060,New Jersey,East,OFF-AR-10001919,3.76,2
1183,CA-2017-138779,1/14/2017,RB-19570,North Carolina,South,OFF-EN-10002504,21.744,1
1184,CA-2017-138779,1/14/2017,RB-19570,North Carolina,South,TEC-PH-10003655,7.92,5
1185,CA-2014-127131,11/24/2014,HR-14830,Washington,West,OFF-BI-10004656,12.096,7
1186,CA-2014-127131,11/24/2014,HR-14830,Washington,West,OFF-ST-10002344,485.88,6
1187,CA-2014-127131,11/24/2014,HR-14830,Washington,West,OFF-PA-10001800,25.92,4
1188,CA-2014-127131,11/24/2014,HR-14830,Washington,West,OFF-ST-10000036,197.58,2
1189,CA-2017-117212,2/26/2017,BT-11530,California,West,OFF-AP-10004532,81.92,4
1190,CA-2017-117212,2/26/2017,BT-11530,California,West,TEC-PH-10004447,889.536,8
1191,CA-2017-117212,2/26/2017,BT-11530,California,West,FUR-CH-10003973,892.224,3
1192,CA-2017-117212,2/26/2017,BT-11530,California,West,OFF-PA-10001970,223.92,4
1193,CA-2017-117212,2/26/2017,BT-11530,California,West,OFF-PA-10000682,23.12,4
1194,US-2015-130519,9/15/2015,NG-18355,Florida,South,OFF-PA-10001937,15.552,3
1195,US-2015-130519,9/15/2015,NG-18355,Florida,South,FUR-FU-10002268,15.712,4
1196,US-2015-130519,9/15/2015,NG-18355,Florida,South,OFF-ST-10001321,24.672,2
1197,US-2015-130519,9/15/2015,NG-18355,Florida,South,FUR-FU-10003394,55.968,1
1198,CA-2016-130946,4/8/2016,ZC-21910,Texas,Central,TEC-AC-10001990,431.928,9
1199,CA-2016-130946,4/8/2016,ZC-21910,Texas,Central,FUR-CH-10004540,95.984,4
1200,CA-2016-130946,4/8/2016,ZC-21910,Texas,Central,OFF-BI-10004995,1088.792,4
1201,CA-2016-114727,7/18/2016,LS-16945,Colorado,West,FUR-CH-10002335,544.008,3
1202,CA-2016-114727,7/18/2016,LS-16945,Colorado,West,OFF-BI-10004967,1.872,3
1203,CA-2016-114727,7/18/2016,LS-16945,Colorado,West,FUR-CH-10002331,854.352,3
1204,CA-2016-114727,7/18/2016,LS-16945,Colorado,West,OFF-ST-10002292,593.568,2
1205,CA-2016-114727,7/18/2016,LS-16945,Colorado,West,OFF-ST-10000689,338.04,3
1206,CA-2017-133235,8/1/2017,LH-16750,North Carolina,South,TEC-PH-10002660,271.96,5
1207,CA-2016-137050,7/14/2016,SW-20755,New York,East,OFF-ST-10004634,11.21,1
1208,CA-2016-137050,7/14/2016,SW-20755,New York,East,OFF-BI-10002160,9.144,3
1209,CA-2016-137050,7/14/2016,SW-20755,New York,East,OFF-FA-10002988,14.07,7
1210,CA-2016-137050,7/14/2016,SW-20755,New York,East,OFF-AR-10004999,41.86,7
1211,CA-2016-137050,7/14/2016,SW-20755,New York,East,OFF-BI-10001031,8.544,2
1212,CA-2016-137050,7/14/2016,SW-20755,New York,East,FUR-BO-10004695,579.136,4
1213,US-2017-118087,9/9/2017,SP-20620,Pennsylvania,East,FUR-CH-10004860,141.372,2
1214,US-2017-118087,9/9/2017,SP-20620,Pennsylvania,East,OFF-BI-10002432,3.036,2
1215,US-2017-118087,9/9/2017,SP-20620,Pennsylvania,East,OFF-BI-10000069,4.503,1
1216,US-2017-118087,9/9/2017,SP-20620,Pennsylvania,East,OFF-AR-10003602,4.672,1
1217,US-2017-118087,9/9/2017,SP-20620,Pennsylvania,East,TEC-AC-10004469,95.88,3
1218,US-2017-118087,9/9/2017,SP-20620,Pennsylvania,East,FUR-FU-10001867,17.024,2
1219,US-2017-118087,9/9/2017,SP-20620,Pennsylvania,East,TEC-AC-10003174,258.696,3
1220,US-2017-118087,9/9/2017,SP-20620,Pennsylvania,East,TEC-PH-10002200,1931.958,7
1221,CA-2014-110184,7/12/2014,BF-11170,California,West,OFF-ST-10000107,249.75,9
1222,CA-2014-110184,7/12/2014,BF-11170,California,West,TEC-PH-10000439,255.936,8
1223,CA-2016-126004,12/4/2016,BM-11140,New York,East,FUR-FU-10001602,113.79,3
1224,CA-2016-126004,12/4/2016,BM-11140,New York,East,TEC-AC-10001432,78.15,1
1225,CA-2016-126004,12/4/2016,BM-11140,New York,East,OFF-BI-10004656,1.728,1
1226,CA-2016-126004,12/4/2016,BM-11140,New York,East,OFF-PA-10001685,40.56,4
1227,CA-2016-126004,12/4/2016,BM-11140,New York,East,OFF-ST-10001418,182.94,3
1228,CA-2016-126004,12/4/2016,BM-11140,New York,East,OFF-ST-10000676,193.86,2
1229,CA-2017-100013,11/6/2017,ZC-21910,California,West,OFF-EN-10001219,15.28,2
1230,CA-2017-100013,11/6/2017,ZC-21910,California,West,FUR-FU-10001424,8.73,1
1231,CA-2017-100013,11/6/2017,ZC-21910,California,West,OFF-AR-10001022,5.68,2
1232,CA-2015-132570,10/31/2015,KT-16480,New York,East,OFF-AR-10000369,2.78,2
1233,CA-2015-132570,10/31/2015,KT-16480,New York,East,OFF-EN-10003055,79.96,2
1234,CA-2016-153682,5/30/2016,BG-11695,Ohio,East,TEC-CO-10001046,839.988,2
1235,CA-2016-144344,10/28/2016,PG-18820,Florida,South,FUR-FU-10000076,47.952,3
1236,CA-2016-144344,10/28/2016,PG-18820,Florida,South,OFF-BI-10003719,37.425,5
1237,CA-2016-144344,10/28/2016,PG-18820,Florida,South,FUR-FU-10003268,63.968,2
1238,CA-2016-144344,10/28/2016,PG-18820,Florida,South,FUR-FU-10003553,165.048,3
1239,CA-2014-127012,8/11/2014,GM-14680,Washington,West,FUR-FU-10003691,12.35,1
1240,CA-2014-127012,8/11/2014,GM-14680,Washington,West,OFF-AR-10003903,40.97,1
1241,CA-2014-127012,8/11/2014,GM-14680,Washington,West,OFF-FA-10004854,22.96,2
1242,CA-2016-128727,8/29/2016,MO-17800,New York,East,TEC-PH-10003442,22,4
1243,US-2016-162859,2/15/2016,PG-18820,New York,East,OFF-BI-10004519,398.352,3
1244,US-2016-162859,2/15/2016,PG-18820,New York,East,OFF-FA-10000304,8.72,4
1245,CA-2017-133641,5/14/2017,EJ-14155,Mississippi,South,OFF-EN-10004955,48.69,9
1246,CA-2014-168494,12/12/2014,NP-18700,California,West,FUR-TA-10004619,764.688,6
1247,CA-2014-168494,12/12/2014,NP-18700,California,West,FUR-TA-10003473,3610.848,12
1248,CA-2014-168494,12/12/2014,NP-18700,California,West,FUR-BO-10004467,254.9745,3
1249,CA-2017-115602,12/18/2017,DJ-13630,New York,East,OFF-AR-10002280,38.82,6
1250,CA-2017-115602,12/18/2017,DJ-13630,New York,East,FUR-CH-10001708,1141.938,9
1251,CA-2017-115602,12/18/2017,DJ-13630,New York,East,OFF-AP-10000891,1704.56,13
1252,CA-2017-115602,12/18/2017,DJ-13630,New York,East,OFF-AR-10000462,3.2,2
1253,CA-2015-154956,7/4/2015,IM-15070,Wisconsin,Central,TEC-PH-10004165,1099.96,4
1254,CA-2017-144638,3/10/2017,MH-18115,Pennsylvania,East,OFF-AR-10003958,5.248,2
1255,CA-2017-144638,3/10/2017,MH-18115,Pennsylvania,East,TEC-PH-10000149,35.91,3
1256,CA-2017-144638,3/10/2017,MH-18115,Pennsylvania,East,FUR-FU-10003724,6.696,1
1257,CA-2017-144638,3/10/2017,MH-18115,Pennsylvania,East,FUR-FU-10003535,43.872,2
1258,US-2016-168620,12/24/2016,RB-19795,North Carolina,South,OFF-BI-10001575,27.882,3
1259,US-2016-168620,12/24/2016,RB-19795,North Carolina,South,OFF-ST-10003716,540.048,3
1260,US-2016-168620,12/24/2016,RB-19795,North Carolina,South,TEC-AC-10004469,255.68,8
1261,CA-2017-117079,10/23/2017,JR-15700,Florida,South,TEC-PH-10004586,863.88,3
1262,US-2016-144393,10/28/2016,SM-20950,North Carolina,South,OFF-BI-10004236,17.616,4
1263,CA-2017-105053,7/7/2017,CS-12355,New York,East,OFF-BI-10001634,17.472,3
1264,CA-2016-155992,10/1/2016,CC-12220,Indiana,Central,TEC-PH-10000215,69.9,2
1265,CA-2016-155992,10/1/2016,CC-12220,Indiana,Central,FUR-FU-10003724,41.85,5
1266,CA-2017-110380,9/2/2017,PF-19225,California,West,OFF-AR-10000422,6.57,3
1267,US-2014-167738,12/24/2014,JC-16105,California,West,OFF-ST-10003306,142.86,1
1268,US-2014-167738,12/24/2014,JC-16105,California,West,FUR-CH-10001146,292.272,6
1269,CA-2017-121412,9/23/2017,BG-11695,Colorado,West,FUR-FU-10000246,29.328,3
1270,CA-2017-100426,6/4/2017,DC-12850,Alabama,South,OFF-PA-10002870,12.48,2
1271,US-2016-103646,4/21/2016,SP-20545,Illinois,Central,OFF-ST-10000563,102.336,4
1272,US-2016-103646,4/21/2016,SP-20545,Illinois,Central,OFF-AP-10004487,48.792,3
1273,US-2016-103646,4/21/2016,SP-20545,Illinois,Central,OFF-BI-10002854,44.848,8
1274,CA-2016-119186,5/26/2016,MS-17710,Texas,Central,OFF-PA-10004621,10.368,2
1275,CA-2016-119186,5/26/2016,MS-17710,Texas,Central,FUR-CH-10001973,388.43,5
1276,CA-2016-119186,5/26/2016,MS-17710,Texas,Central,OFF-PA-10004040,14.352,3
1277,CA-2016-119186,5/26/2016,MS-17710,Texas,Central,TEC-AC-10000580,63.992,1
1278,CA-2016-148698,5/2/2016,BD-11770,Texas,Central,OFF-AR-10004022,86.352,3
1279,CA-2014-163293,9/8/2014,KC-16255,Georgia,South,TEC-AC-10004209,32.97,3
1280,CA-2014-163293,9/8/2014,KC-16255,Georgia,South,TEC-AC-10000023,83.88,4
1281,CA-2016-160815,9/5/2016,TR-21325,Iowa,Central,TEC-PH-10003505,278.4,3
1282,CA-2017-122154,4/9/2017,SA-20830,Florida,South,OFF-LA-10000121,15.12,3
1283,CA-2017-122154,4/9/2017,SA-20830,Florida,South,OFF-BI-10002026,17.43,1
1284,CA-2017-122154,4/9/2017,SA-20830,Florida,South,OFF-PA-10000994,251.64,3
1285,US-2015-149692,12/6/2015,KW-16435,Texas,Central,OFF-BI-10002813,2.772,7
1286,CA-2016-119445,6/26/2016,GM-14500,Rhode Island,East,OFF-ST-10000617,14.9,5
1287,CA-2015-124268,7/4/2015,AD-10180,New York,East,OFF-AR-10004817,15.48,3
1288,CA-2016-154711,11/22/2016,TB-21355,New York,East,FUR-FU-10000397,39.88,2
1289,CA-2016-154711,11/22/2016,TB-21355,New York,East,OFF-BI-10000605,12.192,4
1290,CA-2016-154711,11/22/2016,TB-21355,New York,East,OFF-AR-10001860,20.82,3
1291,CA-2016-163384,11/10/2016,CC-12430,California,West,OFF-BI-10004970,13.216,4
1292,CA-2016-163384,11/10/2016,CC-12430,California,West,OFF-PA-10003172,32.4,5
1293,CA-2015-101707,8/27/2015,PF-19165,California,West,OFF-SU-10001218,32.94,3
1294,CA-2015-101707,8/27/2015,PF-19165,California,West,OFF-PA-10002968,114.2,5
1295,CA-2015-101707,8/27/2015,PF-19165,California,West,OFF-LA-10000134,3.08,1
1296,CA-2015-138898,5/25/2015,JH-16180,Colorado,West,OFF-AP-10004487,845.728,13
1297,CA-2017-115427,12/30/2017,EB-13975,California,West,OFF-BI-10002103,13.904,2
1298,CA-2017-115427,12/30/2017,EB-13975,California,West,OFF-BI-10004632,20.72,2
1299,CA-2016-134425,12/8/2016,QJ-19255,Minnesota,Central,TEC-PH-10003555,114.95,5
1300,CA-2015-121391,10/4/2015,AA-10315,California,West,OFF-ST-10001590,26.96,2
1301,CA-2016-137043,12/23/2016,LC-17140,Virginia,South,FUR-FU-10003664,572.76,6
1302,CA-2016-137043,12/23/2016,LC-17140,Virginia,South,FUR-FU-10003664,286.38,3
1303,CA-2015-115847,9/19/2015,TC-21535,Virginia,South,FUR-BO-10003433,61.96,2
1304,US-2017-126179,7/3/2017,CS-12460,Georgia,South,FUR-FU-10002554,23.99,1
1305,US-2017-126179,7/3/2017,CS-12460,Georgia,South,TEC-PH-10001557,287.97,3
1306,CA-2016-101966,7/14/2016,BM-11785,Texas,Central,TEC-PH-10003437,419.944,7
1307,CA-2016-141397,6/20/2016,RC-19825,California,West,OFF-PA-10002986,46.76,7
1308,CA-2016-141397,6/20/2016,RC-19825,California,West,OFF-BI-10000320,17.712,3
1309,CA-2016-141397,6/20/2016,RC-19825,California,West,OFF-AP-10003971,21.78,2
1310,CA-2016-141397,6/20/2016,RC-19825,California,West,OFF-ST-10001469,161.94,3
1311,CA-2016-141397,6/20/2016,RC-19825,California,West,FUR-CH-10003846,161.568,2
1312,CA-2016-141082,12/9/2016,FM-14380,Massachusetts,East,OFF-LA-10001404,3.69,1
1313,CA-2016-141082,12/9/2016,FM-14380,Massachusetts,East,OFF-LA-10001474,122.12,4
1314,US-2016-134488,9/24/2016,PK-19075,Ohio,East,FUR-CH-10003199,155.372,2
1315,CA-2016-145919,12/18/2016,HG-14965,California,West,OFF-PA-10003072,38.88,6
1316,CA-2016-145919,12/18/2016,HG-14965,California,West,FUR-FU-10004960,183.84,8
1317,CA-2016-145919,12/18/2016,HG-14965,California,West,OFF-SU-10003505,579.3,5
1318,CA-2017-157651,12/10/2017,HA-14920,Pennsylvania,East,TEC-AC-10003116,14.2,1
1319,CA-2014-160773,7/1/2014,LW-16825,Florida,South,TEC-PH-10004586,575.92,2
1320,CA-2014-160773,7/1/2014,LW-16825,Florida,South,OFF-BI-10000546,5.184,6
1321,CA-2017-167703,2/3/2017,MC-17575,Ohio,East,OFF-BI-10002071,5.229,3
1322,CA-2017-167703,2/3/2017,MC-17575,Ohio,East,OFF-ST-10001490,285.552,2
1323,CA-2017-121804,3/3/2017,LP-17095,Kentucky,South,OFF-AP-10004859,72.8,5
1324,CA-2017-162635,10/9/2017,EB-14170,North Carolina,South,OFF-PA-10002659,10.816,4
1325,CA-2014-107153,9/28/2014,GZ-14545,Massachusetts,East,OFF-ST-10001321,46.26,3
1326,US-2014-117058,5/27/2014,LE-16810,Illinois,Central,OFF-BI-10004139,17.46,6
1327,CA-2015-120439,6/14/2015,AD-10180,Pennsylvania,East,FUR-FU-10001867,51.072,6
1328,CA-2016-128258,3/30/2016,CP-12085,Connecticut,East,OFF-PA-10004156,11.34,1
1329,CA-2017-106033,10/15/2017,FG-14260,California,West,OFF-AR-10002818,87.92,4
1330,CA-2016-142762,5/23/2016,LD-17005,California,West,FUR-FU-10003691,37.05,3
1331,CA-2017-127705,6/2/2017,AB-10255,Ohio,East,TEC-PH-10000347,2.97,1
1332,CA-2017-127705,6/2/2017,AB-10255,Ohio,East,OFF-ST-10004507,27.44,2
1333,CA-2014-122567,2/16/2014,MN-17935,Texas,Central,OFF-BI-10002012,1.08,3
1334,CA-2014-122567,2/16/2014,MN-17935,Texas,Central,OFF-AP-10001303,7.96,2
1335,CA-2014-121664,5/6/2014,HP-14815,California,West,OFF-BI-10003684,140.736,8
1336,CA-2016-122133,5/16/2016,JR-15670,Connecticut,East,OFF-ST-10002574,552.56,4
1337,US-2017-123281,4/2/2017,JF-15190,California,West,FUR-FU-10003724,25.11,3
1338,CA-2017-100524,3/31/2017,CM-12115,New York,East,FUR-FU-10004018,29.78,2
1339,CA-2017-100524,3/31/2017,CM-12115,New York,East,TEC-PH-10002549,677.58,3
1340,CA-2017-100524,3/31/2017,CM-12115,New York,East,OFF-PA-10004911,75.04,8
1341,CA-2017-113481,1/2/2017,AS-10045,North Carolina,South,TEC-MA-10002178,695.7,2
1342,CA-2017-113481,1/2/2017,AS-10045,North Carolina,South,OFF-BI-10003694,15.66,5
1343,CA-2017-113481,1/2/2017,AS-10045,North Carolina,South,OFF-BI-10000474,28.854,6
1344,CA-2015-131758,5/28/2015,KB-16315,New York,East,OFF-AR-10000411,47.82,3
1345,CA-2015-131758,5/28/2015,KB-16315,New York,East,OFF-LA-10000262,13.05,5
1346,CA-2014-118339,3/17/2014,BN-11515,Minnesota,Central,OFF-AP-10001154,93.78,2
1347,CA-2014-118339,3/17/2014,BN-11515,Minnesota,Central,OFF-PA-10000466,47.18,7
1348,CA-2014-118339,3/17/2014,BN-11515,Minnesota,Central,OFF-AR-10003829,19.68,6
1349,CA-2014-118339,3/17/2014,BN-11515,Minnesota,Central,OFF-BI-10001758,53.4,10
1350,CA-2014-118339,3/17/2014,BN-11515,Minnesota,Central,OFF-BI-10000136,35.88,6
1351,CA-2014-153976,10/3/2014,BP-11290,Illinois,Central,FUR-CH-10002880,258.279,3
1352,CA-2016-162901,3/28/2016,AS-10045,Virginia,South,OFF-ST-10000649,31.4,2
1353,CA-2017-162978,5/4/2017,LW-16990,California,West,TEC-PH-10003092,183.96,5
1354,CA-2017-162978,5/4/2017,LW-16990,California,West,OFF-PA-10002250,17.61,3
1355,CA-2017-162978,5/4/2017,LW-16990,California,West,FUR-TA-10003473,300.904,1
1356,US-2014-160444,7/5/2014,DC-12850,Texas,Central,OFF-ST-10001522,220.776,3
1357,US-2014-160444,7/5/2014,DC-12850,Texas,Central,OFF-ST-10000563,281.424,11
1358,CA-2016-145247,5/5/2016,ND-18370,Kentucky,South,OFF-PA-10003641,79.14,3
1359,CA-2017-160045,4/26/2017,LB-16735,Texas,Central,FUR-FU-10000010,1.988,1
1360,US-2014-151925,9/26/2014,KT-16465,California,West,FUR-CH-10002961,145.568,2
1361,CA-2017-125199,10/19/2017,HM-14860,Pennsylvania,East,OFF-AR-10002956,123.256,7
1362,CA-2017-125199,10/19/2017,HM-14860,Pennsylvania,East,OFF-PA-10004041,23.68,4
1363,CA-2017-125199,10/19/2017,HM-14860,Pennsylvania,East,TEC-PH-10001336,309.576,4
1364,US-2017-155425,11/10/2017,AB-10600,Arizona,West,OFF-BI-10001036,38.388,14
1365,US-2017-155425,11/10/2017,AB-10600,Arizona,West,TEC-MA-10003183,95.994,2
1366,US-2017-155425,11/10/2017,AB-10600,Arizona,West,TEC-AC-10001314,239.952,6
1367,US-2017-155425,11/10/2017,AB-10600,Arizona,West,TEC-PH-10002563,201.584,2
1368,US-2017-155425,11/10/2017,AB-10600,Arizona,West,FUR-CH-10003312,899.136,4
1369,CA-2017-133249,7/8/2017,SZ-20035,California,West,FUR-FU-10001588,145.9,5
1370,US-2015-103471,12/24/2015,JR-15670,Colorado,West,FUR-BO-10002613,590.058,7
1371,US-2015-103471,12/24/2015,JR-15670,Colorado,West,OFF-AR-10003405,14.04,3
1372,CA-2017-136672,3/7/2017,MG-17890,Maryland,East,TEC-AC-10004510,49.08,3
1373,US-2014-157021,4/1/2014,KM-16720,California,West,OFF-LA-10002312,29.6,2
1374,US-2014-157021,4/1/2014,KM-16720,California,West,OFF-BI-10000042,17.088,4
1375,CA-2015-120362,9/14/2015,CA-12265,Utah,West,FUR-TA-10003008,912.75,5
1376,CA-2014-126361,8/4/2014,VD-21670,Utah,West,OFF-AP-10003590,1089.75,3
1377,CA-2014-126361,8/4/2014,VD-21670,Utah,West,OFF-PA-10000806,447.84,8
1378,CA-2014-126361,8/4/2014,VD-21670,Utah,West,OFF-AR-10000896,16.4,5
1379,CA-2014-126361,8/4/2014,VD-21670,Utah,West,TEC-PH-10002310,399.96,5
1380,CA-2014-126361,8/4/2014,VD-21670,Utah,West,OFF-ST-10002289,158.9,5
1381,CA-2014-126361,8/4/2014,VD-21670,Utah,West,OFF-BI-10002852,13.184,1
1382,US-2016-100566,9/3/2016,JK-16120,Illinois,Central,FUR-FU-10003394,83.952,3
1383,US-2016-108504,2/5/2016,PP-18955,Georgia,South,OFF-ST-10002344,80.98,1
1384,US-2016-108504,2/5/2016,PP-18955,Georgia,South,OFF-PA-10001289,348.84,9
1385,US-2016-108504,2/5/2016,PP-18955,Georgia,South,OFF-FA-10000053,9.45,5
1386,US-2016-108504,2/5/2016,PP-18955,Georgia,South,FUR-FU-10004091,18.84,3
1387,US-2016-108504,2/5/2016,PP-18955,Georgia,South,FUR-BO-10004015,239.98,2
1388,US-2016-108504,2/5/2016,PP-18955,Georgia,South,OFF-EN-10003001,167.96,2
1389,US-2016-108504,2/5/2016,PP-18955,Georgia,South,TEC-PH-10000215,104.85,3
1390,US-2016-108504,2/5/2016,PP-18955,Georgia,South,TEC-PH-10003645,484.83,3
1391,US-2016-108504,2/5/2016,PP-18955,Georgia,South,OFF-PA-10000357,122.97,3
1392,US-2016-108504,2/5/2016,PP-18955,Georgia,South,OFF-ST-10004804,154.44,3
1393,US-2016-108504,2/5/2016,PP-18955,Georgia,South,OFF-PA-10003892,342.37,7
1394,CA-2017-124828,7/3/2017,YS-21880,North Carolina,South,OFF-AR-10003514,9.552,3
1395,US-2017-117247,10/9/2017,CK-12760,Illinois,Central,FUR-TA-10002958,652.45,5
1396,US-2017-117247,10/9/2017,CK-12760,Illinois,Central,FUR-TA-10001676,66.645,3
1397,CA-2016-124485,11/24/2016,NC-18340,New York,East,OFF-BI-10000822,17.216,4
1398,CA-2016-124485,11/24/2016,NC-18340,New York,East,OFF-PA-10004971,11.56,2
1399,CA-2016-124485,11/24/2016,NC-18340,New York,East,TEC-AC-10002323,88.4,4
1400,CA-2016-124485,11/24/2016,NC-18340,New York,East,OFF-PA-10004888,6.48,1
1401,CA-2016-159212,11/1/2016,KM-16375,Virginia,South,TEC-PH-10003988,21.8,2
1402,CA-2016-159212,11/1/2016,KM-16375,Virginia,South,OFF-EN-10002230,251.79,3
1403,US-2016-161396,4/19/2016,GM-14455,Ohio,East,FUR-TA-10002622,205.176,2
1404,US-2016-161396,4/19/2016,GM-14455,Ohio,East,OFF-PA-10000418,419.4,5
1405,US-2014-118486,4/6/2014,SD-20485,Pennsylvania,East,OFF-SU-10004498,10.304,1
1406,US-2014-118486,4/6/2014,SD-20485,Pennsylvania,East,FUR-TA-10001039,154.764,3
1407,US-2014-118486,4/6/2014,SD-20485,Pennsylvania,East,TEC-AC-10004659,116.784,2
1408,CA-2016-130407,9/2/2016,KD-16270,New York,East,OFF-AR-10002240,75.48,2
1409,CA-2016-130407,9/2/2016,KD-16270,New York,East,FUR-FU-10001967,39.98,2
1410,US-2016-122245,9/25/2016,AB-10105,Arizona,West,FUR-TA-10002356,393.165,3
1411,CA-2017-105144,11/4/2017,SZ-20035,Texas,Central,OFF-LA-10003923,23.68,2
1412,CA-2016-136329,7/9/2016,JD-15895,New York,East,FUR-CH-10002335,408.006,2
1413,CA-2016-136329,7/9/2016,JD-15895,New York,East,FUR-FU-10000723,165.28,4
1414,CA-2014-146640,6/30/2014,HA-14905,New York,East,OFF-BI-10002867,334.768,7
1415,CA-2017-115994,1/28/2017,BT-11305,California,West,TEC-AC-10000580,239.97,3
1416,CA-2017-115994,1/28/2017,BT-11305,California,West,FUR-FU-10003976,37.74,3
1417,CA-2015-126697,9/21/2015,SV-20815,Texas,Central,TEC-PH-10002922,946.344,7
1418,CA-2015-126697,9/21/2015,SV-20815,Texas,Central,TEC-AC-10004353,151.2,3
1419,CA-2015-126697,9/21/2015,SV-20815,Texas,Central,FUR-FU-10001706,4.928,4
1420,CA-2015-124800,9/26/2015,RW-19540,Arizona,West,OFF-PA-10000501,86.272,4
1421,CA-2015-124800,9/26/2015,RW-19540,Arizona,West,OFF-BI-10000778,72.588,2
1422,CA-2015-124800,9/26/2015,RW-19540,Arizona,West,OFF-AP-10004980,60.672,2
1423,CA-2015-124800,9/26/2015,RW-19540,Arizona,West,OFF-BI-10003984,77.031,9
1424,CA-2015-124800,9/26/2015,RW-19540,Arizona,West,OFF-ST-10000798,119.904,6
1425,CA-2015-124800,9/26/2015,RW-19540,Arizona,West,TEC-PH-10001750,263.96,5
1426,CA-2015-124800,9/26/2015,RW-19540,Arizona,West,OFF-ST-10002743,363.648,4
1427,US-2015-164448,10/31/2015,DK-12835,California,West,OFF-BI-10002949,9.728,2
1428,US-2015-164448,10/31/2015,DK-12835,California,West,OFF-EN-10002600,14.75,5
1429,US-2015-164448,10/31/2015,DK-12835,California,West,OFF-BI-10003708,29.8,5
1430,US-2015-164448,10/31/2015,DK-12835,California,West,OFF-LA-10003510,427.42,14
1431,CA-2017-122700,11/26/2017,LT-17110,Ohio,East,TEC-PH-10003092,220.752,8
1432,CA-2014-120768,12/19/2014,IM-15070,Alabama,South,OFF-BI-10001191,152.76,6
1433,CA-2014-120768,12/19/2014,IM-15070,Alabama,South,OFF-SU-10004115,7.27,1
1434,CA-2014-120768,12/19/2014,IM-15070,Alabama,South,FUR-CH-10000513,1819.86,14
1435,US-2016-153129,12/26/2016,FP-14320,Washington,West,OFF-PA-10003673,33.9,5
1436,CA-2017-106852,6/20/2017,ST-20530,Ohio,East,OFF-PA-10001639,31.104,6
1437,CA-2017-106852,6/20/2017,ST-20530,Ohio,East,OFF-AR-10003829,5.248,2
1438,CA-2015-139731,10/15/2015,JE-15745,Texas,Central,TEC-AC-10004975,263.88,3
1439,CA-2015-139731,10/15/2015,JE-15745,Texas,Central,FUR-CH-10002024,2453.43,5
1440,CA-2017-122735,4/12/2017,BD-11320,Rhode Island,East,OFF-BI-10004364,29.7,5
1441,CA-2017-122735,4/12/2017,BD-11320,Rhode Island,East,OFF-PA-10001712,39.96,4
1442,CA-2017-128160,12/19/2017,MM-17920,California,West,OFF-BI-10001510,36.672,2
1443,CA-2017-117695,8/5/2017,PW-19030,Kentucky,South,OFF-PA-10002713,13.76,2
1444,CA-2015-166135,10/1/2015,SC-20440,Colorado,West,OFF-ST-10002974,139.424,4
1445,CA-2016-133725,5/23/2016,KL-16645,Illinois,Central,TEC-PH-10004165,1979.928,9
1446,CA-2017-102337,6/13/2017,SD-20485,Illinois,Central,OFF-ST-10004804,164.736,4
1447,CA-2017-102337,6/13/2017,SD-20485,Illinois,Central,FUR-CH-10004289,470.302,7
1448,CA-2017-102337,6/13/2017,SD-20485,Illinois,Central,TEC-PH-10002564,47.984,2
1449,US-2014-112564,4/23/2014,TS-21160,Pennsylvania,East,OFF-BI-10004876,2.502,3
1450,CA-2015-145821,5/1/2015,JB-15400,California,West,TEC-PH-10004348,88.752,3
1451,US-2015-160150,7/19/2015,TS-21085,Arizona,West,OFF-BI-10004352,2.025,1
1452,CA-2016-133711,11/26/2016,MC-17425,Alabama,South,OFF-PA-10001685,70.98,7
1453,CA-2016-133711,11/26/2016,MC-17425,Alabama,South,OFF-BI-10000666,91.68,3
1454,CA-2016-133711,11/26/2016,MC-17425,Alabama,South,OFF-BI-10004352,33.75,5
1455,CA-2016-133711,11/26/2016,MC-17425,Alabama,South,TEC-MA-10000010,3040,8
1456,CA-2017-148474,6/12/2017,ME-17320,Georgia,South,OFF-BI-10000977,91.2,3
1457,CA-2017-148474,6/12/2017,ME-17320,Georgia,South,FUR-TA-10002530,452.94,3
1458,CA-2015-111297,8/17/2015,SC-20440,Massachusetts,East,OFF-BI-10002412,52.2,9
1459,CA-2016-123722,9/25/2016,NH-18610,Texas,Central,OFF-LA-10001569,15.936,4
1460,CA-2014-155271,5/4/2014,AA-10480,Connecticut,East,FUR-FU-10001473,27.46,2
1461,CA-2015-119907,12/1/2015,LC-17140,Washington,West,OFF-BI-10001765,55.424,2
1462,US-2016-128902,3/11/2016,MB-18085,New Jersey,East,FUR-TA-10001095,244.006,2
1463,CA-2016-152289,8/26/2016,LC-16930,Texas,Central,TEC-AC-10004571,159.984,2
1464,CA-2016-152289,8/26/2016,LC-16930,Texas,Central,FUR-CH-10002126,1024.716,6
1465,US-2016-104794,12/16/2016,KD-16495,New York,East,OFF-FA-10001754,3.68,2
1466,CA-2014-151708,8/8/2014,MB-17305,Arizona,West,FUR-FU-10001602,121.376,4
1467,CA-2014-151708,8/8/2014,MB-17305,Arizona,West,TEC-AC-10001767,95.976,3
1468,CA-2015-100769,5/16/2015,TH-21550,Florida,South,TEC-AC-10002402,255.968,4
1469,CA-2017-139199,12/9/2017,DK-12835,Michigan,Central,FUR-CH-10000847,872.94,3
1470,CA-2017-139199,12/9/2017,DK-12835,Michigan,Central,OFF-BI-10003982,41.54,2
1471,CA-2017-139199,12/9/2017,DK-12835,Michigan,Central,OFF-PA-10001293,12.96,2
1472,US-2015-161466,9/24/2015,ON-18715,Pennsylvania,East,OFF-AR-10000634,6.848,2
1473,CA-2017-164959,7/11/2017,KN-16390,California,West,OFF-LA-10004272,8.67,3
1474,US-2015-105676,12/1/2015,NM-18520,Texas,Central,FUR-FU-10004270,6.688,4
1475,CA-2016-113138,11/19/2016,NP-18685,New York,East,OFF-AR-10003770,17.28,6
1476,CA-2016-113138,11/19/2016,NP-18685,New York,East,OFF-BI-10000320,17.712,3
1477,US-2017-104955,3/19/2017,CG-12040,New York,East,OFF-LA-10003121,28.91,7
1478,CA-2016-121958,11/13/2016,CS-12505,North Carolina,South,OFF-SU-10000381,52.136,7
1479,CA-2017-121468,11/19/2017,KD-16345,California,West,TEC-PH-10000376,31.968,4
1480,US-2016-108455,12/2/2016,MK-18160,California,West,OFF-PA-10002262,25.92,4
1481,US-2016-108455,12/2/2016,MK-18160,California,West,OFF-PA-10002464,40.46,7
1482,US-2016-108455,12/2/2016,MK-18160,California,West,OFF-ST-10002214,33.87,3
1483,CA-2017-101210,8/25/2017,DW-13540,Tennessee,South,OFF-AR-10003560,9.728,2
1484,CA-2017-101210,8/25/2017,DW-13540,Tennessee,South,OFF-PA-10000130,3.424,1
1485,US-2016-108098,10/14/2016,CP-12340,Washington,West,TEC-AC-10000865,177,3
1486,CA-2014-119032,11/27/2014,MS-17770,New York,East,OFF-FA-10003021,3.76,2
1487,CA-2015-140410,11/3/2015,CM-12655,California,West,TEC-PH-10003580,1212.848,7
1488,CA-2015-140410,11/3/2015,CM-12655,California,West,TEC-AC-10001109,89.97,3
1489,CA-2015-140410,11/3/2015,CM-12655,California,West,FUR-FU-10003347,42.6,3
1490,CA-2014-136280,11/29/2014,Co-12640,Pennsylvania,East,OFF-LA-10000452,5.04,2
1491,CA-2017-151911,4/30/2017,DL-13495,New York,East,OFF-EN-10002986,62.96,4
1492,CA-2017-166436,11/24/2017,TS-21370,New York,East,OFF-PA-10001838,5.88,1
1493,CA-2017-166436,11/24/2017,TS-21370,New York,East,FUR-CH-10000785,977.292,6
1494,CA-2017-139661,10/30/2017,JW-15220,Washington,West,FUR-FU-10002885,9.64,2
1495,CA-2014-123925,12/17/2014,RF-19840,Georgia,South,OFF-AR-10002952,40.05,3
1496,CA-2017-152485,9/4/2017,JD-15790,Texas,Central,OFF-AR-10003759,10.192,7
1497,CA-2017-152485,9/4/2017,JD-15790,Texas,Central,OFF-ST-10004950,16.784,1
1498,CA-2017-152485,9/4/2017,JD-15790,Texas,Central,OFF-AR-10001940,13.12,5
1499,CA-2016-141586,10/17/2016,NK-18490,California,West,OFF-BI-10003981,18.16,5
1500,CA-2017-130386,11/12/2017,NG-18430,Texas,Central,OFF-PA-10002749,16.056,3
1501,CA-2017-130386,11/12/2017,NG-18430,Texas,Central,OFF-PA-10003823,223.056,9
1502,CA-2017-130386,11/12/2017,NG-18430,Texas,Central,OFF-ST-10003716,540.048,3
1503,CA-2016-100468,11/24/2016,AT-10435,California,West,TEC-PH-10001300,33.52,2
1504,CA-2016-100468,11/24/2016,AT-10435,California,West,FUR-FU-10000010,9.94,2
1505,CA-2015-153388,8/1/2015,PC-19000,California,West,OFF-AR-10001868,6.72,4
1506,CA-2015-153388,8/1/2015,PC-19000,California,West,FUR-TA-10003715,1004.976,6
1507,CA-2017-154935,12/24/2017,AR-10540,New York,East,OFF-BI-10003708,17.88,3
1508,CA-2016-134208,9/17/2016,CS-12505,Georgia,South,TEC-MA-10004458,396,4
1509,CA-2017-108294,12/10/2017,LS-16975,Nebraska,Central,OFF-BI-10004965,34.5,3
1510,CA-2017-103611,9/12/2017,JM-15535,California,West,FUR-FU-10004270,8.36,2
1511,CA-2017-100384,6/24/2017,NH-18610,California,West,OFF-AR-10002135,385.6,8
1512,CA-2017-100384,6/24/2017,NH-18610,California,West,OFF-AR-10003514,35.82,9
1513,CA-2017-112809,8/18/2017,RA-19915,Texas,Central,OFF-ST-10002276,200.064,3
1514,CA-2017-112809,8/18/2017,RA-19915,Texas,Central,OFF-BI-10001098,21.38,5
1515,CA-2017-112809,8/18/2017,RA-19915,Texas,Central,OFF-BI-10001636,6.744,4
1516,US-2017-160759,12/11/2017,AI-10855,Pennsylvania,East,FUR-CH-10002961,63.686,1
1517,CA-2017-148446,12/10/2017,MC-17845,Nevada,West,FUR-TA-10004256,1669.6,4
1518,CA-2014-111059,2/3/2014,TB-21400,Washington,West,OFF-BI-10004593,83.84,2
1519,CA-2014-111059,2/3/2014,TB-21400,Washington,West,OFF-BI-10002827,13.272,3
1520,CA-2017-116204,2/11/2017,VW-21775,California,West,OFF-BI-10001759,21.336,7
1521,CA-2017-109946,4/16/2017,PL-18925,Illinois,Central,OFF-AR-10001419,16.52,5
1522,CA-2015-144806,12/6/2015,GH-14425,Arizona,West,FUR-FU-10002253,206.112,6
1523,CA-2015-144806,12/6/2015,GH-14425,Arizona,West,OFF-PA-10002586,19.92,5
1524,CA-2015-144806,12/6/2015,GH-14425,Arizona,West,OFF-PA-10003039,198.272,8
1525,CA-2015-144806,12/6/2015,GH-14425,Arizona,West,OFF-ST-10004804,247.104,6
1526,CA-2015-144806,12/6/2015,GH-14425,Arizona,West,OFF-AR-10004042,86.304,6
1527,CA-2016-122392,7/22/2016,CJ-12010,Pennsylvania,East,OFF-AR-10002221,4.16,2
1528,CA-2016-122392,7/22/2016,CJ-12010,Pennsylvania,East,FUR-FU-10002456,11.648,2
1529,CA-2015-148432,11/7/2015,MC-18130,Delaware,East,OFF-FA-10004968,26.18,7
1530,CA-2015-148432,11/7/2015,MC-18130,Delaware,East,OFF-PA-10001274,7.3,2
1531,CA-2015-103793,3/26/2015,BV-11245,Florida,South,OFF-PA-10001125,74.352,3
1532,CA-2017-159884,8/31/2017,JF-15490,Arizona,West,OFF-ST-10000344,10.744,1
1533,CA-2017-159884,8/31/2017,JF-15490,Arizona,West,OFF-FA-10000585,8.376,3
1534,CA-2016-139885,12/4/2016,EB-13840,New York,East,OFF-ST-10003324,212.88,6
1535,CA-2017-124086,2/10/2017,MP-18175,California,West,FUR-BO-10004015,203.983,2
1536,CA-2016-112389,10/29/2016,JM-15655,New Jersey,East,OFF-ST-10000419,40.74,3
1537,CA-2016-112389,10/29/2016,JM-15655,New Jersey,East,OFF-AP-10001626,11.67,3
1538,CA-2017-121888,9/15/2017,CL-11890,Massachusetts,East,TEC-PH-10000439,39.99,1
1539,CA-2017-121888,9/15/2017,CL-11890,Massachusetts,East,OFF-AR-10003478,16.28,2
1540,CA-2017-121888,9/15/2017,CL-11890,Massachusetts,East,FUR-BO-10002545,782.94,3
1541,CA-2017-121888,9/15/2017,CL-11890,Massachusetts,East,OFF-BI-10001765,242.48,7
1542,CA-2014-166884,3/11/2014,CK-12205,Ohio,East,FUR-FU-10003981,8.32,5
1543,CA-2014-166884,3/11/2014,CK-12205,Ohio,East,OFF-FA-10001561,10.464,6
1544,CA-2014-107181,2/4/2014,DB-13270,California,West,OFF-BI-10004230,82.896,3
1545,CA-2014-107181,2/4/2014,DB-13270,California,West,OFF-PA-10000350,34.24,4
1546,CA-2014-150245,12/31/2014,PC-18745,New York,East,FUR-BO-10002613,1573.488,7
1547,CA-2015-111395,11/23/2015,VB-21745,Texas,Central,OFF-PA-10000994,335.52,4
1548,CA-2015-111395,11/23/2015,VB-21745,Texas,Central,OFF-BI-10002867,23.912,2
1549,CA-2015-111395,11/23/2015,VB-21745,Texas,Central,OFF-ST-10001291,27.056,2
1550,CA-2014-134278,7/6/2014,EP-13915,New York,East,TEC-CO-10001046,559.992,1
1551,US-2017-124926,11/13/2017,ME-17320,Texas,Central,OFF-AP-10004868,9.324,6
1552,CA-2016-159345,6/17/2016,IG-15085,California,West,OFF-PA-10000806,111.96,2
1553,CA-2014-130274,5/3/2014,JS-15940,Wisconsin,Central,OFF-LA-10002195,21.56,7
1554,CA-2017-158386,10/16/2017,BO-11425,Kentucky,South,OFF-BI-10003719,124.75,5
1555,CA-2015-111507,2/6/2015,VW-21775,Washington,West,OFF-AR-10001315,5.28,3
1556,CA-2017-120761,9/4/2017,AB-10150,New York,East,TEC-AC-10000171,91.96,4
1557,CA-2016-109176,5/9/2016,JW-16075,Pennsylvania,East,OFF-EN-10003134,9.344,1
1558,CA-2016-109176,5/9/2016,JW-16075,Pennsylvania,East,OFF-AR-10001955,79.36,5
1559,CA-2015-112116,3/16/2015,JE-15475,Washington,West,FUR-TA-10001039,171.96,2
1560,CA-2016-126809,4/9/2016,EB-13750,Washington,West,OFF-BI-10003712,35.352,9
1561,CA-2014-105172,4/4/2014,PK-18910,California,West,OFF-LA-10001641,18.9,6
1562,CA-2017-107293,9/5/2017,CS-12400,Washington,West,OFF-AR-10003732,2.78,1
1563,US-2017-102890,6/30/2017,SG-20470,New York,East,FUR-TA-10000577,1044.63,5
1564,CA-2015-158554,11/9/2015,CM-12190,Pennsylvania,East,OFF-PA-10004000,11.352,3
1565,CA-2014-116239,3/4/2014,CL-12565,South Carolina,South,OFF-ST-10001370,354.9,5
1566,CA-2015-132101,3/19/2015,JO-15550,Washington,West,TEC-PH-10004539,453.576,3
1567,CA-2015-129112,11/29/2015,AW-10840,Texas,Central,TEC-AC-10003038,21.48,3
1568,CA-2015-129112,11/29/2015,AW-10840,Texas,Central,OFF-BI-10000088,8.784,4
1569,US-2017-152002,6/11/2017,DV-13465,California,West,OFF-PA-10000357,122.97,3
1570,CA-2017-165029,11/26/2017,AH-10075,Georgia,South,OFF-AR-10003504,12.84,3
1571,US-2014-157385,11/23/2014,SC-20095,California,West,FUR-CH-10000863,603.92,5
1572,US-2014-157385,11/23/2014,SC-20095,California,West,OFF-EN-10003160,21.84,3
1573,US-2014-157385,11/23/2014,SC-20095,California,West,TEC-AC-10003280,29.99,1
1574,US-2014-157385,11/23/2014,SC-20095,California,West,FUR-CH-10000595,381.44,2
1575,CA-2014-101602,12/15/2014,MC-18100,Texas,Central,TEC-PH-10000169,40.68,3
1576,CA-2014-101602,12/15/2014,MC-18100,Texas,Central,FUR-CH-10004675,763.28,5
1577,CA-2016-109057,4/22/2016,TT-21460,Illinois,Central,OFF-ST-10002406,23.952,2
1578,CA-2016-154403,5/23/2016,AP-10720,Alabama,South,OFF-PA-10001526,4.98,1
1579,CA-2016-102456,2/27/2016,DL-12865,New York,East,OFF-AP-10004336,170.88,3
1580,CA-2015-131338,8/9/2015,NP-18325,New York,East,TEC-PH-10003012,307.98,2
1581,CA-2015-131338,8/9/2015,NP-18325,New York,East,FUR-TA-10002607,382.806,9
1582,CA-2015-131338,8/9/2015,NP-18325,New York,East,OFF-ST-10000642,41.96,2
1583,CA-2015-131338,8/9/2015,NP-18325,New York,East,OFF-BI-10000545,1217.568,2
1584,CA-2015-131338,8/9/2015,NP-18325,New York,East,FUR-FU-10002157,47.04,3
1585,CA-2015-131338,8/9/2015,NP-18325,New York,East,FUR-FU-10001706,6.16,2
1586,CA-2015-131338,8/9/2015,NP-18325,New York,East,TEC-PH-10000984,979.95,5
1587,CA-2015-131338,8/9/2015,NP-18325,New York,East,OFF-PA-10001357,143.7,3
1588,CA-2015-131338,8/9/2015,NP-18325,New York,East,OFF-FA-10000992,10.65,3
1589,CA-2015-131338,8/9/2015,NP-18325,New York,East,TEC-AC-10002600,247.8,4
1590,CA-2016-109911,5/12/2016,VG-21805,Virginia,South,OFF-AR-10001662,10.96,4
1591,US-2016-132423,4/15/2016,MY-18295,Texas,Central,OFF-AR-10001221,33.488,7
1592,US-2016-132423,4/15/2016,MY-18295,Texas,Central,OFF-FA-10002988,8.04,5
1593,CA-2015-122826,6/23/2015,RD-19480,Washington,West,TEC-PH-10004830,201.568,4
1594,CA-2014-117317,10/19/2014,JF-15490,California,West,OFF-PA-10004519,13.44,3
1595,CA-2015-118423,3/24/2015,DP-13390,Illinois,Central,FUR-BO-10000362,359.058,3
1596,CA-2017-149181,5/8/2017,MD-17350,Ohio,East,FUR-CH-10004540,47.992,2
1597,CA-2017-132234,10/16/2017,MY-17380,New York,East,FUR-FU-10001290,547.3,13
1598,CA-2017-158876,11/19/2017,AB-10150,Texas,Central,OFF-PA-10000308,16.896,4
1599,CA-2017-158876,11/19/2017,AB-10150,Texas,Central,OFF-SU-10001165,6.672,1
1600,CA-2017-158876,11/19/2017,AB-10150,Texas,Central,OFF-AR-10003373,99.136,4
1601,CA-2017-158876,11/19/2017,AB-10150,Texas,Central,FUR-FU-10001967,15.992,2
1602,CA-2016-164672,5/8/2016,GB-14530,Delaware,East,FUR-FU-10001488,211.96,2
1603,US-2016-132857,12/11/2016,CA-12775,Tennessee,South,OFF-AR-10003251,6.672,3
1604,CA-2017-116645,11/30/2017,ME-17725,Delaware,East,OFF-AR-10001044,155.94,6
1605,US-2016-115819,4/19/2016,JO-15280,California,West,TEC-PH-10004700,39.96,5
1606,US-2016-115819,4/19/2016,JO-15280,California,West,OFF-AR-10000823,5.46,3
1607,US-2016-115819,4/19/2016,JO-15280,California,West,OFF-AR-10004456,73.2,5
1608,US-2016-115819,4/19/2016,JO-15280,California,West,OFF-BI-10000050,5.84,1
1609,US-2016-115819,4/19/2016,JO-15280,California,West,OFF-PA-10002377,22.72,4
1610,US-2016-115819,4/19/2016,JO-15280,California,West,OFF-BI-10000591,9.336,3
1611,CA-2014-156349,5/26/2014,ML-17395,California,West,FUR-BO-10000362,290.666,2
1612,CA-2014-156349,5/26/2014,ML-17395,California,West,TEC-PH-10000441,201.584,2
1613,CA-2014-156349,5/26/2014,ML-17395,California,West,TEC-PH-10002726,83.984,2
1614,CA-2017-138380,12/21/2017,YS-21880,California,West,OFF-ST-10003306,1000.02,7
1615,US-2016-113509,3/15/2016,PL-18925,Pennsylvania,East,TEC-AC-10004855,83.976,3
1616,CA-2015-130022,8/10/2015,JK-16120,Minnesota,Central,OFF-LA-10002787,3.75,1
1617,CA-2015-130022,8/10/2015,JK-16120,Minnesota,Central,OFF-LA-10002043,41.4,4
1618,CA-2015-130022,8/10/2015,JK-16120,Minnesota,Central,OFF-AR-10001915,29.79,3
1619,US-2016-118780,9/10/2016,PN-18775,New York,East,OFF-ST-10000352,59.48,2
1620,US-2016-118780,9/10/2016,PN-18775,New York,East,OFF-PA-10000575,6.69,1
1621,CA-2017-108560,7/8/2017,JC-15385,Washington,West,FUR-FU-10002937,198.46,2
1622,CA-2017-108560,7/8/2017,JC-15385,Washington,West,OFF-LA-10003930,786.48,8
1623,CA-2017-108560,7/8/2017,JC-15385,Washington,West,OFF-BI-10001107,23.168,2
1624,CA-2017-108560,7/8/2017,JC-15385,Washington,West,TEC-AC-10003063,50,2
1625,CA-2015-157084,12/19/2015,JG-15160,California,West,TEC-PH-10002922,675.96,5
1626,CA-2015-157084,12/19/2015,JG-15160,California,West,TEC-AC-10002049,1265.85,3
1627,CA-2015-164539,11/16/2015,PO-19180,New York,East,OFF-AP-10002457,523.25,5
1628,CA-2015-143119,9/24/2015,MC-17275,Louisiana,South,FUR-CH-10001270,517.5,6
1629,CA-2017-101049,6/21/2017,AS-10240,Ohio,East,FUR-FU-10004415,17.92,5
1630,CA-2017-101049,6/21/2017,AS-10240,Ohio,East,OFF-BI-10001510,41.256,6
1631,CA-2016-106530,5/8/2016,CL-12565,Ohio,East,OFF-ST-10002011,1006.056,3
1632,CA-2016-106530,5/8/2016,CL-12565,Ohio,East,OFF-PA-10002986,10.688,2
1633,CA-2016-106530,5/8/2016,CL-12565,Ohio,East,OFF-PA-10004451,10.368,2
1634,CA-2016-106530,5/8/2016,CL-12565,Ohio,East,OFF-ST-10000649,25.12,2
1635,CA-2016-106530,5/8/2016,CL-12565,Ohio,East,TEC-AC-10001465,58.112,2
1636,CA-2014-168984,11/26/2014,NW-18400,Oregon,West,OFF-PA-10001166,15.552,3
1637,CA-2014-168984,11/26/2014,NW-18400,Oregon,West,OFF-ST-10001097,669.08,5
1638,CA-2014-168984,11/26/2014,NW-18400,Oregon,West,TEC-PH-10000038,438.336,4
1639,CA-2016-157266,5/26/2016,TB-21280,District of Columbia,East,OFF-PA-10002689,19.44,3
1640,CA-2016-157266,5/26/2016,TB-21280,District of Columbia,East,OFF-BI-10004728,9.64,2
1641,CA-2016-157266,5/26/2016,TB-21280,District of Columbia,East,OFF-PA-10004675,12.7,2
1642,CA-2016-157266,5/26/2016,TB-21280,District of Columbia,East,FUR-FU-10000629,41.37,3
1643,US-2014-134712,11/29/2014,BS-11380,Illinois,Central,OFF-FA-10003112,12.624,2
1644,CA-2015-111829,3/19/2015,FH-14365,Washington,West,OFF-ST-10000142,1247.64,3
1645,CA-2015-111829,3/19/2015,FH-14365,Washington,West,TEC-CO-10001766,3149.93,7
1646,CA-2015-111829,3/19/2015,FH-14365,Washington,West,OFF-PA-10004359,209.7,2
1647,CA-2015-105221,11/1/2015,VM-21685,Pennsylvania,East,TEC-AC-10002323,35.36,2
1648,CA-2015-105221,11/1/2015,VM-21685,Pennsylvania,East,OFF-FA-10001135,3.168,2
1649,CA-2015-120341,9/26/2015,SF-20200,Pennsylvania,East,OFF-BI-10004224,121.104,6
1650,CA-2015-120341,9/26/2015,SF-20200,Pennsylvania,East,TEC-PH-10003357,45.894,1
1651,CA-2014-135699,8/29/2014,HH-15010,California,West,OFF-PA-10004475,109.92,2
1652,CA-2014-135699,8/29/2014,HH-15010,California,West,OFF-PA-10003001,13.36,2
1653,US-2017-132444,11/18/2017,CD-12280,Washington,West,OFF-ST-10003442,169.68,6
1654,US-2017-132444,11/18/2017,CD-12280,Washington,West,TEC-AC-10003832,132.52,4
1655,US-2017-132444,11/18/2017,CD-12280,Washington,West,OFF-FA-10000611,2.96,2
1656,US-2017-132444,11/18/2017,CD-12280,Washington,West,OFF-BI-10001116,8.448,2
1657,US-2017-132444,11/18/2017,CD-12280,Washington,West,OFF-ST-10000563,95.94,3
1658,CA-2014-127159,5/12/2014,HL-15040,Wisconsin,Central,FUR-FU-10000010,34.79,7
1659,CA-2017-161809,1/20/2017,TH-21100,California,West,TEC-PH-10004922,160.776,3
1660,CA-2017-127285,10/30/2017,MM-18055,Washington,West,OFF-BI-10004330,88.752,3
1661,CA-2017-127285,10/30/2017,MM-18055,Washington,West,OFF-BI-10002072,13.904,2
1662,CA-2017-144526,4/30/2017,QJ-19255,Pennsylvania,East,TEC-PH-10002549,677.58,5
1663,CA-2017-144526,4/30/2017,QJ-19255,Pennsylvania,East,OFF-BI-10002353,13.896,3
1664,CA-2016-128531,11/24/2016,NS-18505,Texas,Central,OFF-ST-10001325,41.92,5
1665,CA-2016-128531,11/24/2016,NS-18505,Texas,Central,TEC-AC-10002049,297.576,3
1666,CA-2016-128531,11/24/2016,NS-18505,Texas,Central,OFF-FA-10002676,4.344,3
1667,CA-2016-128531,11/24/2016,NS-18505,Texas,Central,TEC-AC-10003023,94.992,2
1668,CA-2016-128531,11/24/2016,NS-18505,Texas,Central,OFF-PA-10000167,74.352,3
1669,CA-2016-128531,11/24/2016,NS-18505,Texas,Central,OFF-AR-10003405,14.04,3
1670,US-2015-157154,1/10/2015,MM-17920,New York,East,FUR-TA-10001889,1018.104,4
1671,CA-2017-159457,10/19/2017,RD-19480,Texas,Central,TEC-PH-10002185,16.68,3
1672,CA-2016-107615,3/22/2016,RB-19645,Nevada,West,TEC-AC-10001013,58.58,2
1673,CA-2017-111647,7/3/2017,RD-19585,Texas,Central,TEC-PH-10002726,167.968,4
1674,CA-2015-150560,12/11/2015,SW-20455,Virginia,South,OFF-LA-10003930,196.62,2
1675,CA-2015-143077,9/17/2015,SF-20965,Texas,Central,FUR-FU-10003535,21.936,2
1676,CA-2015-143077,9/17/2015,SF-20965,Texas,Central,OFF-BI-10000088,6.588,3
1677,CA-2016-122728,5/18/2016,EB-13930,California,West,OFF-ST-10000604,104.28,3
1678,CA-2016-122728,5/18/2016,EB-13930,California,West,OFF-PA-10004040,17.94,3
1679,CA-2014-122882,9/7/2014,SB-20290,Pennsylvania,East,OFF-ST-10002344,64.784,1
1680,CA-2014-122882,9/7/2014,SB-20290,Pennsylvania,East,TEC-PH-10003589,32.382,3
1681,CA-2014-122882,9/7/2014,SB-20290,Pennsylvania,East,FUR-FU-10000758,42.368,2
1682,CA-2014-122882,9/7/2014,SB-20290,Pennsylvania,East,TEC-MA-10004679,399.54,4
1683,US-2016-101497,9/29/2016,PS-18760,California,West,OFF-PA-10000176,18.97,1
1684,CA-2016-147585,11/7/2016,CB-12535,California,West,FUR-FU-10002597,14.82,3
1685,CA-2017-149489,4/24/2017,DK-12835,Pennsylvania,East,OFF-AP-10002495,99.28,2
1686,CA-2017-149489,4/24/2017,DK-12835,Pennsylvania,East,OFF-BI-10002813,1.188,2
1687,CA-2017-149489,4/24/2017,DK-12835,Pennsylvania,East,OFF-BI-10002414,7.518,2
1688,CA-2017-143798,12/10/2017,AW-10840,Pennsylvania,East,OFF-PA-10000788,10.368,2
1689,CA-2017-143798,12/10/2017,AW-10840,Pennsylvania,East,FUR-FU-10004306,310.88,2
1690,CA-2014-142839,8/16/2014,TS-21610,Pennsylvania,East,FUR-TA-10001539,853.092,6
1691,CA-2017-129833,12/9/2017,HF-14995,Indiana,Central,OFF-PA-10000575,33.45,5
1692,CA-2017-129833,12/9/2017,HF-14995,Indiana,Central,OFF-BI-10004182,10.4,5
1693,US-2016-154361,3/14/2016,HZ-14950,Ohio,East,FUR-FU-10004020,21.88,5
1694,US-2016-158708,6/26/2016,AB-10255,Texas,Central,TEC-AC-10003133,13.616,2
1695,CA-2015-156335,9/25/2015,PO-19195,New Jersey,East,TEC-AC-10002006,63.96,4
1696,CA-2015-156335,9/25/2015,PO-19195,New Jersey,East,OFF-BI-10003314,14.46,3
1697,CA-2015-156335,9/25/2015,PO-19195,New Jersey,East,TEC-PH-10002726,104.98,2
1698,CA-2015-148376,12/27/2015,AG-10900,California,West,OFF-AP-10000240,106.96,2
1699,CA-2015-148376,12/27/2015,AG-10900,California,West,OFF-LA-10002381,21.56,7
1700,CA-2014-135657,6/3/2014,SC-20725,Washington,West,FUR-TA-10004086,515.88,6
1701,CA-2015-114069,7/13/2015,ND-18370,New York,East,OFF-BI-10000320,11.808,2
1702,CA-2015-114069,7/13/2015,ND-18370,New York,East,FUR-CH-10000595,1931.04,9
1703,CA-2015-114069,7/13/2015,ND-18370,New York,East,OFF-PA-10000349,9.96,2
1704,CA-2014-139857,2/2/2014,CD-12790,California,West,OFF-FA-10001843,12.35,5
1705,CA-2016-106306,3/8/2016,PG-18820,Arizona,West,OFF-BI-10003676,9.702,3
1706,CA-2015-100545,11/22/2015,IM-15070,Pennsylvania,East,OFF-BI-10003638,11.61,2
1707,CA-2017-123491,10/30/2017,JK-15205,California,West,OFF-LA-10003077,43.86,6
1708,CA-2017-123491,10/30/2017,JK-15205,California,West,TEC-PH-10003505,148.48,2
1709,CA-2017-123491,10/30/2017,JK-15205,California,West,OFF-PA-10003424,7.42,2
1710,CA-2017-123491,10/30/2017,JK-15205,California,West,FUR-CH-10003061,71.992,1
1711,CA-2017-123491,10/30/2017,JK-15205,California,West,OFF-AR-10003514,19.9,5
1712,CA-2017-123491,10/30/2017,JK-15205,California,West,OFF-AP-10002684,1702.12,14
1713,CA-2015-145401,1/30/2015,JP-15520,Texas,Central,OFF-PA-10004405,14.304,6
1714,US-2017-124968,9/8/2017,MM-18055,Illinois,Central,FUR-TA-10004289,765.625,7
1715,CA-2017-104003,10/7/2017,DC-13285,California,West,FUR-BO-10003965,307.666,2
1716,CA-2016-154788,4/30/2016,JL-15835,New York,East,OFF-BI-10003314,7.712,2
1717,CA-2016-169943,5/19/2016,BN-11515,New York,East,OFF-AP-10001563,242.9,5
1718,CA-2016-169943,5/19/2016,BN-11515,New York,East,OFF-ST-10004123,454.9,5
1719,CA-2016-169943,5/19/2016,BN-11515,New York,East,FUR-FU-10002088,35.92,4
1720,CA-2016-169943,5/19/2016,BN-11515,New York,East,FUR-FU-10000010,39.76,8
1721,CA-2016-169943,5/19/2016,BN-11515,New York,East,OFF-BI-10002824,47.744,4
1722,US-2015-123218,12/20/2015,KD-16345,Illinois,Central,TEC-PH-10001061,159.984,2
1723,US-2015-123218,12/20/2015,KD-16345,Illinois,Central,TEC-AC-10000736,255.968,4
1724,US-2015-123218,12/20/2015,KD-16345,Illinois,Central,FUR-BO-10003966,359.058,3
1725,CA-2015-127453,12/19/2015,JK-15370,Pennsylvania,East,OFF-AP-10000828,434.352,3
1726,CA-2015-127453,12/19/2015,JK-15370,Pennsylvania,East,OFF-AP-10002906,3.552,2
1727,CA-2015-127453,12/19/2015,JK-15370,Pennsylvania,East,OFF-AP-10003860,88.832,4
1728,US-2017-164056,4/29/2017,FM-14215,Ohio,East,FUR-TA-10001307,1048.35,5
1729,CA-2016-106894,2/7/2016,CA-12265,Virginia,South,TEC-AC-10003063,100,4
1730,CA-2016-106894,2/7/2016,CA-12265,Virginia,South,OFF-LA-10001045,7.83,3
1731,CA-2014-125136,9/28/2014,KD-16495,North Carolina,South,OFF-PA-10001457,96.256,8
1732,CA-2014-125136,9/28/2014,KD-16495,North Carolina,South,OFF-PA-10001804,10.688,2
1733,US-2016-131149,7/10/2016,LH-17155,Texas,Central,OFF-ST-10000689,338.04,3
1734,US-2016-131149,7/10/2016,LH-17155,Texas,Central,OFF-AR-10002135,154.24,4
1735,CA-2017-101483,7/29/2017,AG-10675,North Carolina,South,OFF-AP-10002082,34.848,2
1736,CA-2017-101483,7/29/2017,AG-10675,North Carolina,South,TEC-PH-10003442,22,5
1737,CA-2017-101483,7/29/2017,AG-10675,North Carolina,South,OFF-AR-10002833,4.368,3
1738,CA-2015-130204,9/3/2015,DB-13120,California,West,OFF-ST-10001325,31.44,3
1739,CA-2015-130204,9/3/2015,DB-13120,California,West,TEC-AC-10003038,17.9,2
1740,CA-2015-130204,9/3/2015,DB-13120,California,West,TEC-AC-10003590,129.45,5
1741,CA-2014-110527,8/9/2014,ED-13885,California,West,OFF-LA-10000262,20.88,8
1742,CA-2017-152807,10/30/2017,MC-18100,Pennsylvania,East,OFF-PA-10004355,20.736,4
1743,CA-2017-152807,10/30/2017,MC-18100,Pennsylvania,East,FUR-FU-10004415,7.168,2
1744,CA-2017-152807,10/30/2017,MC-18100,Pennsylvania,East,OFF-ST-10002486,11.168,2
1745,CA-2017-152807,10/30/2017,MC-18100,Pennsylvania,East,TEC-AC-10001142,442.4,7
1746,CA-2014-133270,6/6/2014,BM-11785,New York,East,OFF-AR-10002656,13.36,2
1747,CA-2016-155670,8/13/2016,EM-14065,North Carolina,South,OFF-BI-10000138,11.232,8
1748,CA-2016-155670,8/13/2016,EM-14065,North Carolina,South,OFF-PA-10004947,10.272,3
1749,US-2014-157406,4/25/2014,DA-13450,Texas,Central,OFF-PA-10003543,10.368,2
1750,US-2014-157406,4/25/2014,DA-13450,Texas,Central,OFF-AR-10002221,6.24,3
1751,CA-2015-139094,11/22/2015,MO-17800,Texas,Central,FUR-TA-10004607,206.962,2
1752,CA-2017-168837,10/14/2017,JW-15955,California,West,FUR-FU-10001918,9.46,2
1753,CA-2017-116715,12/2/2017,VW-21775,California,West,OFF-ST-10004340,559.62,9
1754,CA-2017-116715,12/2/2017,VW-21775,California,West,OFF-PA-10004475,109.92,2
1755,CA-2017-116715,12/2/2017,VW-21775,California,West,OFF-PA-10003893,8.56,2
1756,CA-2015-135622,12/8/2015,TT-21460,Texas,Central,OFF-PA-10000100,360.712,11
1757,CA-2015-135622,12/8/2015,TT-21460,Texas,Central,TEC-PH-10001817,1718.4,6
1758,US-2015-107349,7/13/2015,SL-20155,Texas,Central,OFF-BI-10001765,41.568,6
1759,CA-2014-139017,5/11/2014,RM-19375,Texas,Central,TEC-AC-10001013,46.864,2
1760,CA-2014-141817,1/5/2014,MB-18085,Pennsylvania,East,OFF-AR-10003478,19.536,3
1761,CA-2015-130785,9/5/2015,AG-10900,California,West,FUR-BO-10000330,411.332,4
1762,CA-2015-130785,9/5/2015,AG-10900,California,West,OFF-BI-10001900,28.752,6
1763,CA-2015-130785,9/5/2015,AG-10900,California,West,FUR-BO-10003159,293.199,3
1764,CA-2016-110254,8/4/2016,ML-17755,Virginia,South,OFF-SU-10002573,35.06,2
1765,CA-2016-110254,8/4/2016,ML-17755,Virginia,South,OFF-LA-10004484,4.13,1
1766,CA-2016-110254,8/4/2016,ML-17755,Virginia,South,FUR-FU-10001591,109.8,9
1767,CA-2016-110254,8/4/2016,ML-17755,Virginia,South,OFF-LA-10002034,9.82,2
1768,US-2014-158057,3/22/2014,CC-12685,North Carolina,South,OFF-BI-10004410,7.644,4
1769,US-2014-158057,3/22/2014,CC-12685,North Carolina,South,OFF-BI-10002735,51.465,5
1770,CA-2017-146024,3/2/2017,SC-20770,Texas,Central,OFF-SU-10001935,6.976,4
1771,CA-2017-146024,3/2/2017,SC-20770,Texas,Central,OFF-BI-10003291,12.222,7
1772,CA-2016-129686,11/27/2016,GG-14650,Illinois,Central,OFF-ST-10004337,97.984,2
1773,CA-2016-129686,11/27/2016,GG-14650,Illinois,Central,TEC-AC-10001266,62.4,6
1774,CA-2014-118976,4/28/2014,MY-18295,Maryland,East,OFF-BI-10001628,20.86,2
1775,CA-2014-118976,4/28/2014,MY-18295,Maryland,East,OFF-ST-10000877,497.61,9
1776,CA-2014-118976,4/28/2014,MY-18295,Maryland,East,OFF-AR-10004752,5.34,2
1777,CA-2014-118976,4/28/2014,MY-18295,Maryland,East,OFF-LA-10000452,3.15,1
1778,CA-2015-105347,11/24/2015,DP-13000,California,West,OFF-PA-10000675,368.91,9
1779,CA-2015-105347,11/24/2015,DP-13000,California,West,OFF-AR-10003045,14.7,5
1780,CA-2016-124667,11/11/2016,BD-11770,New York,East,TEC-AC-10003447,59.97,3
1781,CA-2016-124667,11/11/2016,BD-11770,New York,East,OFF-ST-10002276,83.36,1
1782,CA-2015-111094,7/9/2015,CB-12535,Massachusetts,East,OFF-PA-10001609,6.58,2
1783,CA-2015-111094,7/9/2015,CB-12535,Massachusetts,East,OFF-BI-10001597,122.94,3
1784,CA-2017-166317,9/22/2017,JE-15610,Wisconsin,Central,OFF-PA-10004475,219.84,4
1785,CA-2017-166317,9/22/2017,JE-15610,Wisconsin,Central,TEC-AC-10004510,98.16,6
1786,CA-2017-166317,9/22/2017,JE-15610,Wisconsin,Central,OFF-BI-10002976,33.04,8
1787,CA-2017-166317,9/22/2017,JE-15610,Wisconsin,Central,TEC-PH-10001615,86.97,3
1788,CA-2015-154326,2/15/2015,RP-19855,Wisconsin,Central,TEC-PH-10001819,134.97,3
1789,CA-2015-154326,2/15/2015,RP-19855,Wisconsin,Central,TEC-PH-10000560,699.98,2
1790,CA-2015-154326,2/15/2015,RP-19855,Wisconsin,Central,TEC-AC-10004568,139.95,5
1791,CA-2014-102008,9/30/2014,RA-19915,New York,East,OFF-PA-10004092,48.94,1
1792,CA-2014-120474,12/1/2014,RP-19390,Wisconsin,Central,FUR-CH-10001854,2807.84,8
1793,CA-2014-120474,12/1/2014,RP-19390,Wisconsin,Central,OFF-AR-10000475,46.64,4
1794,CA-2014-104773,12/8/2014,TB-21175,Texas,Central,OFF-ST-10000777,60.416,2
1795,CA-2016-140774,9/5/2016,BE-11455,Kansas,Central,OFF-AR-10004022,107.94,3
1796,US-2017-139465,8/27/2017,MR-17545,New York,East,OFF-ST-10002352,63.84,8
1797,US-2017-139465,8/27/2017,MR-17545,New York,East,TEC-PH-10000455,347.97,3
1798,US-2017-139465,8/27/2017,MR-17545,New York,East,OFF-BI-10003910,37.008,6
1799,CA-2016-100965,7/7/2016,RM-19375,California,West,FUR-FU-10003039,215.65,5
1800,CA-2016-121034,8/8/2016,JF-15565,Texas,Central,OFF-FA-10000585,11.168,4
1801,CA-2016-121034,8/8/2016,JF-15565,Texas,Central,OFF-PA-10001994,53.952,3
1802,CA-2016-149461,11/13/2016,AS-10135,Washington,West,FUR-FU-10004270,4.18,1
1803,CA-2017-158379,9/22/2017,JA-15970,Pennsylvania,East,OFF-BI-10002498,5.607,1
1804,CA-2017-158379,9/22/2017,JA-15970,Pennsylvania,East,OFF-SU-10002881,4663.736,7
1805,CA-2017-158379,9/22/2017,JA-15970,Pennsylvania,East,TEC-AC-10002926,79.984,2
1806,US-2016-116729,12/25/2016,GK-14620,California,West,TEC-PH-10002200,2575.944,7
1807,US-2016-116729,12/25/2016,GK-14620,California,West,OFF-PA-10002005,45.36,7
1808,US-2016-116729,12/25/2016,GK-14620,California,West,TEC-AC-10001465,254.24,7
1809,CA-2016-164938,2/11/2016,PB-19210,Oklahoma,Central,TEC-PH-10004897,69.93,7
1810,CA-2016-165484,10/23/2016,HK-14890,Illinois,Central,FUR-FU-10001196,16.156,7
1811,CA-2016-165484,10/23/2016,HK-14890,Illinois,Central,OFF-PA-10000595,54.816,3
1812,CA-2014-132612,6/9/2014,FO-14305,Virginia,South,FUR-TA-10004534,1441.3,7
1813,US-2017-161193,11/20/2017,BT-11680,Ohio,East,FUR-FU-10001861,77.6,5
1814,US-2017-161193,11/20/2017,BT-11680,Ohio,East,FUR-FU-10000206,4.656,2
1815,CA-2015-131597,9/14/2015,SP-20620,California,West,FUR-TA-10002607,170.136,3
1816,CA-2015-164833,6/4/2015,LL-16840,Washington,West,OFF-LA-10000443,7.38,2
1817,CA-2015-164833,6/4/2015,LL-16840,Washington,West,OFF-AR-10004685,9.26,2
1818,CA-2015-125423,12/13/2015,MC-17575,California,West,OFF-LA-10001771,9.96,2
1819,US-2014-130379,5/25/2014,JL-15235,Illinois,Central,OFF-AP-10001394,75.6,2
1820,US-2014-130379,5/25/2014,JL-15235,Illinois,Central,FUR-FU-10002553,29.32,2
1821,CA-2016-168956,2/16/2016,EA-14035,Illinois,Central,OFF-AP-10004233,92.064,6
1822,CA-2016-168956,2/16/2016,EA-14035,Illinois,Central,OFF-FA-10000304,6.976,4
1823,CA-2016-168956,2/16/2016,EA-14035,Illinois,Central,FUR-CH-10004754,62.958,3
1824,CA-2016-168956,2/16/2016,EA-14035,Illinois,Central,OFF-PA-10000809,5.184,1
1825,CA-2016-167507,12/22/2016,SA-20830,Oregon,West,OFF-BI-10003694,31.32,10
1826,CA-2016-167507,12/22/2016,SA-20830,Oregon,West,FUR-FU-10001935,11.84,4
1827,CA-2016-167507,12/22/2016,SA-20830,Oregon,West,FUR-FU-10002878,22.784,1
1828,CA-2016-109344,2/8/2016,CH-12070,North Carolina,South,TEC-PH-10002624,1127.976,3
1829,US-2015-140851,7/13/2015,ND-18460,Georgia,South,OFF-PA-10000019,38.88,6
1830,CA-2014-103373,5/18/2014,BS-11755,Ohio,East,TEC-PH-10002885,779.796,2
1831,CA-2017-145884,10/21/2017,SL-20155,Oklahoma,Central,TEC-PH-10000895,1439.92,8
1832,CA-2017-145884,10/21/2017,SL-20155,Oklahoma,Central,FUR-TA-10002356,262.11,1
1833,CA-2015-131422,11/5/2015,GB-14530,North Carolina,South,FUR-CH-10001270,207,3
1834,CA-2017-162691,8/1/2017,AS-10045,Texas,Central,TEC-MA-10000488,1439.982,3
1835,CA-2017-162691,8/1/2017,AS-10045,Texas,Central,OFF-PA-10003729,36.288,7
1836,CA-2014-141278,6/21/2014,RM-19375,Connecticut,East,OFF-AR-10003056,21.4,5
1837,CA-2017-122693,2/19/2017,NH-18610,Georgia,South,OFF-AP-10002518,1245.86,7
1838,CA-2014-117345,8/1/2014,BF-10975,North Carolina,South,OFF-LA-10000240,17.544,3
1839,CA-2014-117345,8/1/2014,BF-10975,North Carolina,South,FUR-FU-10000629,44.128,4
1840,CA-2014-117345,8/1/2014,BF-10975,North Carolina,South,OFF-AP-10001005,62.92,1
1841,CA-2014-117345,8/1/2014,BF-10975,North Carolina,South,OFF-PA-10002377,78.304,2
1842,CA-2016-157763,7/18/2016,KH-16330,Kentucky,South,FUR-CH-10000988,140.81,1
1843,CA-2015-135391,2/9/2015,FA-14230,Texas,Central,OFF-LA-10001074,40.096,4
1844,CA-2015-135391,2/9/2015,FA-14230,Texas,Central,FUR-FU-10001986,40.784,2
1845,US-2017-113852,7/29/2017,GW-14605,Washington,West,TEC-AC-10003027,90.57,3
1846,US-2017-158512,1/12/2017,DA-13450,District of Columbia,East,OFF-PA-10001804,40.08,6
1847,US-2017-158512,1/12/2017,DA-13450,District of Columbia,East,FUR-FU-10004973,37.68,2
1848,CA-2017-128370,9/10/2017,FH-14275,California,West,FUR-CH-10002602,362.352,3
1849,CA-2017-128370,9/10/2017,FH-14275,California,West,OFF-BI-10004140,7.184,2
1850,CA-2015-160472,7/20/2015,RK-19300,Indiana,Central,OFF-ST-10000464,34.76,1
1851,CA-2015-160472,7/20/2015,RK-19300,Indiana,Central,TEC-AC-10002253,831.2,5
1852,CA-2015-160472,7/20/2015,RK-19300,Indiana,Central,OFF-PA-10000528,26.4,5
1853,CA-2015-160472,7/20/2015,RK-19300,Indiana,Central,OFF-EN-10000483,106.75,7
1854,CA-2015-160472,7/20/2015,RK-19300,Indiana,Central,OFF-PA-10003129,97.82,2
1855,CA-2015-160472,7/20/2015,RK-19300,Indiana,Central,OFF-ST-10003442,141.4,5
1856,CA-2014-114643,6/13/2014,FM-14215,California,West,OFF-AR-10003631,14.52,3
1857,US-2017-158218,5/12/2017,AC-10420,Texas,Central,OFF-ST-10000563,127.92,5
1858,US-2017-158218,5/12/2017,AC-10420,Texas,Central,OFF-BI-10002133,34.24,4
1859,CA-2015-121608,9/3/2015,JB-15400,Connecticut,East,OFF-AP-10002311,137.62,2
1860,CA-2015-121608,9/3/2015,JB-15400,Connecticut,East,TEC-PH-10004959,100.49,1
1861,US-2017-121251,3/26/2017,GM-14440,New York,East,FUR-BO-10001918,257.568,2
1862,US-2017-121251,3/26/2017,GM-14440,New York,East,TEC-PH-10004896,119.96,4
1863,CA-2014-151078,11/12/2014,RF-19840,Texas,Central,OFF-ST-10001328,49.632,4
1864,US-2016-100839,10/13/2016,NC-18625,Colorado,West,FUR-TA-10004575,727.45,5
1865,US-2016-100839,10/13/2016,NC-18625,Colorado,West,FUR-FU-10001617,24.96,3
1866,US-2017-116659,11/12/2017,NG-18355,Ohio,East,TEC-PH-10002824,370.782,3
1867,CA-2017-118857,4/15/2017,AH-10075,Nevada,West,FUR-FU-10004460,196.45,5
1868,CA-2015-127110,6/25/2015,CH-12070,Pennsylvania,East,OFF-PA-10003309,31.104,6
1869,CA-2015-127110,6/25/2015,CH-12070,Pennsylvania,East,OFF-ST-10002554,78.256,2
1870,CA-2016-148201,8/26/2016,CC-12145,Washington,West,OFF-PA-10000019,6.48,1
1871,CA-2014-116932,7/21/2014,ME-18010,California,West,OFF-AR-10002067,99.2,5
1872,CA-2014-116932,7/21/2014,ME-18010,California,West,FUR-CH-10001215,801.568,2
1873,CA-2014-116932,7/21/2014,ME-18010,California,West,FUR-TA-10004175,272.848,1
1874,CA-2017-142888,11/21/2017,BP-11230,Washington,West,FUR-TA-10004767,70.98,1
1875,CA-2014-147914,6/4/2014,MP-17470,Ohio,East,OFF-PA-10001685,16.224,2
1876,US-2016-112977,3/10/2016,CJ-12010,New York,East,FUR-BO-10003272,176.784,1
1877,CA-2017-112039,3/25/2017,JC-15775,Texas,Central,TEC-PH-10000984,470.376,3
1878,CA-2017-118885,12/29/2017,JG-15160,California,West,FUR-CH-10002880,393.568,4
1879,CA-2017-118885,12/29/2017,JG-15160,California,West,TEC-PH-10002563,302.376,3
1880,US-2017-166611,3/28/2017,CK-12760,Florida,South,OFF-BI-10001191,68.742,9
1881,CA-2015-109512,3/5/2015,LF-17185,New York,East,OFF-EN-10002621,29.34,3
1882,CA-2015-109512,3/5/2015,LF-17185,New York,East,FUR-CH-10001146,383.607,7
1883,CA-2015-109512,3/5/2015,LF-17185,New York,East,OFF-ST-10000689,563.4,4
1884,CA-2016-118570,11/13/2016,CC-12430,Pennsylvania,East,OFF-PA-10001289,217.056,7
1885,CA-2017-154718,1/19/2017,DL-12865,Texas,Central,OFF-LA-10003714,6,2
1886,CA-2016-147578,4/22/2016,PG-18895,California,West,FUR-FU-10001889,31.56,3
1887,CA-2014-140165,5/13/2014,EH-14005,Florida,South,OFF-FA-10002815,7.104,2
1888,CA-2014-140165,5/13/2014,EH-14005,Florida,South,OFF-BI-10004519,398.352,8
1889,CA-2014-142587,10/21/2014,TB-21520,Ohio,East,OFF-AP-10004708,121.792,4
1890,CA-2014-142587,10/21/2014,TB-21520,Ohio,East,FUR-TA-10000617,409.59,3
1891,CA-2014-157623,3/14/2014,DK-13225,California,West,OFF-PA-10001204,10.56,2
1892,CA-2014-157623,3/14/2014,DK-13225,California,West,OFF-AR-10003723,3.38,1
1893,CA-2017-145310,12/22/2017,JP-15520,Florida,South,OFF-EN-10002621,7.824,1
1894,CA-2016-100083,11/24/2016,CD-11980,Oregon,West,OFF-PA-10000241,24.784,1
1895,US-2017-108063,12/2/2017,AS-10090,Virginia,South,OFF-AR-10001446,34.65,3
1896,CA-2015-109197,12/31/2015,JO-15280,Montana,West,OFF-BI-10004632,487.984,2
1897,CA-2017-141789,10/3/2017,AC-10450,Minnesota,Central,OFF-BI-10001359,1793.98,2
1898,CA-2014-169775,8/29/2014,RA-19945,Florida,South,OFF-EN-10001749,29.808,2
1899,CA-2014-169775,8/29/2014,RA-19945,Florida,South,OFF-BI-10004390,505.176,4
1900,CA-2014-169775,8/29/2014,RA-19945,Florida,South,FUR-TA-10001857,174.0585,3
1901,CA-2016-140543,6/29/2016,Co-12640,South Carolina,South,OFF-ST-10000563,191.88,6
1902,CA-2016-151141,8/20/2016,DW-13480,Michigan,Central,TEC-PH-10004924,14.78,2
1903,CA-2017-167094,10/21/2017,DK-12835,Oregon,West,OFF-PA-10003953,5.184,1
1904,CA-2017-167094,10/21/2017,DK-12835,Oregon,West,FUR-CH-10000155,478.48,2
1905,CA-2017-167094,10/21/2017,DK-12835,Oregon,West,TEC-AC-10003116,28.4,2
1906,CA-2017-154410,10/21/2017,MD-17860,Indiana,Central,OFF-ST-10002743,909.12,8
1907,US-2016-150567,5/17/2016,RP-19855,Florida,South,OFF-BI-10001757,2.952,2
1908,US-2016-150567,5/17/2016,RP-19855,Florida,South,OFF-BI-10000069,27.018,6
1909,CA-2015-157959,2/3/2015,RW-19540,California,West,FUR-FU-10004093,136.92,4
1910,CA-2017-105886,12/18/2017,DB-13660,New York,East,FUR-FU-10001037,18.96,2
1911,CA-2016-105963,11/15/2016,SC-20770,California,West,TEC-AC-10003832,99.39,3
1912,CA-2017-121503,7/3/2017,FH-14275,Texas,Central,OFF-PA-10001878,273.896,7
1913,CA-2017-121503,7/3/2017,FH-14275,Texas,Central,TEC-MA-10003674,597.132,3
1914,CA-2014-103366,1/15/2014,EH-13990,Georgia,South,TEC-AC-10003628,149.95,5
1915,CA-2017-124597,4/30/2017,AS-10630,Florida,South,OFF-LA-10003190,4.608,2
1916,CA-2017-124597,4/30/2017,AS-10630,Florida,South,OFF-AR-10002280,15.528,3
1917,CA-2017-124597,4/30/2017,AS-10630,Florida,South,OFF-LA-10001569,11.952,3
1918,CA-2015-105634,11/8/2015,HA-14905,Massachusetts,East,OFF-AR-10001573,11.65,5
1919,CA-2015-123673,10/30/2015,CH-12070,Michigan,Central,TEC-PH-10001809,299.9,2
1920,US-2017-111423,8/17/2017,EH-13765,New York,East,OFF-BI-10003091,895.92,5
1921,US-2017-111423,8/17/2017,EH-13765,New York,East,FUR-CH-10003981,462.564,2
1922,CA-2015-125178,10/3/2015,MZ-17515,Pennsylvania,East,OFF-ST-10002562,15.008,2
1923,CA-2016-156685,7/8/2016,SC-20230,Texas,Central,TEC-PH-10004345,863.64,9
1924,CA-2016-156685,7/8/2016,SC-20230,Texas,Central,OFF-AR-10000588,47.616,3
1925,CA-2017-126865,12/5/2017,NP-18325,California,West,OFF-PA-10003039,92.94,3
1926,CA-2017-102834,3/9/2017,LW-16990,California,West,TEC-AC-10001908,199.98,2
1927,US-2016-139710,6/9/2016,GM-14680,California,West,TEC-PH-10001198,177.48,3
1928,CA-2017-121538,11/28/2017,RH-19495,Colorado,West,OFF-PA-10004071,88.768,2
1929,US-2017-101539,3/16/2017,VM-21685,Washington,West,OFF-PA-10001972,6.48,1
1930,US-2017-101539,3/16/2017,VM-21685,Washington,West,OFF-ST-10004180,46.51,1
1931,US-2017-101539,3/16/2017,VM-21685,Washington,West,TEC-PH-10004165,659.976,3
1932,CA-2016-152121,11/27/2016,CC-12670,Arizona,West,TEC-PH-10002483,271.992,1
1933,CA-2017-161200,8/6/2017,SV-20365,Louisiana,South,FUR-BO-10000468,145.74,3
1934,CA-2017-161200,8/6/2017,SV-20365,Louisiana,South,FUR-FU-10001706,15.4,5
1935,CA-2017-101245,11/27/2017,LW-16990,California,West,OFF-PA-10003129,244.55,5
1936,CA-2017-101245,11/27/2017,LW-16990,California,West,TEC-AC-10001284,166.16,8
1937,CA-2015-141768,5/25/2015,NP-18685,California,West,FUR-FU-10002268,14.73,3
1938,CA-2016-112109,7/8/2016,JE-15715,Colorado,West,OFF-BI-10002082,19.968,2
1939,CA-2016-112109,7/8/2016,JE-15715,Colorado,West,OFF-ST-10001505,33.488,7
1940,CA-2016-112109,7/8/2016,JE-15715,Colorado,West,OFF-BI-10001634,8.736,4
1941,CA-2016-112109,7/8/2016,JE-15715,Colorado,West,FUR-CH-10004287,662.88,3
1942,CA-2017-144064,8/29/2017,CP-12085,Illinois,Central,OFF-LA-10004544,47.36,4
1943,CA-2017-144064,8/29/2017,CP-12085,Illinois,Central,OFF-ST-10004507,27.44,2
1944,CA-2017-144064,8/29/2017,CP-12085,Illinois,Central,OFF-BI-10002012,3.24,9
1945,CA-2016-108581,6/20/2016,EA-14035,Texas,Central,TEC-AC-10001109,95.968,4
1946,CA-2016-108581,6/20/2016,EA-14035,Texas,Central,OFF-PA-10000809,10.368,2
1947,CA-2017-157987,9/2/2017,AC-10615,New York,East,OFF-AR-10000658,23.1,2
1948,CA-2017-157987,9/2/2017,AC-10615,New York,East,FUR-FU-10001196,11.54,2
1949,CA-2017-157987,9/2/2017,AC-10615,New York,East,FUR-TA-10001889,254.526,1
1950,CA-2017-157987,9/2/2017,AC-10615,New York,East,OFF-AP-10000358,12.98,1
1951,CA-2017-157987,9/2/2017,AC-10615,New York,East,OFF-BI-10004970,26.432,8
1952,CA-2017-157987,9/2/2017,AC-10615,New York,East,TEC-PH-10003885,197.97,3
1953,CA-2017-157987,9/2/2017,AC-10615,New York,East,OFF-LA-10001641,18.9,6
1954,CA-2017-157987,9/2/2017,AC-10615,New York,East,FUR-CH-10003379,1282.41,5
1955,CA-2017-157987,9/2/2017,AC-10615,New York,East,OFF-AR-10004582,4.92,3
1956,CA-2017-157987,9/2/2017,AC-10615,New York,East,TEC-AC-10002842,238,2
1957,CA-2017-157987,9/2/2017,AC-10615,New York,East,TEC-AC-10000109,167.97,3
1958,CA-2017-157987,9/2/2017,AC-10615,New York,East,OFF-PA-10003893,17.12,4
1959,CA-2017-110905,9/10/2017,RW-19690,Missouri,Central,OFF-BI-10003669,16.2,3
1960,CA-2017-110905,9/10/2017,RW-19690,Missouri,Central,OFF-AP-10004785,33.99,3
1961,CA-2017-110905,9/10/2017,RW-19690,Missouri,Central,TEC-AC-10003023,296.85,5
1962,CA-2017-110905,9/10/2017,RW-19690,Missouri,Central,TEC-AC-10002217,112.8,6
1963,CA-2017-110905,9/10/2017,RW-19690,Missouri,Central,OFF-BI-10002954,13.71,3
1964,CA-2017-110905,9/10/2017,RW-19690,Missouri,Central,OFF-PA-10002586,24.9,5
1965,CA-2017-110905,9/10/2017,RW-19690,Missouri,Central,OFF-ST-10000025,286.29,3
1966,CA-2017-110905,9/10/2017,RW-19690,Missouri,Central,OFF-AP-10003281,24.18,2
1967,CA-2017-165841,12/21/2017,DB-13210,New Jersey,East,TEC-PH-10002103,281.97,3
1968,CA-2017-165841,12/21/2017,DB-13210,New Jersey,East,OFF-SU-10000898,69.5,5
1969,CA-2017-165841,12/21/2017,DB-13210,New Jersey,East,OFF-PA-10001144,166.44,3
1970,CA-2017-117485,9/23/2017,BD-11320,Oklahoma,Central,TEC-AC-10004659,291.96,4
1971,CA-2017-140242,5/6/2017,ML-17755,Illinois,Central,OFF-AR-10004752,6.408,3
1972,CA-2017-140242,5/6/2017,ML-17755,Illinois,Central,TEC-AC-10004659,408.744,7
1973,CA-2014-148950,12/14/2014,JD-16015,Illinois,Central,OFF-BI-10001249,5.104,4
1974,CA-2014-148950,12/14/2014,JD-16015,Illinois,Central,OFF-FA-10003059,2.896,2
1975,CA-2014-148950,12/14/2014,JD-16015,Illinois,Central,TEC-AC-10002718,35.016,3
1976,CA-2014-110408,10/18/2014,AS-10225,Alabama,South,OFF-ST-10001522,275.97,3
1977,CA-2014-110408,10/18/2014,AS-10225,Alabama,South,TEC-PH-10002352,1394.95,5
1978,CA-2014-110408,10/18/2014,AS-10225,Alabama,South,FUR-CH-10003774,545.88,6
1979,CA-2015-109939,5/8/2015,AA-10375,Oregon,West,OFF-AR-10000127,5.248,2
1980,CA-2016-112669,4/14/2016,KT-16465,Arizona,West,FUR-CH-10004086,933.536,4
1981,CA-2016-112669,4/14/2016,KT-16465,Arizona,West,OFF-ST-10001228,42.976,4
1982,CA-2015-119592,12/14/2015,MM-18280,Georgia,South,OFF-BI-10004187,3.76,2
1983,CA-2014-122749,12/3/2014,NG-18430,Oklahoma,Central,TEC-PH-10003811,479.96,4
1984,CA-2014-164721,11/25/2014,LW-16825,California,West,OFF-AP-10000240,320.88,6
1985,CA-2014-164721,11/25/2014,LW-16825,California,West,FUR-FU-10001940,23.88,3
1986,CA-2014-164721,11/25/2014,LW-16825,California,West,OFF-PA-10000575,26.76,4
1987,CA-2016-147417,7/25/2016,CB-12415,Ohio,East,TEC-CO-10001449,1439.976,4
1988,CA-2015-127509,11/9/2015,AS-10090,Missouri,Central,OFF-BI-10002393,17.22,3
1989,CA-2015-127509,11/9/2015,AS-10090,Missouri,Central,FUR-TA-10002855,1024.38,7
1990,CA-2015-127509,11/9/2015,AS-10090,Missouri,Central,OFF-EN-10000781,26.22,3
1991,CA-2015-127509,11/9/2015,AS-10090,Missouri,Central,OFF-PA-10002160,17.34,3
1992,CA-2017-111374,2/24/2017,CB-12415,Pennsylvania,East,OFF-BI-10004970,4.956,4
1993,CA-2017-133648,6/25/2017,ML-17755,Oregon,West,OFF-LA-10003923,71.04,6
1994,CA-2017-133648,6/25/2017,ML-17755,Oregon,West,OFF-AR-10002257,5.344,2
1995,CA-2017-133648,6/25/2017,ML-17755,Oregon,West,OFF-FA-10004395,11.304,3
1996,US-2017-147221,12/2/2017,JS-16030,Texas,Central,OFF-AP-10002534,294.62,5
1997,US-2017-147221,12/2/2017,JS-16030,Texas,Central,FUR-FU-10004020,8.752,4
1998,CA-2014-131905,2/6/2014,ND-18460,Virginia,South,OFF-LA-10002787,15,4
1999,CA-2014-131905,2/6/2014,ND-18460,Virginia,South,TEC-PH-10003645,161.61,1
2000,CA-2014-131905,2/6/2014,ND-18460,Virginia,South,TEC-PH-10001615,144.95,5
2001,CA-2017-166128,4/11/2017,LW-17215,California,West,TEC-AC-10001767,199.95,5
2002,CA-2017-166128,4/11/2017,LW-17215,California,West,OFF-AR-10001221,41.86,7
2003,CA-2017-163510,12/25/2017,JW-15955,Kentucky,South,OFF-ST-10000563,95.94,3
2004,CA-2017-163510,12/25/2017,JW-15955,Kentucky,South,FUR-CH-10001146,304.45,5
2005,US-2017-143028,4/11/2017,SC-20050,Texas,Central,OFF-BI-10004738,11.364,3
2006,CA-2014-111150,12/31/2014,RW-19630,Missouri,Central,OFF-AR-10000034,29.68,7
2007,CA-2014-111150,12/31/2014,RW-19630,Missouri,Central,TEC-AC-10000290,47.53,7
2008,CA-2017-165386,8/3/2017,CM-12190,Illinois,Central,FUR-BO-10003034,183.372,2
2009,CA-2014-116407,11/15/2014,JF-15190,Tennessee,South,OFF-AR-10001315,4.224,3
2010,CA-2014-116407,11/15/2014,JF-15190,Tennessee,South,OFF-AP-10002118,333.056,2
2011,CA-2014-116407,11/15/2014,JF-15190,Tennessee,South,OFF-PA-10002137,24.896,4
2012,CA-2015-155761,12/11/2015,SC-20800,Texas,Central,TEC-AC-10001606,159.984,2
2013,CA-2015-155761,12/11/2015,SC-20800,Texas,Central,OFF-ST-10000943,46.344,3
2014,CA-2016-145905,9/18/2016,AM-10705,Alabama,South,FUR-CH-10001854,350.98,1
2015,CA-2016-145905,9/18/2016,AM-10705,Alabama,South,OFF-PA-10000533,13.08,2
2016,CA-2016-145905,9/18/2016,AM-10705,Alabama,South,OFF-ST-10003716,900.08,4
2017,CA-2015-113110,3/19/2015,BK-11260,California,West,OFF-BI-10000088,17.568,2
2018,CA-2015-113110,3/19/2015,BK-11260,California,West,OFF-LA-10000240,14.62,2
2019,CA-2015-113110,3/19/2015,BK-11260,California,West,OFF-SU-10001165,33.36,4
2020,CA-2015-113110,3/19/2015,BK-11260,California,West,OFF-PA-10002749,40.14,6
2021,CA-2016-168354,9/19/2016,RH-19510,Rhode Island,East,OFF-ST-10001490,1606.23,9
2022,CA-2016-168354,9/19/2016,RH-19510,Rhode Island,East,OFF-PA-10002377,17.04,3
2023,CA-2016-168354,9/19/2016,RH-19510,Rhode Island,East,OFF-BI-10004826,49.53,3
2024,CA-2016-168354,9/19/2016,RH-19510,Rhode Island,East,FUR-CH-10004675,872.32,4
2025,US-2017-111241,8/20/2017,GM-14500,California,West,OFF-BI-10002867,239.12,5
2026,CA-2015-114237,3/13/2015,MC-17275,Washington,West,FUR-BO-10004409,141.96,2
2027,CA-2016-113516,9/8/2016,VM-21685,California,West,OFF-BI-10002225,33.024,2
2028,CA-2016-113516,9/8/2016,VM-21685,California,West,OFF-BI-10001989,67.136,4
2029,CA-2015-117961,11/26/2015,GP-14740,Massachusetts,East,OFF-BI-10000343,14.73,3
2030,CA-2015-117961,11/26/2015,GP-14740,Massachusetts,East,OFF-ST-10001172,104.9,5
2031,CA-2015-117961,11/26/2015,GP-14740,Massachusetts,East,OFF-BI-10003707,61.04,4
2032,CA-2015-117961,11/26/2015,GP-14740,Massachusetts,East,OFF-PA-10001274,10.95,3
2033,CA-2016-128923,12/9/2016,GB-14530,Texas,Central,OFF-PA-10002250,9.392,2
2034,CA-2016-128923,12/9/2016,GB-14530,Texas,Central,OFF-AR-10000475,9.328,1
2035,CA-2017-162481,9/25/2017,CT-11995,Minnesota,Central,OFF-BI-10002976,8.26,2
2036,CA-2017-162481,9/25/2017,CT-11995,Minnesota,Central,FUR-CH-10003061,269.97,3
2037,CA-2015-119214,1/23/2015,CW-11905,Montana,West,OFF-PA-10002893,29.04,3
2038,CA-2015-119214,1/23/2015,CW-11905,Montana,West,OFF-LA-10003077,14.62,2
2039,CA-2015-122287,6/18/2015,SN-20560,Arizona,West,OFF-PA-10001661,11.952,3
2040,CA-2015-122287,6/18/2015,SN-20560,Arizona,West,OFF-BI-10004656,4.536,7
2041,CA-2015-122287,6/18/2015,SN-20560,Arizona,West,OFF-BI-10003707,9.156,2
2042,CA-2015-122287,6/18/2015,SN-20560,Arizona,West,FUR-FU-10004973,75.36,5
2043,CA-2015-104493,10/2/2015,EB-13705,California,West,OFF-BI-10004817,57.504,6
2044,US-2017-158946,11/18/2017,JW-15220,Ohio,East,OFF-AR-10001860,38.864,7
2045,CA-2014-129168,8/17/2014,KB-16585,Texas,Central,OFF-PA-10001639,15.552,3
2046,CA-2016-131835,7/17/2016,MC-17590,New Jersey,East,OFF-AP-10004487,162.64,2
2047,CA-2016-131835,7/17/2016,MC-17590,New Jersey,East,TEC-PH-10001760,597,3
2048,CA-2016-131835,7/17/2016,MC-17590,New Jersey,East,OFF-PA-10004071,55.48,1
2049,CA-2015-142237,7/11/2015,CK-12595,Pennsylvania,East,FUR-FU-10004848,289.8,7
2050,CA-2015-142237,7/11/2015,CK-12595,Pennsylvania,East,OFF-BI-10004022,2.502,3
2051,CA-2015-142237,7/11/2015,CK-12595,Pennsylvania,East,OFF-BI-10003669,6.48,4
2052,CA-2015-142237,7/11/2015,CK-12595,Pennsylvania,East,FUR-CH-10003833,341.488,8
2053,CA-2015-142237,7/11/2015,CK-12595,Pennsylvania,East,OFF-AR-10003732,11.12,5
2054,CA-2015-142237,7/11/2015,CK-12595,Pennsylvania,East,FUR-FU-10003142,25.344,6
2055,CA-2016-136434,12/1/2016,RD-19480,Indiana,Central,FUR-FU-10001196,17.31,3
2056,CA-2017-120376,12/22/2017,TP-21130,Michigan,Central,TEC-AC-10001114,199.95,5
2057,CA-2017-120376,12/22/2017,TP-21130,Michigan,Central,FUR-CH-10002335,1586.69,7
2058,CA-2017-120376,12/22/2017,TP-21130,Michigan,Central,TEC-AC-10000844,84.99,1
2059,CA-2017-120376,12/22/2017,TP-21130,Michigan,Central,FUR-TA-10004534,411.8,2
2060,CA-2014-106439,10/31/2014,GG-14650,California,West,OFF-FA-10002975,11.34,3
2061,CA-2014-106439,10/31/2014,GG-14650,California,West,OFF-ST-10003996,80.3,5
2062,CA-2014-106439,10/31/2014,GG-14650,California,West,OFF-BI-10002571,15.968,2
2063,CA-2014-106439,10/31/2014,GG-14650,California,West,OFF-PA-10000477,64.74,13
2064,CA-2014-106439,10/31/2014,GG-14650,California,West,OFF-BI-10004209,19.296,3
2065,CA-2014-106439,10/31/2014,GG-14650,California,West,OFF-ST-10001963,405.64,4
2066,CA-2014-106439,10/31/2014,GG-14650,California,West,FUR-CH-10003833,146.352,3
2067,CA-2014-106439,10/31/2014,GG-14650,California,West,TEC-AC-10004568,251.91,9
2068,CA-2014-106439,10/31/2014,GG-14650,California,West,OFF-AR-10001419,12.39,3
2069,CA-2015-133452,4/13/2015,ZC-21910,California,West,TEC-AC-10002800,199.96,4
2070,CA-2015-133452,4/13/2015,ZC-21910,California,West,FUR-TA-10003954,710.832,3
2071,CA-2016-146521,7/21/2016,CC-12610,Pennsylvania,East,OFF-BI-10000301,1.941,1
2072,US-2017-110996,11/20/2017,KA-16525,California,West,FUR-CH-10003956,283.92,5
2073,CA-2016-129693,11/26/2016,TC-20980,Washington,West,OFF-BI-10002954,7.312,2
2074,CA-2017-122504,11/7/2017,DB-13270,California,West,TEC-AC-10003289,59.97,3
2075,CA-2017-122504,11/7/2017,DB-13270,California,West,TEC-PH-10002468,761.544,7
2076,CA-2014-131051,12/1/2014,TR-21325,California,West,FUR-FU-10001861,58.2,3
2077,CA-2017-140676,9/12/2017,BF-11080,Maryland,East,OFF-PA-10004082,39.9,5
2078,CA-2017-140676,9/12/2017,BF-11080,Maryland,East,OFF-AP-10000358,90.86,7
2079,CA-2017-140676,9/12/2017,BF-11080,Maryland,East,OFF-PA-10004243,94.85,5
2080,CA-2015-120103,12/24/2015,MS-17365,Arizona,West,OFF-PA-10001295,106.232,7
2081,CA-2015-120103,12/24/2015,MS-17365,Arizona,West,TEC-PH-10002170,111.984,2
2082,CA-2015-120103,12/24/2015,MS-17365,Arizona,West,FUR-FU-10002885,7.712,2
2083,CA-2017-104647,2/23/2017,CK-12595,California,West,OFF-PA-10002870,37.44,6
2084,CA-2014-110352,11/23/2014,ED-13885,Texas,Central,OFF-LA-10003923,23.68,2
2085,CA-2016-140501,6/23/2016,IM-15070,New York,East,OFF-LA-10003510,122.12,4
2086,CA-2016-140501,6/23/2016,IM-15070,New York,East,OFF-LA-10000248,18.45,5
2087,CA-2016-140501,6/23/2016,IM-15070,New York,East,OFF-ST-10000060,324.9,5
2088,CA-2016-140501,6/23/2016,IM-15070,New York,East,OFF-PA-10003129,146.73,3
2089,CA-2016-140501,6/23/2016,IM-15070,New York,East,OFF-FA-10004076,3.96,2
2090,CA-2015-139290,10/26/2015,MY-17380,California,West,OFF-LA-10004008,5.76,2
2091,CA-2017-166142,7/15/2017,MM-17260,Delaware,East,OFF-BI-10004094,26.55,3
2092,CA-2017-166142,7/15/2017,MM-17260,Delaware,East,FUR-TA-10004607,310.443,3
2093,CA-2014-145926,11/17/2014,MP-17470,Minnesota,Central,FUR-CH-10004289,479.9,5
2094,CA-2015-149678,4/13/2015,AW-10840,New Mexico,West,OFF-SU-10004498,12.88,1
2095,US-2015-164357,11/25/2015,SF-20065,North Carolina,South,OFF-AR-10001177,13.12,5
2096,US-2016-146570,5/15/2016,SN-20710,Mississippi,South,OFF-BI-10001718,511.84,8
2097,US-2016-146570,5/15/2016,SN-20710,Mississippi,South,OFF-AR-10004602,91.96,4
2098,US-2016-146570,5/15/2016,SN-20710,Mississippi,South,OFF-AR-10003856,8.34,3
2099,CA-2017-124401,9/7/2017,RD-19900,Oregon,West,OFF-ST-10000649,37.68,3
2100,CA-2017-124401,9/7/2017,RD-19900,Oregon,West,TEC-AC-10002926,279.944,7
2101,US-2014-140116,3/10/2014,KT-16480,Colorado,West,OFF-ST-10000078,636.408,3
2102,US-2014-140116,3/10/2014,KT-16480,Colorado,West,OFF-AR-10001044,83.168,4
2103,CA-2014-123295,7/18/2014,AH-10120,Arizona,West,FUR-CH-10002372,259.136,4
2104,CA-2017-167101,3/24/2017,BM-11650,New York,East,OFF-PA-10000357,221.92,4
2105,CA-2017-167101,3/24/2017,BM-11650,New York,East,TEC-AC-10001266,26,2
2106,US-2014-167633,9/30/2014,BW-11200,Florida,South,OFF-PA-10004888,15.552,3
2107,US-2014-152723,9/26/2014,HG-14965,Texas,Central,OFF-BI-10003460,0.876,1
2108,CA-2015-164882,10/31/2015,SG-20080,California,West,OFF-PA-10000157,19.98,1
2109,CA-2015-164882,10/31/2015,SG-20080,California,West,OFF-BI-10004519,398.352,3
2110,CA-2015-164882,10/31/2015,SG-20080,California,West,OFF-AR-10004272,5.04,3
2111,CA-2015-164882,10/31/2015,SG-20080,California,West,OFF-FA-10000585,17.45,5
2112,CA-2015-164882,10/31/2015,SG-20080,California,West,FUR-CH-10004218,323.136,4
2113,CA-2015-164882,10/31/2015,SG-20080,California,West,OFF-SU-10004231,29.7,3
2114,CA-2015-164882,10/31/2015,SG-20080,California,West,TEC-PH-10001578,1295.84,4
2115,CA-2015-164882,10/31/2015,SG-20080,California,West,OFF-ST-10003638,46.84,2
2116,CA-2015-164882,10/31/2015,SG-20080,California,West,FUR-BO-10002213,425.833,1
2117,CA-2015-159786,10/12/2015,RK-19300,New York,East,FUR-TA-10001307,209.67,1
2118,CA-2016-130267,9/19/2016,SW-20245,California,West,OFF-PA-10002222,159.88,7
2119,CA-2017-155460,4/13/2017,RW-19630,Washington,West,OFF-PA-10002479,5.28,1
2120,CA-2017-155460,4/13/2017,RW-19630,Washington,West,OFF-BI-10003091,895.92,5
2121,US-2017-168690,1/7/2017,TS-21085,Florida,South,OFF-BI-10000145,2.808,3
2122,CA-2017-158246,11/9/2017,JB-15400,California,West,FUR-CH-10003061,215.976,3
2123,CA-2017-167381,9/22/2017,EH-14005,Michigan,Central,FUR-BO-10001972,241.96,2
2124,CA-2017-167381,9/22/2017,EH-14005,Michigan,Central,OFF-LA-10000134,27.72,9
2125,CA-2017-144862,12/1/2017,EH-14005,Pennsylvania,East,OFF-EN-10003040,104.68,5
2126,CA-2017-144862,12/1/2017,EH-14005,Pennsylvania,East,TEC-PH-10000923,62.958,7
2127,CA-2014-126032,6/23/2014,BS-11665,Pennsylvania,East,TEC-AC-10000158,86.376,3
2128,CA-2015-134859,10/4/2015,JK-16120,Pennsylvania,East,FUR-FU-10003623,64.944,3
2129,CA-2015-134859,10/4/2015,JK-16120,Pennsylvania,East,OFF-PA-10001293,20.736,4
2130,US-2014-114188,5/20/2014,RF-19345,New Hampshire,East,OFF-AP-10000124,33.28,4
2131,US-2014-114188,5/20/2014,RF-19345,New Hampshire,East,OFF-AR-10004511,38.52,9
2132,US-2014-114188,5/20/2014,RF-19345,New Hampshire,East,FUR-FU-10000076,139.86,7
2133,CA-2015-156524,11/20/2015,DL-12865,New York,East,OFF-PA-10003883,19.65,3
2134,CA-2015-122210,11/30/2015,WB-21850,Pennsylvania,East,OFF-BI-10003656,152.991,3
2135,CA-2015-122210,11/30/2015,WB-21850,Pennsylvania,East,OFF-FA-10000053,10.584,7
2136,CA-2015-122210,11/30/2015,WB-21850,Pennsylvania,East,TEC-PH-10002807,94.92,4
2137,CA-2015-156377,12/31/2015,TB-21625,Texas,Central,FUR-FU-10002364,14.76,5
2138,CA-2015-156377,12/31/2015,TB-21625,Texas,Central,OFF-BI-10002954,3.656,4
2139,US-2017-157896,11/16/2017,CB-12415,New York,East,OFF-PA-10004092,146.82,3
2140,CA-2014-159520,6/6/2014,GT-14635,New York,East,OFF-BI-10003982,149.544,9
2141,CA-2014-159520,6/6/2014,GT-14635,New York,East,OFF-SU-10001664,17.14,2
2142,CA-2014-159520,6/6/2014,GT-14635,New York,East,FUR-TA-10003238,991.764,3
2143,CA-2016-155481,9/1/2016,DK-13225,Pennsylvania,East,OFF-PA-10004675,30.48,6
2144,CA-2016-155481,9/1/2016,DK-13225,Pennsylvania,East,TEC-PH-10002293,23.988,2
2145,CA-2016-155481,9/1/2016,DK-13225,Pennsylvania,East,OFF-FA-10002780,16.688,7
2146,US-2016-152051,6/25/2016,TS-21160,Pennsylvania,East,FUR-CH-10002965,422.058,3
2147,US-2016-152051,6/25/2016,TS-21160,Pennsylvania,East,OFF-BI-10004781,38.088,4
2148,US-2016-152051,6/25/2016,TS-21160,Pennsylvania,East,OFF-ST-10001713,254.352,6
2149,CA-2014-141607,12/12/2014,WB-21850,California,West,FUR-FU-10003975,43.31,1
2150,CA-2017-102771,3/31/2017,DO-13435,New York,East,TEC-PH-10001536,84.95,5
2151,US-2017-139969,11/19/2017,AF-10870,Texas,Central,FUR-CH-10001973,233.058,3
2152,CA-2014-167360,11/24/2014,RB-19435,Missouri,Central,TEC-AC-10001772,111.79,7
2153,CA-2015-123505,11/22/2015,AR-10540,Massachusetts,East,OFF-PA-10002586,14.94,3
2154,CA-2016-117282,7/14/2016,DR-12880,New York,East,OFF-BI-10004094,14.16,2
2155,US-2016-120460,4/30/2016,BF-11170,Texas,Central,FUR-FU-10004973,22.608,3
2156,CA-2016-111115,7/25/2016,LB-16735,California,West,OFF-FA-10000624,21.48,6
2157,CA-2014-124646,6/22/2014,DV-13465,Minnesota,Central,OFF-ST-10001097,501.81,3
2158,CA-2014-124646,6/22/2014,DV-13465,Minnesota,Central,OFF-ST-10001469,161.94,3
2159,CA-2017-148166,10/21/2017,NK-18490,Florida,South,OFF-AR-10004956,17.856,4
2160,CA-2016-159737,9/3/2016,CS-11950,Illinois,Central,OFF-BI-10004236,8.808,3
2161,CA-2016-141019,5/14/2016,LH-17155,Ohio,East,FUR-FU-10002937,79.384,1
2162,CA-2016-101938,1/7/2016,DW-13480,California,West,OFF-AR-10003696,34.58,1
2163,CA-2017-166296,3/13/2017,KF-16285,California,West,OFF-PA-10004359,314.55,3
2164,CA-2016-154018,10/13/2016,HA-14920,Texas,Central,TEC-AC-10002402,191.976,3
2165,CA-2016-154018,10/13/2016,HA-14920,Texas,Central,OFF-PA-10000551,8.288,2
2166,CA-2016-154018,10/13/2016,HA-14920,Texas,Central,FUR-FU-10003394,139.92,5
2167,CA-2016-154018,10/13/2016,HA-14920,Texas,Central,OFF-AR-10002067,15.872,1
2168,CA-2016-154018,10/13/2016,HA-14920,Texas,Central,OFF-BI-10004140,6.286,7
2169,CA-2017-117870,1/27/2017,JH-15820,Ohio,East,OFF-AR-10004078,14.016,3
2170,CA-2017-117870,1/27/2017,JH-15820,Ohio,East,TEC-AC-10000927,71.976,3
2171,CA-2017-117870,1/27/2017,JH-15820,Ohio,East,TEC-PH-10003931,107.982,3
2172,US-2017-137491,11/19/2017,LC-16930,Texas,Central,FUR-CH-10004675,305.312,2
2173,CA-2014-152296,8/1/2014,IL-15100,California,West,OFF-BI-10004506,19.752,3
2174,CA-2016-112025,7/30/2016,LS-16975,Texas,Central,OFF-BI-10002353,9.264,3
2175,CA-2015-132507,7/30/2015,CC-12610,Texas,Central,OFF-ST-10000943,61.792,4
2176,CA-2016-125738,10/15/2016,PB-18805,Utah,West,OFF-PA-10000740,45.68,2
2177,CA-2016-125738,10/15/2016,PB-18805,Utah,West,OFF-PA-10003001,60.12,9
2178,CA-2016-125738,10/15/2016,PB-18805,Utah,West,OFF-BI-10001628,41.72,5
2179,CA-2016-125738,10/15/2016,PB-18805,Utah,West,OFF-PA-10001509,71.6,8
2180,CA-2016-128818,5/7/2016,CJ-12010,New York,East,OFF-BI-10000309,85.232,7
2181,CA-2016-128818,5/7/2016,CJ-12010,New York,East,OFF-LA-10003923,44.4,3
2182,CA-2016-128818,5/7/2016,CJ-12010,New York,East,FUR-CH-10002084,442.764,4
2183,CA-2016-128818,5/7/2016,CJ-12010,New York,East,TEC-MA-10000488,3999.95,5
2184,CA-2016-128818,5/7/2016,CJ-12010,New York,East,TEC-AC-10001767,199.95,5
2185,CA-2016-128818,5/7/2016,CJ-12010,New York,East,FUR-FU-10001940,63.68,8
2186,CA-2017-124576,8/1/2017,HK-14890,California,West,OFF-BI-10002735,54.896,2
2187,CA-2016-101378,7/14/2016,RH-19600,Alabama,South,TEC-AC-10002345,29,2
2188,CA-2017-143063,8/10/2017,IL-15100,Indiana,Central,OFF-EN-10003134,70.08,6
2189,CA-2017-143063,8/10/2017,IL-15100,Indiana,Central,FUR-FU-10003708,121.3,2
2190,CA-2017-143063,8/10/2017,IL-15100,Indiana,Central,TEC-PH-10003645,1454.49,9
2191,CA-2016-118913,6/25/2016,AS-10240,California,West,OFF-AP-10000692,60.81,3
2192,CA-2016-128412,12/10/2016,AP-10915,Washington,West,OFF-BI-10001718,153.552,3
2193,CA-2016-128412,12/10/2016,AP-10915,Washington,West,OFF-AP-10002082,65.34,3
2194,CA-2016-128412,12/10/2016,AP-10915,Washington,West,OFF-PA-10001125,123.92,4
2195,CA-2016-128412,12/10/2016,AP-10915,Washington,West,OFF-AP-10000252,35.1,3
2196,CA-2016-128412,12/10/2016,AP-10915,Washington,West,TEC-AC-10003038,44.75,5
2197,CA-2016-136483,12/1/2016,AG-10390,Tennessee,South,OFF-AR-10000940,4.704,2
2198,CA-2014-163013,11/28/2014,BF-11080,Alabama,South,OFF-AR-10001954,14.67,3
2199,CA-2015-135363,3/28/2015,CK-12205,Pennsylvania,East,OFF-PA-10003177,15.552,3
2200,CA-2015-135363,3/28/2015,CK-12205,Pennsylvania,East,OFF-PA-10000533,5.232,1
2201,US-2014-165659,6/1/2014,LT-17110,Arkansas,South,FUR-FU-10001935,22.2,6
2202,US-2014-165659,6/1/2014,LT-17110,Arkansas,South,TEC-PH-10002563,881.93,7
2203,CA-2015-138002,9/6/2015,BT-11305,Washington,West,OFF-BI-10002160,6.096,2
2204,CA-2015-138002,9/6/2015,BT-11305,Washington,West,FUR-FU-10004748,191.82,3
2205,CA-2015-128860,6/29/2015,SC-20725,Pennsylvania,East,FUR-FU-10001473,20.104,1
2206,CA-2016-164350,9/10/2016,CG-12040,Tennessee,South,OFF-AR-10000538,67.56,3
2207,US-2014-103905,7/14/2014,AW-10930,Illinois,Central,OFF-BI-10001098,29.932,7
2208,US-2014-103905,7/14/2014,AW-10930,Illinois,Central,TEC-PH-10001552,38.272,4
2209,CA-2015-129854,8/22/2015,RB-19705,New York,East,OFF-AR-10000390,16.52,4
2210,CA-2014-125556,11/14/2014,ML-17410,Connecticut,East,TEC-PH-10001079,832.93,7
2211,CA-2014-125556,11/14/2014,ML-17410,Connecticut,East,OFF-BI-10003460,43.8,10
2212,CA-2016-162313,11/27/2016,VB-21745,Michigan,Central,OFF-AP-10003842,167.292,6
2213,CA-2017-107874,11/21/2017,SW-20275,New York,East,FUR-FU-10003535,27.42,1
2214,CA-2017-129378,10/1/2017,NS-18505,California,West,OFF-BI-10002012,1.44,1
2215,CA-2017-129378,10/1/2017,NS-18505,California,West,OFF-BI-10001922,61.776,13
2216,CA-2017-129378,10/1/2017,NS-18505,California,West,OFF-AP-10000576,241.96,2
2217,CA-2017-129378,10/1/2017,NS-18505,California,West,FUR-CH-10000553,108.608,4
2218,CA-2014-151953,9/20/2014,DB-13555,Florida,South,OFF-AR-10003469,2.816,2
2219,CA-2017-130841,7/28/2017,MH-17620,California,West,OFF-BI-10000145,9.984,4
2220,CA-2017-130841,7/28/2017,MH-17620,California,West,OFF-ST-10001580,14.98,1
2221,CA-2017-130841,7/28/2017,MH-17620,California,West,TEC-PH-10001817,1145.6,4
2222,CA-2015-131884,12/6/2015,DK-13375,Ohio,East,TEC-PH-10001578,485.94,2
2223,CA-2015-131884,12/6/2015,DK-13375,Ohio,East,OFF-AR-10004078,37.376,8
2224,CA-2015-131884,12/6/2015,DK-13375,Ohio,East,FUR-CH-10004860,70.686,1
2225,CA-2017-121909,7/31/2017,EA-14035,Pennsylvania,East,OFF-PA-10003790,54.816,3
2226,CA-2016-106383,3/19/2016,BT-11440,Colorado,West,FUR-BO-10002202,72.294,1
2227,CA-2017-130771,7/29/2017,LA-16780,Texas,Central,OFF-FA-10003059,2.896,2
2228,CA-2017-130771,7/29/2017,LA-16780,Texas,Central,TEC-PH-10002496,124.792,1
2229,CA-2016-139157,10/1/2016,GM-14680,New York,East,FUR-TA-10003238,330.588,1
2230,CA-2014-128055,3/31/2014,AA-10315,California,West,OFF-BI-10004390,673.568,2
2231,CA-2014-128055,3/31/2014,AA-10315,California,West,OFF-AP-10002765,52.98,2
2232,CA-2017-157091,6/26/2017,DB-13405,Indiana,Central,FUR-FU-10000293,526.45,5
2233,CA-2017-132122,7/9/2017,JH-15820,Illinois,Central,OFF-ST-10003692,228.92,5
2234,CA-2015-123232,12/14/2015,DJ-13630,Oregon,West,TEC-PH-10001051,319.968,4
2235,CA-2017-104066,12/5/2017,QJ-19255,Vermont,East,TEC-AC-10001013,205.03,7
2236,CA-2015-145849,9/15/2015,CT-11995,Indiana,Central,OFF-ST-10000025,190.86,2
2237,CA-2015-145849,9/15/2015,CT-11995,Indiana,Central,OFF-AR-10000817,24.32,8
2238,CA-2016-122322,7/15/2016,RH-19510,Utah,West,OFF-SU-10000952,44.4,5
2239,CA-2017-166849,4/20/2017,SJ-20125,Illinois,Central,FUR-FU-10004597,44.4,2
2240,CA-2016-146633,11/15/2016,TG-21310,California,West,OFF-BI-10003527,1016.792,1
2241,CA-2016-146633,11/15/2016,TG-21310,California,West,OFF-BI-10002982,38.136,7
2242,US-2016-126893,11/26/2016,CT-11995,Pennsylvania,East,TEC-PH-10004165,494.982,3
2243,CA-2017-103380,11/21/2017,BF-11005,California,West,OFF-ST-10003442,56.56,2
2244,CA-2017-103380,11/21/2017,BF-11005,California,West,OFF-AR-10003856,5.56,2
2245,CA-2017-103380,11/21/2017,BF-11005,California,West,OFF-FA-10004248,9.02,2
2246,CA-2017-103380,11/21/2017,BF-11005,California,West,OFF-AP-10001492,8.62,1
2247,CA-2017-103380,11/21/2017,BF-11005,California,West,TEC-PH-10004165,659.976,3
2248,CA-2015-116092,2/15/2015,JM-16195,California,West,OFF-PA-10004285,13.36,2
2249,CA-2015-116092,2/15/2015,JM-16195,California,West,OFF-BI-10001628,41.72,5
2250,CA-2015-116092,2/15/2015,JM-16195,California,West,OFF-BI-10000546,11.52,5
2251,CA-2015-116092,2/15/2015,JM-16195,California,West,OFF-AP-10001391,541.44,6
2252,CA-2015-116092,2/15/2015,JM-16195,California,West,OFF-PA-10000477,19.44,3
2253,CA-2016-117849,4/15/2016,JK-16120,California,West,OFF-PA-10004327,143.7,3
2254,CA-2015-169201,9/28/2015,HG-14965,California,West,OFF-AP-10000696,43.26,3
2255,CA-2015-169201,9/28/2015,HG-14965,California,West,OFF-AP-10002082,43.56,2
2256,CA-2016-164091,9/17/2016,LA-16780,Maine,East,TEC-PH-10001944,437.85,3
2257,CA-2016-164091,9/17/2016,LA-16780,Maine,East,FUR-FU-10004952,109.48,2
2258,CA-2017-105214,6/16/2017,TS-21610,California,West,FUR-CH-10000015,1212.96,7
2259,CA-2017-105214,6/16/2017,TS-21610,California,West,OFF-PA-10001776,18.54,2
2260,CA-2015-117611,11/8/2015,MZ-17335,California,West,OFF-FA-10002280,5,1
2261,CA-2015-117611,11/8/2015,MZ-17335,California,West,TEC-AC-10002049,371.97,3
2262,US-2015-137960,12/18/2015,MW-18220,New York,East,TEC-AC-10002253,166.24,1
2263,CA-2017-122994,2/6/2017,MV-17485,Virginia,South,FUR-BO-10004015,359.97,3
2264,CA-2016-131065,11/14/2016,AA-10375,Georgia,South,TEC-AC-10004145,499.98,2
2265,CA-2016-131065,11/14/2016,AA-10375,Georgia,South,OFF-PA-10002479,5.28,1
2266,CA-2016-131065,11/14/2016,AA-10375,Georgia,South,OFF-BI-10004970,8.26,2
2267,CA-2017-149146,10/12/2017,SM-20320,North Carolina,South,OFF-PA-10003919,7.968,2
2268,CA-2017-137470,9/17/2017,TP-21415,Washington,West,OFF-PA-10002001,12.96,2
2269,CA-2017-105480,12/20/2017,DK-13225,New York,East,OFF-PA-10002787,6.48,1
2270,CA-2017-105480,12/20/2017,DK-13225,New York,East,OFF-BI-10003291,6.984,1
2271,CA-2017-164917,12/2/2017,MK-17905,Florida,South,OFF-AR-10004344,47.96,5
2272,CA-2015-102036,9/21/2015,CS-12130,Washington,West,OFF-ST-10003123,199.74,6
2273,CA-2015-142944,3/6/2015,JL-15850,California,West,FUR-FU-10000308,435.26,7
2274,CA-2015-142944,3/6/2015,JL-15850,California,West,TEC-CO-10003763,1119.984,2
2275,CA-2014-157882,10/3/2014,AR-10405,California,West,FUR-TA-10001866,143.432,1
2276,CA-2014-157882,10/3/2014,AR-10405,California,West,FUR-CH-10002774,122.352,3
2277,CA-2014-104283,6/27/2014,LM-17065,Mississippi,South,OFF-ST-10004337,306.2,5
2278,CA-2014-104283,6/27/2014,LM-17065,Mississippi,South,FUR-TA-10001039,85.98,1
2279,CA-2014-104283,6/27/2014,LM-17065,Mississippi,South,TEC-AC-10000109,223.96,4
2280,CA-2017-142622,10/30/2017,JK-15625,Washington,West,FUR-CH-10003833,97.568,2
2281,CA-2017-142622,10/30/2017,JK-15625,Washington,West,FUR-CH-10004289,614.272,8
2282,CA-2017-142622,10/30/2017,JK-15625,Washington,West,FUR-BO-10004467,199.98,2
2283,CA-2016-132143,9/3/2016,FM-14215,Connecticut,East,OFF-PA-10002713,48.16,7
2284,CA-2015-153108,3/5/2015,SF-20200,Indiana,Central,TEC-PH-10001552,23.92,2
2285,CA-2015-153108,3/5/2015,SF-20200,Indiana,Central,OFF-AP-10002222,60.69,7
2286,CA-2016-112676,5/5/2016,PJ-18835,Tennessee,South,OFF-PA-10003971,14.352,3
2287,CA-2017-165687,11/17/2017,CS-12355,Virginia,South,OFF-AP-10004036,35.04,2
2288,US-2017-112928,6/1/2017,BB-10990,Ohio,East,OFF-AP-10002287,17.48,5
2289,CA-2017-143343,6/10/2017,BW-11200,California,West,OFF-AR-10002375,16.4,5
2290,CA-2017-115154,1/8/2017,RS-19420,Washington,West,FUR-TA-10001950,892.98,2
2291,CA-2015-149342,4/20/2015,TS-21160,Georgia,South,TEC-PH-10001557,287.97,3
2292,CA-2015-149342,4/20/2015,TS-21160,Georgia,South,FUR-FU-10002937,595.38,6
2293,CA-2015-149342,4/20/2015,TS-21160,Georgia,South,OFF-PA-10001166,12.96,2
2294,CA-2015-130995,11/1/2015,QJ-19255,New York,East,TEC-PH-10000347,4.95,1
2295,CA-2017-127929,12/23/2017,FM-14215,Connecticut,East,FUR-FU-10003708,181.95,3
2296,CA-2015-113145,11/1/2015,VD-21670,New York,East,OFF-PA-10002659,13.52,4
2297,CA-2015-113145,11/1/2015,VD-21670,New York,East,FUR-FU-10000965,259.7,5
2298,CA-2015-113145,11/1/2015,VD-21670,New York,East,TEC-PH-10001527,42.95,1
2299,CA-2015-113145,11/1/2015,VD-21670,New York,East,TEC-AC-10001838,1399.93,7
2300,CA-2015-113145,11/1/2015,VD-21670,New York,East,TEC-PH-10002597,503.96,4
2301,CA-2014-162362,11/14/2014,JL-15505,Michigan,Central,OFF-BI-10000756,12.72,3
2302,CA-2014-162362,11/14/2014,JL-15505,Michigan,Central,OFF-BI-10000546,11.52,4
2303,CA-2016-106558,1/17/2016,DL-13495,Georgia,South,TEC-AC-10001142,316,4
2304,CA-2017-157931,9/17/2017,MO-17800,Georgia,South,FUR-CH-10000785,723.92,4
2305,CA-2017-157931,9/17/2017,MO-17800,Georgia,South,OFF-PA-10000474,106.32,3
2306,CA-2016-115574,12/23/2016,BP-11185,Illinois,Central,FUR-BO-10003441,141.372,2
2307,CA-2015-160794,8/6/2015,MS-17980,Texas,Central,OFF-PA-10004156,27.216,3
2308,CA-2017-116225,11/5/2017,SV-20935,New York,East,TEC-AC-10001432,390.75,5
2309,US-2017-120418,6/11/2017,BC-11125,Arizona,West,FUR-CH-10001394,280.792,1
2310,US-2017-120418,6/11/2017,BC-11125,Arizona,West,OFF-ST-10002370,68.448,4
2311,US-2017-120418,6/11/2017,BC-11125,Arizona,West,OFF-AR-10002956,88.04,5
2312,US-2017-120418,6/11/2017,BC-11125,Arizona,West,OFF-AR-10001955,15.872,1
2313,US-2017-120418,6/11/2017,BC-11125,Arizona,West,OFF-ST-10001809,215.592,3
2314,CA-2017-122035,7/20/2017,EM-13825,South Dakota,Central,OFF-LA-10004093,14.62,2
2315,CA-2017-122035,7/20/2017,EM-13825,South Dakota,Central,OFF-AP-10002118,416.32,2
2316,CA-2017-122035,7/20/2017,EM-13825,South Dakota,Central,OFF-BI-10000404,43,5
2317,CA-2017-122035,7/20/2017,EM-13825,South Dakota,Central,FUR-CH-10003833,182.94,3
2318,CA-2017-122035,7/20/2017,EM-13825,South Dakota,Central,OFF-BI-10002072,60.83,7
2319,CA-2017-122035,7/20/2017,EM-13825,South Dakota,Central,TEC-AC-10003095,389.97,3
2320,CA-2015-117828,12/23/2015,BD-11500,Virginia,South,OFF-AP-10001563,194.32,4
2321,CA-2017-165491,3/20/2017,HW-14935,Washington,West,TEC-AC-10000358,265.93,7
2322,CA-2015-109470,12/31/2015,KC-16255,Kentucky,South,OFF-BI-10004492,94.74,3
2323,CA-2015-109470,12/31/2015,KC-16255,Kentucky,South,OFF-BI-10001072,60.64,4
2324,CA-2015-109470,12/31/2015,KC-16255,Kentucky,South,OFF-BI-10003707,76.3,5
2325,CA-2015-109470,12/31/2015,KC-16255,Kentucky,South,OFF-BI-10000977,364.8,12
2326,CA-2015-105102,9/15/2015,BM-11575,New York,East,OFF-BI-10002082,79.872,3
2327,CA-2015-105102,9/15/2015,BM-11575,New York,East,FUR-BO-10004709,46.384,1
2328,CA-2015-105102,9/15/2015,BM-11575,New York,East,OFF-PA-10002365,12.96,2
2329,CA-2017-138422,9/23/2017,KN-16705,Colorado,West,OFF-EN-10004147,14.352,3
2330,US-2015-147739,12/25/2015,JD-16150,Pennsylvania,East,FUR-FU-10001468,547.136,4
2331,CA-2016-155187,9/24/2016,LA-16780,California,West,OFF-ST-10000642,41.96,2
2332,CA-2016-155187,9/24/2016,LA-16780,California,West,OFF-PA-10000380,41.7,5
2333,CA-2017-169285,3/21/2017,RW-19690,Indiana,Central,OFF-PA-10004071,277.4,5
2334,CA-2017-169285,3/21/2017,RW-19690,Indiana,Central,OFF-PA-10004971,5.78,1
2335,CA-2014-140886,9/30/2014,KW-16570,Tennessee,South,OFF-AP-10000696,69.216,6
2336,CA-2017-152695,12/10/2017,CC-12220,Connecticut,East,OFF-EN-10004030,10.86,3
2337,CA-2017-152695,12/10/2017,CC-12220,Connecticut,East,OFF-AP-10000026,426.79,7
2338,CA-2014-110639,8/23/2014,RH-19495,New York,East,OFF-PA-10003936,25.92,4
2339,CA-2014-110639,8/23/2014,RH-19495,New York,East,OFF-PA-10004530,45.92,4
2340,CA-2014-121727,8/19/2014,JK-15625,Ohio,East,OFF-AR-10004930,10.72,2
2341,CA-2016-137736,11/10/2016,DC-13285,Georgia,South,OFF-AR-10004999,41.86,7
2342,US-2014-143231,12/31/2014,GM-14455,Massachusetts,East,FUR-FU-10002501,63.2,5
2343,US-2014-143231,12/31/2014,GM-14455,Massachusetts,East,TEC-AC-10000358,113.97,3
2344,US-2014-155894,7/26/2014,CL-11890,Illinois,Central,OFF-ST-10004804,123.552,3
2345,CA-2016-119025,2/22/2016,PV-18985,Wisconsin,Central,OFF-AP-10001205,490.32,9
2346,CA-2016-159373,3/13/2016,LT-17110,Texas,Central,OFF-PA-10000659,70.08,5
2347,CA-2016-159373,3/13/2016,LT-17110,Texas,Central,OFF-BI-10004141,1.272,2
2348,CA-2016-159373,3/13/2016,LT-17110,Texas,Central,FUR-TA-10004619,557.585,5
2349,CA-2017-109701,12/2/2017,AM-10360,California,West,OFF-BI-10004187,9.024,6
2350,CA-2017-109701,12/2/2017,AM-10360,California,West,OFF-BI-10000632,69.456,2
2351,CA-2017-109701,12/2/2017,AM-10360,California,West,OFF-PA-10003724,10.86,2
2352,CA-2017-109701,12/2/2017,AM-10360,California,West,OFF-AP-10002765,79.47,3
2353,CA-2017-109701,12/2/2017,AM-10360,California,West,OFF-AR-10001868,10.08,6
2354,CA-2015-111514,8/31/2015,SC-20260,California,West,FUR-BO-10002545,1552.831,7
2355,CA-2015-111514,8/31/2015,SC-20260,California,West,OFF-BI-10002735,137.24,5
2356,CA-2015-111514,8/31/2015,SC-20260,California,West,TEC-AC-10004864,36.51,1
2357,CA-2015-111514,8/31/2015,SC-20260,California,West,TEC-MA-10000597,239.976,3
2358,US-2014-148838,3/17/2014,CP-12340,New York,East,FUR-TA-10003473,1579.746,7
2359,US-2014-148838,3/17/2014,CP-12340,New York,East,FUR-TA-10001950,1071.576,4
2360,US-2014-148838,3/17/2014,CP-12340,New York,East,FUR-TA-10004175,613.908,3
2361,US-2014-148838,3/17/2014,CP-12340,New York,East,OFF-PA-10002960,34.86,7
2362,US-2014-148838,3/17/2014,CP-12340,New York,East,OFF-PA-10000919,155.04,4
2363,CA-2017-136497,4/16/2017,RF-19840,Ohio,East,OFF-BI-10001553,13.71,5
2364,US-2016-108637,3/13/2016,AB-10060,Virginia,South,FUR-FU-10004864,127.88,2
2365,US-2016-108637,3/13/2016,AB-10060,Virginia,South,OFF-AP-10004540,160.32,2
2366,US-2016-108637,3/13/2016,AB-10060,Virginia,South,OFF-BI-10004965,46,4
2367,CA-2014-102295,11/24/2014,EH-13990,California,West,FUR-CH-10001714,120.712,1
2368,CA-2017-123659,2/10/2017,MN-17935,Maryland,East,OFF-PA-10002464,23.12,4
2369,US-2016-129469,9/23/2016,KL-16555,Ohio,East,FUR-FU-10002298,532.704,6
2370,US-2016-129469,9/23/2016,KL-16555,Ohio,East,OFF-AR-10000315,4.912,2
2371,CA-2017-155152,7/7/2017,MP-17965,Rhode Island,East,TEC-AC-10004353,252,4
2372,CA-2016-159940,7/7/2016,BF-11020,Illinois,Central,FUR-FU-10004973,60.288,8
2373,CA-2016-159940,7/7/2016,BF-11020,Illinois,Central,OFF-FA-10000936,2.632,1
2374,CA-2016-159940,7/7/2016,BF-11020,Illinois,Central,OFF-PA-10001609,23.688,9
2375,CA-2016-159940,7/7/2016,BF-11020,Illinois,Central,FUR-CH-10000785,253.372,2
2376,CA-2017-119669,1/24/2017,TP-21130,Georgia,South,OFF-FA-10000053,5.67,3
2377,US-2014-164616,8/19/2014,MS-17770,Ohio,East,OFF-BI-10001718,76.776,4
2378,US-2014-164616,8/19/2014,MS-17770,Ohio,East,OFF-SU-10004768,9.184,2
2379,CA-2015-148628,12/6/2015,KM-16375,California,West,OFF-PA-10003883,32.75,5
2380,CA-2016-118052,5/6/2016,BE-11455,Ohio,East,OFF-FA-10004248,7.216,2
2381,CA-2016-118052,5/6/2016,BE-11455,Ohio,East,OFF-PA-10002581,49.568,2
2382,CA-2016-118052,5/6/2016,BE-11455,Ohio,East,FUR-FU-10004848,54.712,7
2383,US-2017-117534,3/25/2017,CV-12295,California,West,OFF-AP-10002403,176.04,4
2384,US-2017-117534,3/25/2017,CV-12295,California,West,OFF-AR-10003087,16.02,9
2385,US-2017-117534,3/25/2017,CV-12295,California,West,OFF-BI-10002026,185.92,4
2386,US-2017-117534,3/25/2017,CV-12295,California,West,TEC-PH-10000141,211.168,4
2387,US-2017-117534,3/25/2017,CV-12295,California,West,TEC-CO-10000971,479.984,2
2388,CA-2015-145065,12/12/2015,DK-13375,California,West,OFF-FA-10001229,7.86,2
2389,CA-2015-145065,12/12/2015,DK-13375,California,West,OFF-BI-10002437,24.448,2
2390,US-2015-127040,12/6/2015,SG-20605,New York,East,OFF-PA-10004255,6.48,1
2391,US-2015-127040,12/6/2015,SG-20605,New York,East,OFF-PA-10001184,41.86,7
2392,US-2015-127040,12/6/2015,SG-20605,New York,East,TEC-AC-10002637,1619.91,9
2393,US-2015-127040,12/6/2015,SG-20605,New York,East,FUR-FU-10002878,113.92,4
2394,CA-2016-128111,3/17/2016,CS-12355,Massachusetts,East,OFF-AR-10000588,39.68,2
2395,CA-2015-137897,11/14/2015,PJ-18835,New York,East,TEC-AC-10002217,37.6,2
2396,CA-2015-137897,11/14/2015,PJ-18835,New York,East,TEC-AC-10001267,59.9,2
2397,CA-2015-137897,11/14/2015,PJ-18835,New York,East,OFF-PA-10004041,37,5
2398,CA-2017-169264,8/14/2017,NP-18700,California,West,OFF-LA-10001613,5.76,2
2399,CA-2017-169264,8/14/2017,NP-18700,California,West,OFF-AR-10000246,16.68,6
2400,CA-2017-147361,9/9/2017,SB-20290,South Carolina,South,OFF-ST-10001809,628.81,7
2401,CA-2017-147361,9/9/2017,SB-20290,South Carolina,South,OFF-ST-10002214,56.45,5
2402,CA-2017-145877,4/1/2017,AS-10090,Missouri,Central,OFF-ST-10000649,94.2,6
2403,CA-2017-145877,4/1/2017,AS-10090,Missouri,Central,OFF-EN-10001990,28.4,5
2404,US-2016-110170,9/27/2016,HM-14860,Texas,Central,FUR-BO-10000780,956.6648,7
2405,CA-2017-108574,10/7/2017,MG-18145,California,West,TEC-AC-10002049,1115.91,9
2406,CA-2017-108574,10/7/2017,MG-18145,California,West,TEC-PH-10003555,128.744,7
2407,CA-2017-108574,10/7/2017,MG-18145,California,West,TEC-PH-10000702,79.92,10
2408,CA-2017-144589,1/20/2017,TM-21010,California,West,OFF-AR-10003631,24.2,5
2409,CA-2017-144589,1/20/2017,TM-21010,California,West,TEC-PH-10003072,359.976,3
2410,CA-2017-155985,3/23/2017,BE-11335,California,West,FUR-FU-10000758,211.84,8
2411,CA-2014-162684,8/1/2014,AS-10630,Pennsylvania,East,OFF-FA-10000992,5.68,2
2412,CA-2015-142041,6/7/2015,EM-13810,California,West,OFF-BI-10004187,7.52,5
2413,CA-2014-151295,11/12/2014,JA-15970,California,West,OFF-PA-10001947,11.96,2
2414,CA-2014-151295,11/12/2014,JA-15970,California,West,FUR-TA-10002356,629.064,3
2415,CA-2016-156300,12/29/2016,TB-21595,Wisconsin,Central,FUR-CH-10001714,754.45,5
2416,CA-2015-146087,7/6/2015,PP-18955,Massachusetts,East,FUR-BO-10002824,301.96,2
2417,CA-2017-168655,10/12/2017,ML-18040,New Mexico,West,TEC-AC-10002842,595,5
2418,CA-2017-168655,10/12/2017,ML-18040,New Mexico,West,OFF-BI-10002082,79.872,3
2419,CA-2016-107202,5/21/2016,LC-16930,Nevada,West,TEC-MA-10000112,2396.4,10
2420,CA-2017-159597,11/9/2017,MC-17590,California,West,OFF-ST-10002289,63.56,2
2421,CA-2017-159597,11/9/2017,MC-17590,California,West,TEC-AC-10004171,99.99,1
2422,CA-2016-155551,4/18/2016,CR-12580,Illinois,Central,OFF-ST-10003656,230.376,3
2423,CA-2016-155551,4/18/2016,CR-12580,Illinois,Central,OFF-PA-10001560,9.664,2
2424,US-2017-147669,12/25/2017,SV-20935,Ohio,East,TEC-AC-10002473,158.928,7
2425,US-2017-147669,12/25/2017,SV-20935,Ohio,East,OFF-BI-10000632,13.023,1
2426,US-2017-147669,12/25/2017,SV-20935,Ohio,East,FUR-TA-10002645,273.06,2
2427,US-2017-147669,12/25/2017,SV-20935,Ohio,East,OFF-FA-10002975,39.312,13
2428,CA-2016-169922,6/11/2016,MZ-17515,Texas,Central,OFF-BI-10003784,1.344,4
2429,CA-2016-169922,6/11/2016,MZ-17515,Texas,Central,OFF-BI-10001617,8.272,4
2430,CA-2016-169922,6/11/2016,MZ-17515,Texas,Central,FUR-FU-10004415,12.544,7
2431,CA-2017-100748,5/13/2017,RB-19795,California,West,OFF-LA-10000240,58.48,8
2432,CA-2017-129805,12/28/2017,HM-14860,Washington,West,FUR-FU-10001935,7.4,2
2433,CA-2014-148586,3/25/2014,AZ-10750,New York,East,FUR-CH-10002439,366.786,7
2434,US-2017-112613,5/28/2017,JH-15910,Texas,Central,TEC-PH-10001536,54.368,4
2435,CA-2015-154746,11/14/2015,PJ-18835,Virginia,South,OFF-EN-10001532,33.96,2
2436,CA-2015-154746,11/14/2015,PJ-18835,Virginia,South,OFF-AP-10003057,826.11,3
2437,CA-2017-140053,7/3/2017,CA-12265,New Mexico,West,FUR-FU-10003708,545.85,9
2438,CA-2014-164210,11/18/2014,PW-19240,Colorado,West,FUR-TA-10000849,145.98,2
2439,CA-2014-164210,11/18/2014,PW-19240,Colorado,West,OFF-PA-10002259,35.808,4
2440,CA-2017-139948,7/17/2017,SW-20455,Florida,South,FUR-FU-10002597,7.904,2
2441,CA-2016-146934,5/22/2016,AF-10870,New Jersey,East,TEC-PH-10004614,345,5
2442,CA-2016-146934,5/22/2016,AF-10870,New Jersey,East,FUR-TA-10003748,174.286,2
2443,CA-2016-146934,5/22/2016,AF-10870,New Jersey,East,OFF-AP-10003217,662.84,4
2444,CA-2016-146934,5/22/2016,AF-10870,New Jersey,East,TEC-AC-10002399,95.1,5
2445,CA-2016-146934,5/22/2016,AF-10870,New Jersey,East,OFF-EN-10002973,26.88,6
2446,CA-2016-146934,5/22/2016,AF-10870,New Jersey,East,TEC-PH-10001336,257.98,2
2447,CA-2015-100573,9/25/2015,AM-10705,California,West,OFF-EN-10000461,17.48,2
2448,CA-2016-119165,10/31/2016,BD-11320,Pennsylvania,East,FUR-CH-10000988,492.835,5
2449,CA-2015-128027,9/14/2015,CM-12385,South Carolina,South,OFF-ST-10001809,269.49,3
2450,CA-2016-140207,11/5/2016,CS-12400,California,West,OFF-BI-10003963,29.12,5
2451,CA-2017-140949,3/17/2017,DB-13405,New York,East,OFF-LA-10000081,18.75,5
2452,CA-2017-140949,3/17/2017,DB-13405,New York,East,TEC-PH-10000149,119.7,6
2453,CA-2017-140949,3/17/2017,DB-13405,New York,East,OFF-BI-10000605,9.144,3
2454,CA-2017-140949,3/17/2017,DB-13405,New York,East,TEC-AC-10002399,57.06,3
2455,CA-2017-140949,3/17/2017,DB-13405,New York,East,TEC-AC-10003038,71.6,8
2456,CA-2017-140949,3/17/2017,DB-13405,New York,East,OFF-ST-10000344,107.44,8
2457,CA-2017-140949,3/17/2017,DB-13405,New York,East,OFF-LA-10004093,7.31,1
2458,CA-2017-140949,3/17/2017,DB-13405,New York,East,OFF-AR-10001683,59.1,6
2459,CA-2017-140949,3/17/2017,DB-13405,New York,East,OFF-ST-10003455,46.53,3
2460,CA-2017-138548,8/15/2017,JG-15160,New Jersey,East,OFF-AP-10002578,97.84,2
2461,CA-2015-142419,7/11/2015,SC-20380,Washington,West,OFF-PA-10001763,29.97,3
2462,CA-2015-142419,7/11/2015,SC-20380,Washington,West,OFF-BI-10001597,98.352,3
2463,CA-2017-148691,12/3/2017,CS-12460,New York,East,OFF-BI-10001524,83.92,5
2464,CA-2017-148691,12/3/2017,CS-12460,New York,East,OFF-BI-10001553,14.624,2
2465,CA-2017-148691,12/3/2017,CS-12460,New York,East,TEC-PH-10000576,136.99,1
2466,CA-2017-148691,12/3/2017,CS-12460,New York,East,OFF-LA-10001317,3.15,1
2467,CA-2017-128755,5/4/2017,MK-18160,Virginia,South,OFF-PA-10000726,9.11,1
2468,CA-2017-128755,5/4/2017,MK-18160,Virginia,South,OFF-ST-10003306,571.44,4
2469,CA-2017-128755,5/4/2017,MK-18160,Virginia,South,OFF-PA-10004983,32.4,5
2470,CA-2017-128755,5/4/2017,MK-18160,Virginia,South,OFF-ST-10001291,16.91,1
2471,US-2016-135923,1/22/2016,CM-11935,North Carolina,South,FUR-FU-10002107,14.272,8
2472,US-2016-135923,1/22/2016,CM-11935,North Carolina,South,FUR-BO-10002213,451.136,4
2473,US-2016-135923,1/22/2016,CM-11935,North Carolina,South,OFF-AP-10000692,64.864,4
2474,CA-2016-114972,11/3/2016,PF-19225,California,West,FUR-CH-10001190,217.584,2
2475,CA-2016-114972,11/3/2016,PF-19225,California,West,TEC-AC-10000682,82.95,5
2476,CA-2016-114972,11/3/2016,PF-19225,California,West,OFF-LA-10004545,87.71,7
2477,CA-2016-114972,11/3/2016,PF-19225,California,West,OFF-AP-10003057,1101.48,4
2478,CA-2017-102750,9/4/2017,GM-14695,California,West,FUR-TA-10000198,1322.352,3
2479,CA-2014-145212,9/13/2014,DC-12850,New York,East,OFF-AR-10002833,5.46,3
2480,CA-2017-141992,6/19/2017,FO-14305,Texas,Central,OFF-SU-10002557,11.184,1
2481,CA-2017-141992,6/19/2017,FO-14305,Texas,Central,OFF-ST-10003656,153.584,2
2482,CA-2017-147956,12/24/2017,AH-10210,Washington,West,OFF-ST-10001097,1003.62,6
2483,CA-2017-126067,8/28/2017,KN-16705,Washington,West,TEC-PH-10000912,35.168,4
2484,CA-2017-126067,8/28/2017,KN-16705,Washington,West,FUR-TA-10000617,1137.75,5
2485,CA-2017-126067,8/28/2017,KN-16705,Washington,West,OFF-BI-10001658,99.68,5
2486,CA-2017-126067,8/28/2017,KN-16705,Washington,West,OFF-AR-10003856,5.56,2
2487,CA-2015-104514,1/2/2015,CB-12535,Delaware,East,OFF-ST-10001837,85.52,2
2488,CA-2015-104514,1/2/2015,CB-12535,Delaware,East,OFF-AR-10001473,9.84,3
2489,CA-2015-104514,1/2/2015,CB-12535,Delaware,East,OFF-PA-10004285,20.04,3
2490,CA-2015-141040,10/9/2015,TB-21250,New York,East,TEC-PH-10001835,631.96,4
2491,CA-2015-141040,10/9/2015,TB-21250,New York,East,OFF-PA-10002245,23.92,4
2492,CA-2014-113579,12/13/2014,KD-16345,California,West,OFF-PA-10001457,90.24,6
2493,CA-2014-144624,11/19/2014,JM-15865,New York,East,TEC-PH-10002885,4548.81,7
2494,CA-2016-146206,9/10/2016,KT-16480,Texas,Central,FUR-TA-10004086,300.93,5
2495,CA-2016-146206,9/10/2016,KT-16480,Texas,Central,TEC-PH-10000895,719.96,5
2496,CA-2014-136644,6/16/2014,SC-20575,Indiana,Central,FUR-CH-10000225,647.84,8
2497,CA-2015-122371,9/26/2015,BS-11800,California,West,OFF-ST-10002370,64.17,3
2498,CA-2015-122371,9/26/2015,BS-11800,California,West,OFF-EN-10000056,124.46,2
2499,CA-2016-126935,5/19/2016,BT-11395,California,West,OFF-BI-10004817,9.584,1
2500,US-2017-133781,6/22/2017,DC-12850,Florida,South,OFF-EN-10004483,37.608,3
2501,CA-2017-131618,6/17/2017,LS-17200,Illinois,Central,OFF-PA-10001892,12.224,2
2502,CA-2017-131618,6/17/2017,LS-17200,Illinois,Central,OFF-BI-10000546,2.304,4
2503,CA-2017-131618,6/17/2017,LS-17200,Illinois,Central,OFF-BI-10001294,9.36,4
2504,CA-2016-149482,11/14/2016,RR-19315,California,West,OFF-LA-10000248,7.38,2
2505,CA-2014-143917,7/25/2014,KL-16645,California,West,OFF-ST-10001228,53.72,4
2506,CA-2014-143917,7/25/2014,KL-16645,California,West,OFF-SU-10000151,8187.65,5
2507,CA-2014-143917,7/25/2014,KL-16645,California,West,FUR-FU-10004351,77.92,8
2508,CA-2015-120397,7/2/2015,RB-19435,Texas,Central,OFF-AP-10001293,32.784,4
2509,CA-2017-163902,3/2/2017,MY-17380,California,West,TEC-PH-10000675,196.776,3
2510,CA-2017-163902,3/2/2017,MY-17380,California,West,TEC-AC-10000580,479.94,6
2511,CA-2016-136812,11/18/2016,AW-10930,Oklahoma,Central,OFF-ST-10003470,1117.92,4
2512,CA-2015-102722,4/18/2015,KW-16570,Louisiana,South,TEC-AC-10003116,106.5,6
2513,CA-2017-155089,12/2/2017,DB-12910,Florida,South,OFF-BI-10002429,45.66,5
2514,CA-2016-124506,11/11/2016,BB-11545,Illinois,Central,TEC-AC-10003280,95.968,4
2515,CA-2016-124506,11/11/2016,BB-11545,Illinois,Central,FUR-CH-10004540,47.992,2
2516,CA-2014-106572,9/5/2014,NP-18700,Ohio,East,OFF-ST-10000585,264.32,2
2517,CA-2014-128888,11/15/2014,PB-19105,Texas,Central,OFF-EN-10003001,604.656,9
2518,CA-2017-123134,5/2/2017,DW-13585,New Jersey,East,FUR-FU-10003975,129.93,3
2519,CA-2016-124352,10/15/2016,CD-12790,Oklahoma,Central,OFF-LA-10004559,20.16,7
2520,CA-2016-124352,10/15/2016,CD-12790,Oklahoma,Central,OFF-LA-10003223,29.46,6
2521,CA-2016-124352,10/15/2016,CD-12790,Oklahoma,Central,OFF-AP-10002651,868.59,3
2522,CA-2016-124352,10/15/2016,CD-12790,Oklahoma,Central,OFF-PA-10003177,12.96,2
2523,CA-2016-124352,10/15/2016,CD-12790,Oklahoma,Central,TEC-PH-10003442,5.5,1
2524,CA-2016-124352,10/15/2016,CD-12790,Oklahoma,Central,OFF-BI-10000977,121.6,4
2525,CA-2015-124541,4/6/2015,TT-21220,Texas,Central,OFF-AR-10004078,42.048,9
2526,CA-2015-124541,4/6/2015,TT-21220,Texas,Central,TEC-AC-10002550,25.488,2
2527,CA-2015-124541,4/6/2015,TT-21220,Texas,Central,OFF-BI-10004965,6.9,3
2528,CA-2015-124541,4/6/2015,TT-21220,Texas,Central,OFF-BI-10004209,9.648,6
2529,CA-2015-124541,4/6/2015,TT-21220,Texas,Central,OFF-PA-10001526,7.968,2
2530,CA-2014-108707,10/24/2014,DB-12910,Florida,South,OFF-PA-10000788,10.368,2
2531,CA-2014-111500,8/17/2014,DJ-13510,Arkansas,South,OFF-PA-10000595,114.2,5
2532,CA-2014-111500,8/17/2014,DJ-13510,Arkansas,South,OFF-BI-10000829,17.96,4
2533,CA-2014-111500,8/17/2014,DJ-13510,Arkansas,South,OFF-FA-10002676,12.67,7
2534,CA-2014-111500,8/17/2014,DJ-13510,Arkansas,South,TEC-AC-10000844,339.96,4
2535,US-2017-117723,8/15/2017,DL-13495,Pennsylvania,East,OFF-ST-10004459,1801.632,6
2536,CA-2015-143238,9/6/2015,LO-17170,California,West,TEC-AC-10003499,46.32,4
2537,CA-2015-168746,1/27/2015,SV-20365,Ohio,East,FUR-CH-10000513,181.986,2
2538,CA-2015-168746,1/27/2015,SV-20365,Ohio,East,TEC-PH-10000895,431.976,4
2539,CA-2015-168746,1/27/2015,SV-20365,Ohio,East,TEC-PH-10002555,155.37,1
2540,CA-2015-113404,7/16/2015,EM-13810,California,West,FUR-CH-10003312,1348.704,6
2541,CA-2015-113404,7/16/2015,EM-13810,California,West,FUR-CH-10004086,700.152,3
2542,CA-2016-144792,4/30/2016,KD-16615,Arizona,West,FUR-FU-10002759,111.888,7
2543,CA-2014-164385,9/26/2014,NB-18580,Pennsylvania,East,OFF-AP-10002191,143.952,3
2544,US-2016-114174,9/8/2016,AP-10720,Massachusetts,East,FUR-BO-10003450,173.94,3
2545,US-2016-114174,9/8/2016,AP-10720,Massachusetts,East,OFF-LA-10000248,14.76,4
2546,CA-2017-108070,4/16/2017,JE-15745,California,West,OFF-ST-10004804,205.92,4
2547,CA-2017-108070,4/16/2017,JE-15745,California,West,FUR-BO-10001337,102.833,1
2548,US-2015-128090,8/16/2015,JM-15865,Arizona,West,OFF-AR-10002255,2.304,1
2549,US-2015-128090,8/16/2015,JM-15865,Arizona,West,TEC-PH-10002624,1879.96,5
2550,US-2015-128090,8/16/2015,JM-15865,Arizona,West,OFF-PA-10001878,313.024,8
2551,US-2015-128090,8/16/2015,JM-15865,Arizona,West,OFF-LA-10000452,5.04,2
2552,CA-2017-101042,11/19/2017,AB-10105,Kentucky,South,FUR-FU-10004665,821.88,6
2553,CA-2017-101042,11/19/2017,AB-10105,Kentucky,South,OFF-BI-10000088,21.96,2
2554,CA-2016-155439,9/14/2016,PN-18775,South Carolina,South,OFF-PA-10000029,25.92,4
2555,CA-2016-118626,8/15/2016,JC-15775,Florida,South,TEC-PH-10000369,705.544,7
2556,CA-2015-111458,9/26/2015,PF-19165,New York,East,TEC-AC-10001590,50,2
2557,US-2016-126844,10/8/2016,BW-11110,Texas,Central,FUR-FU-10004909,51.712,8
2558,US-2015-112508,3/24/2015,BP-11185,Florida,South,OFF-AP-10002287,6.992,2
2559,CA-2015-147788,5/31/2015,TM-21010,Utah,West,FUR-BO-10004357,1406.86,7
2560,CA-2015-147788,5/31/2015,TM-21010,Utah,West,OFF-LA-10003766,15.75,5
2561,CA-2015-147788,5/31/2015,TM-21010,Utah,West,OFF-ST-10000046,323.1,2
2562,CA-2015-144288,12/25/2015,MB-17305,Tennessee,South,OFF-LA-10003190,9.216,4
2563,CA-2015-144288,12/25/2015,MB-17305,Tennessee,South,OFF-PA-10002787,10.368,2
2564,CA-2015-110632,3/17/2015,HR-14830,New York,East,TEC-AC-10000387,15.02,1
2565,CA-2015-110632,3/17/2015,HR-14830,New York,East,OFF-ST-10001291,33.82,2
2566,CA-2017-109589,12/21/2017,BD-11635,Kentucky,South,TEC-AC-10003116,71,4
2567,CA-2017-123967,11/1/2017,SF-20200,Washington,West,OFF-BI-10001308,25.12,5
2568,CA-2017-123967,11/1/2017,SF-20200,Washington,West,FUR-TA-10003954,2665.62,9
2569,CA-2017-148929,9/7/2017,SP-20620,New York,East,OFF-ST-10003282,478.08,8
2570,CA-2017-134404,12/27/2017,DR-12880,Ohio,East,TEC-PH-10000576,164.388,2
2571,CA-2017-134404,12/27/2017,DR-12880,Ohio,East,OFF-AR-10004441,13.248,4
2572,CA-2017-109778,7/16/2017,VM-21685,Illinois,Central,OFF-AR-10003759,2.912,2
2573,CA-2016-155845,8/12/2016,CM-12235,Texas,Central,TEC-AC-10004145,1399.944,7
2574,CA-2017-145128,7/9/2017,SM-20320,Indiana,Central,FUR-FU-10000293,526.45,5
2575,CA-2014-129091,11/22/2014,RA-19885,Georgia,South,OFF-EN-10004955,16.23,3
2576,CA-2014-129091,11/22/2014,RA-19885,Georgia,South,OFF-BI-10001071,319.9,5
2577,CA-2014-129091,11/22/2014,RA-19885,Georgia,South,OFF-EN-10001990,11.36,2
2578,CA-2014-129091,11/22/2014,RA-19885,Georgia,South,OFF-AP-10002734,675.12,3
2579,US-2014-155502,1/26/2014,SD-20485,Virginia,South,FUR-FU-10004587,62.82,3
2580,US-2014-155502,1/26/2014,SD-20485,Virginia,South,OFF-ST-10004337,489.92,8
2581,US-2014-155502,1/26/2014,SD-20485,Virginia,South,OFF-PA-10003072,19.44,3
2582,US-2014-155502,1/26/2014,SD-20485,Virginia,South,OFF-PA-10000380,16.68,2
2583,US-2014-155502,1/26/2014,SD-20485,Virginia,South,TEC-PH-10004833,155.35,13
2584,US-2014-155502,1/26/2014,SD-20485,Virginia,South,FUR-FU-10001847,12.42,3
2585,US-2014-155502,1/26/2014,SD-20485,Virginia,South,TEC-PH-10002103,187.98,2
2586,CA-2015-121041,11/3/2015,CS-12250,Texas,Central,OFF-EN-10001137,6.608,2
2587,CA-2017-131695,6/30/2017,RA-19285,New York,East,OFF-ST-10001476,248.57,7
2588,CA-2017-131695,6/30/2017,RA-19285,New York,East,FUR-FU-10002045,22.23,1
2589,CA-2016-137729,5/5/2016,BF-11005,California,West,OFF-ST-10001505,5.98,1
2590,CA-2016-137729,5/5/2016,BF-11005,California,West,TEC-PH-10001433,246.168,3
2591,US-2016-115455,9/8/2016,SE-20110,Illinois,Central,FUR-FU-10004671,14.136,2
2592,US-2016-115455,9/8/2016,SE-20110,Illinois,Central,FUR-TA-10003569,601.47,3
2593,CA-2017-128300,11/24/2017,RS-19765,South Carolina,South,TEC-PH-10002807,79.1,2
2594,CA-2017-128300,11/24/2017,RS-19765,South Carolina,South,OFF-BI-10001597,327.84,8
2595,CA-2017-149048,5/13/2017,BM-11650,Indiana,Central,OFF-EN-10003296,180.96,2
2596,CA-2017-149048,5/13/2017,BM-11650,Indiana,Central,OFF-BI-10004632,914.97,3
2597,CA-2017-149048,5/13/2017,BM-11650,Indiana,Central,TEC-PH-10002310,587.97,3
2598,CA-2017-149048,5/13/2017,BM-11650,Indiana,Central,OFF-ST-10000078,530.34,2
2599,CA-2017-149048,5/13/2017,BM-11650,Indiana,Central,OFF-PA-10001752,14.94,3
2600,CA-2017-108553,4/23/2017,SK-19990,New York,East,OFF-AP-10000026,121.94,2
2601,CA-2017-108553,4/23/2017,SK-19990,New York,East,OFF-SU-10002573,122.71,7
2602,CA-2016-165848,6/4/2016,EN-13780,New York,East,OFF-PA-10000349,14.94,3
2603,CA-2016-165848,6/4/2016,EN-13780,New York,East,TEC-MA-10003356,1349.85,3
2604,CA-2016-165848,6/4/2016,EN-13780,New York,East,FUR-BO-10000362,136.784,1
2605,CA-2016-165848,6/4/2016,EN-13780,New York,East,FUR-FU-10003878,61.12,4
2606,CA-2014-112718,12/16/2014,KN-16450,Florida,South,OFF-BI-10000591,1.167,1
2607,CA-2016-154053,3/4/2016,MG-17890,California,West,OFF-AR-10003727,16.99,1
2608,CA-2014-127446,11/25/2014,MC-17590,Texas,Central,TEC-AC-10001635,24.672,3
2609,CA-2014-127446,11/25/2014,MC-17590,Texas,Central,OFF-LA-10001317,2.52,1
2610,CA-2014-127446,11/25/2014,MC-17590,Texas,Central,FUR-TA-10000577,1218.735,5
2611,CA-2014-127446,11/25/2014,MC-17590,Texas,Central,OFF-LA-10000248,5.904,2
2612,CA-2014-127446,11/25/2014,MC-17590,Texas,Central,OFF-PA-10000955,15.696,3
2613,CA-2014-127446,11/25/2014,MC-17590,Texas,Central,FUR-FU-10000221,6.096,3
2614,CA-2016-137204,4/28/2016,BO-11350,California,West,FUR-CH-10002304,41.568,2
2615,CA-2014-147298,4/26/2014,AG-10300,California,West,FUR-CH-10004886,230.28,3
2616,CA-2014-147298,4/26/2014,AG-10300,California,West,OFF-BI-10001525,18.288,6
2617,CA-2017-147942,4/1/2017,MS-17365,California,West,OFF-LA-10003663,5.78,2
2618,CA-2017-147942,4/1/2017,MS-17365,California,West,OFF-BI-10001294,121.68,13
2619,CA-2017-115931,12/22/2017,JM-15655,New Mexico,West,OFF-AR-10000369,4.17,3
2620,CA-2017-115931,12/22/2017,JM-15655,New Mexico,West,TEC-PH-10001300,67.04,4
2621,CA-2017-115931,12/22/2017,JM-15655,New Mexico,West,OFF-ST-10000876,37.32,3
2622,CA-2017-115931,12/22/2017,JM-15655,New Mexico,West,OFF-LA-10001404,18.45,5
2623,CA-2014-164861,12/3/2014,MC-17635,Missouri,Central,OFF-PA-10001972,25.92,4
2624,CA-2017-127180,10/22/2017,TA-21385,New York,East,TEC-CO-10004722,11199.968,4
2625,CA-2017-127180,10/22/2017,TA-21385,New York,East,TEC-PH-10001494,2399.6,8
2626,CA-2017-127180,10/22/2017,TA-21385,New York,East,OFF-EN-10002500,63.9,5
2627,CA-2017-127180,10/22/2017,TA-21385,New York,East,TEC-PH-10003800,52.99,1
2628,US-2017-165344,11/13/2017,SB-20290,Ohio,East,TEC-AC-10002399,60.864,4
2629,US-2017-165344,11/13/2017,SB-20290,Ohio,East,TEC-MA-10002210,652.995,7
2630,US-2017-165344,11/13/2017,SB-20290,Ohio,East,OFF-BI-10003196,11.22,10
2631,CA-2015-168186,9/10/2015,AB-10150,Oklahoma,Central,OFF-PA-10000477,14.94,3
2632,US-2017-110604,5/15/2017,JF-15295,Washington,West,FUR-FU-10000076,39.96,2
2633,US-2017-110604,5/15/2017,JF-15295,Washington,West,FUR-CH-10002017,42.624,2
2634,US-2017-110604,5/15/2017,JF-15295,Washington,West,FUR-CH-10004287,220.96,1
2635,CA-2015-116750,7/5/2015,BF-10975,North Carolina,South,FUR-FU-10003829,4.928,2
2636,CA-2015-116750,7/5/2015,BF-10975,North Carolina,South,OFF-BI-10004728,7.23,5
2637,CA-2015-162369,8/15/2015,TT-21265,California,West,OFF-ST-10000046,323.1,2
2638,CA-2017-108441,6/12/2017,SB-20170,New York,East,OFF-PA-10000697,19.04,4
2639,CA-2017-108441,6/12/2017,SB-20170,New York,East,OFF-BI-10000848,13.128,3
2640,CA-2017-108441,6/12/2017,SB-20170,New York,East,OFF-AR-10004691,64.14,3
2641,CA-2017-108441,6/12/2017,SB-20170,New York,East,FUR-CH-10000595,858.24,4
2642,CA-2015-169740,2/20/2015,LM-17065,Arkansas,South,TEC-AC-10000927,29.99,1
2643,CA-2016-124051,12/29/2016,KA-16525,Illinois,Central,OFF-PA-10001289,186.048,6
2644,CA-2016-149111,4/17/2016,BF-11170,North Carolina,South,TEC-PH-10003092,36.792,1
2645,CA-2016-149111,4/17/2016,BF-11170,North Carolina,South,FUR-FU-10000206,18.624,8
2646,CA-2014-131002,9/7/2014,TB-21400,Oklahoma,Central,FUR-FU-10004270,57.69,3
2647,CA-2014-131002,9/7/2014,TB-21400,Oklahoma,Central,OFF-BI-10000948,42.81,3
2648,CA-2014-131002,9/7/2014,TB-21400,Oklahoma,Central,OFF-PA-10000223,12.96,2
2649,CA-2014-131002,9/7/2014,TB-21400,Oklahoma,Central,FUR-FU-10004665,821.88,6
2650,CA-2014-131002,9/7/2014,TB-21400,Oklahoma,Central,TEC-PH-10000215,104.85,3
2651,US-2016-146794,9/26/2016,SH-19975,California,West,FUR-BO-10004467,424.9575,5
2652,CA-2017-112515,9/17/2017,AS-10225,Utah,West,OFF-BI-10000829,10.776,3
2653,CA-2017-112515,9/17/2017,AS-10225,Utah,West,OFF-BI-10003712,11.784,3
2654,CA-2017-112515,9/17/2017,AS-10225,Utah,West,OFF-PA-10000062,164.88,3
2655,CA-2017-112515,9/17/2017,AS-10225,Utah,West,FUR-BO-10003404,1292.94,3
2656,CA-2017-112515,9/17/2017,AS-10225,Utah,West,OFF-BI-10004233,25.584,2
2657,CA-2017-112515,9/17/2017,AS-10225,Utah,West,OFF-ST-10001272,261.74,2
2658,CA-2017-112515,9/17/2017,AS-10225,Utah,West,OFF-LA-10001175,14.4,5
2659,CA-2016-150343,8/16/2016,PK-19075,California,West,OFF-EN-10004030,10.86,3
2660,CA-2015-135538,12/24/2015,HR-14830,Arizona,West,FUR-CH-10004287,883.84,4
2661,CA-2017-123372,11/28/2017,DG-13300,New York,East,TEC-PH-10002834,1979.89,11
2662,CA-2017-123372,11/28/2017,DG-13300,New York,East,OFF-EN-10003055,79.96,2
2663,CA-2017-159604,4/14/2017,CL-12700,Missouri,Central,OFF-BI-10003460,8.76,2
2664,CA-2016-164784,5/1/2016,HF-14995,Tennessee,South,OFF-LA-10001569,3.984,1
2665,CA-2016-164784,5/1/2016,HF-14995,Tennessee,South,FUR-TA-10004534,370.62,3
2666,CA-2016-164784,5/1/2016,HF-14995,Tennessee,South,OFF-BI-10002954,2.742,2
2667,CA-2016-111794,10/1/2016,HG-15025,Texas,Central,TEC-AC-10003832,79.512,3
2668,CA-2016-111794,10/1/2016,HG-15025,Texas,Central,OFF-PA-10000474,28.352,1
2669,US-2015-139759,8/25/2015,NL-18310,California,West,FUR-CH-10002774,40.784,1
2670,US-2015-139759,8/25/2015,NL-18310,California,West,OFF-AP-10002765,105.96,4
2671,CA-2014-126403,9/9/2014,RR-19525,Massachusetts,East,OFF-PA-10001144,166.44,3
2672,CA-2014-126403,9/9/2014,RR-19525,Massachusetts,East,FUR-CH-10003761,785.88,6
2673,CA-2014-126403,9/9/2014,RR-19525,Massachusetts,East,OFF-PA-10004665,26.2,2
2674,CA-2014-126403,9/9/2014,RR-19525,Massachusetts,East,OFF-ST-10000078,1325.85,5
2675,CA-2017-136875,12/3/2017,TC-21295,California,West,OFF-PA-10000357,166.44,3
2676,CA-2017-132185,11/27/2017,DB-13615,North Carolina,South,OFF-AR-10000422,8.76,5
2677,CA-2017-132185,11/27/2017,DB-13615,North Carolina,South,OFF-AP-10001205,43.584,1
2678,US-2014-160780,6/21/2014,SV-20785,Colorado,West,OFF-BI-10001116,11.088,7
2679,US-2014-160780,6/21/2014,SV-20785,Colorado,West,OFF-BI-10002931,25.164,2
2680,CA-2017-127026,1/21/2017,MH-18115,Michigan,Central,OFF-BI-10000546,14.4,5
2681,CA-2017-127026,1/21/2017,MH-18115,Michigan,Central,TEC-AC-10002049,619.95,5
2682,CA-2017-127026,1/21/2017,MH-18115,Michigan,Central,OFF-BI-10001196,89.52,4
2683,CA-2017-127026,1/21/2017,MH-18115,Michigan,Central,TEC-MA-10002981,350.973,3
2684,CA-2017-127026,1/21/2017,MH-18115,Michigan,Central,TEC-PH-10003601,164.99,1
2685,CA-2017-137085,6/29/2017,CT-11995,California,West,OFF-BI-10000632,312.552,9
2686,CA-2016-133123,9/6/2016,KB-16315,North Carolina,South,OFF-EN-10003055,95.952,3
2687,CA-2016-133123,9/6/2016,KB-16315,North Carolina,South,OFF-BI-10001031,3.204,2
2688,US-2016-128195,8/4/2016,RA-19285,Illinois,Central,OFF-BI-10002003,3.98,5
2689,CA-2015-153220,11/12/2015,YC-21895,California,West,OFF-PA-10003016,15.7,5
2690,CA-2014-123064,6/30/2014,RA-19915,Illinois,Central,OFF-AR-10004582,5.248,4
2691,CA-2017-156412,12/4/2017,CM-12160,Pennsylvania,East,OFF-BI-10004364,5.346,3
2692,US-2016-144211,8/28/2016,CS-12130,Colorado,West,OFF-PA-10002246,15.48,3
2693,US-2016-144211,8/28/2016,CS-12130,Colorado,West,TEC-PH-10002890,108.576,3
2694,CA-2016-138079,1/22/2016,AJ-10795,Washington,West,FUR-FU-10001475,109.9,5
2695,CA-2014-143182,10/15/2014,DL-12865,Florida,South,FUR-FU-10004270,15.384,1
2696,CA-2016-161662,2/7/2016,BE-11410,Ohio,East,OFF-PA-10003465,30.352,2
2697,CA-2014-145317,3/18/2014,SM-20320,Florida,South,TEC-MA-10003626,821.3,4
2698,CA-2014-145317,3/18/2014,SM-20320,Florida,South,TEC-MA-10002412,22638.48,6
2699,CA-2014-145317,3/18/2014,SM-20320,Florida,South,OFF-PA-10001804,21.376,4
2700,CA-2014-145317,3/18/2014,SM-20320,Florida,South,OFF-AR-10003183,8.016,3
2701,CA-2014-145317,3/18/2014,SM-20320,Florida,South,FUR-FU-10004270,30.768,2
2702,CA-2014-145317,3/18/2014,SM-20320,Florida,South,OFF-FA-10003112,18.936,3
2703,CA-2014-145317,3/18/2014,SM-20320,Florida,South,FUR-FU-10001986,122.352,3
2704,CA-2014-143413,5/24/2014,RP-19390,Maryland,East,OFF-PA-10002319,116.28,3
2705,CA-2017-156818,7/11/2017,JD-16015,New York,East,TEC-AC-10002323,132.6,6
2706,CA-2017-155873,6/16/2017,AB-10255,New Mexico,West,OFF-SU-10001165,16.68,2
2707,CA-2017-155873,6/16/2017,AB-10255,New Mexico,West,OFF-PA-10001246,19.44,3
2708,CA-2017-155873,6/16/2017,AB-10255,New Mexico,West,OFF-PA-10001815,192.16,4
2709,CA-2015-121797,1/30/2015,CC-12145,California,West,FUR-FU-10001876,227.36,7
2710,CA-2015-121797,1/30/2015,CC-12145,California,West,TEC-MA-10000488,1919.976,3
2711,US-2015-120572,12/11/2015,GH-14425,Florida,South,OFF-BI-10001098,12.828,2
2712,CA-2017-132430,10/9/2017,CP-12085,Ohio,East,FUR-FU-10003577,45.888,4
2713,CA-2017-146031,7/29/2017,GM-14440,New York,East,OFF-AR-10002656,60.12,9
2714,CA-2014-110100,4/25/2014,LC-16885,North Carolina,South,TEC-PH-10004531,302.376,3
2715,CA-2015-103723,12/1/2015,BT-11305,Washington,West,OFF-AR-10003251,13.9,5
2716,CA-2014-127187,12/4/2014,CP-12085,New York,East,TEC-PH-10000673,129.98,2
2717,CA-2017-128475,8/26/2017,SC-20680,Georgia,South,TEC-AC-10000158,71.98,2
2718,CA-2014-100006,9/7/2014,DK-13375,New York,East,TEC-PH-10002075,377.97,3
2719,CA-2017-144827,12/21/2017,SE-20110,California,West,OFF-ST-10004340,124.36,2
2720,CA-2014-110030,12/6/2014,LF-17185,Texas,Central,FUR-FU-10002759,23.976,3
2721,CA-2014-121286,11/4/2014,ON-18715,North Carolina,South,OFF-FA-10000585,8.376,3
2722,CA-2014-121286,11/4/2014,ON-18715,North Carolina,South,OFF-AP-10004859,58.24,5
2723,CA-2016-164735,4/14/2016,TB-21400,Virginia,South,OFF-ST-10001558,81.2,5
2724,CA-2014-153479,10/4/2014,DF-13135,California,West,OFF-LA-10004689,14.45,5
2725,CA-2014-153479,10/4/2014,DF-13135,California,West,OFF-BI-10002867,95.648,2
2726,CA-2017-149888,11/7/2017,EP-13915,Pennsylvania,East,TEC-PH-10003811,359.97,5
2727,CA-2017-149888,11/7/2017,EP-13915,Pennsylvania,East,FUR-TA-10000849,350.352,4
2728,CA-2017-119193,12/22/2017,SK-19990,Ohio,East,OFF-BI-10000848,1.641,1
2729,CA-2017-119193,12/22/2017,SK-19990,Ohio,East,TEC-PH-10003072,629.958,7
2730,CA-2017-104801,2/13/2017,FH-14350,Washington,West,OFF-AR-10001547,6.63,3
2731,CA-2017-104801,2/13/2017,FH-14350,Washington,West,TEC-AC-10001838,799.96,4
2732,CA-2017-104801,2/13/2017,FH-14350,Washington,West,FUR-FU-10004017,107.53,1
2733,CA-2014-107594,7/2/2014,EH-13945,New Jersey,East,TEC-PH-10002923,73.98,2
2734,CA-2014-107594,7/2/2014,EH-13945,New Jersey,East,OFF-AR-10000716,5.58,1
2735,CA-2015-129770,2/21/2015,JE-15715,New Mexico,West,OFF-PA-10000249,49.12,4
2736,CA-2015-115798,11/13/2015,KL-16645,Delaware,East,TEC-PH-10003691,377.97,3
2737,CA-2015-115798,11/13/2015,KL-16645,Delaware,East,OFF-PA-10001560,42.28,7
2738,CA-2015-115798,11/13/2015,KL-16645,Delaware,East,FUR-BO-10004467,299.97,3
2739,CA-2015-115798,11/13/2015,KL-16645,Delaware,East,TEC-PH-10001819,89.98,2
2740,CA-2017-122707,4/16/2017,EB-13750,Alabama,South,OFF-SU-10000157,477.24,4
2741,CA-2017-122707,4/16/2017,EB-13750,Alabama,South,TEC-AC-10004227,25.98,2
2742,CA-2016-165015,2/25/2016,BD-11725,Ohio,East,OFF-EN-10003134,46.72,5
2743,CA-2014-149244,11/4/2014,MS-17530,California,West,FUR-FU-10004671,35.34,2
2744,CA-2015-140144,6/20/2015,SC-20770,California,West,FUR-FU-10002253,257.64,6
2745,CA-2015-140144,6/20/2015,SC-20770,California,West,TEC-PH-10002726,125.976,3
2746,CA-2017-163321,8/7/2017,FM-14380,North Carolina,South,TEC-AC-10004571,79.992,1
2747,CA-2014-155887,5/12/2014,KT-16480,Massachusetts,East,FUR-TA-10002228,700.056,3
2748,US-2015-165449,11/22/2015,AP-10720,Texas,Central,TEC-AC-10004127,27.168,4
2749,CA-2015-110247,12/4/2015,RH-19555,Florida,South,OFF-BI-10001553,8.226,3
2750,US-2014-141257,6/8/2014,CS-11950,Washington,West,FUR-CH-10002758,585.552,3
2751,CA-2014-154669,8/8/2014,TM-21010,California,West,OFF-ST-10000532,423.28,11
2752,CA-2014-158029,5/26/2014,HF-14995,California,West,FUR-CH-10000988,225.296,2
2753,CA-2015-155306,4/17/2015,GA-14515,California,West,OFF-AR-10003251,5.56,2
2754,CA-2015-155306,4/17/2015,GA-14515,California,West,TEC-AC-10003174,323.37,3
2755,CA-2015-155306,4/17/2015,GA-14515,California,West,TEC-PH-10002310,783.96,5
2756,CA-2015-155306,4/17/2015,GA-14515,California,West,OFF-AP-10002651,1447.65,5
2757,CA-2015-155306,4/17/2015,GA-14515,California,West,OFF-PA-10001184,11.96,2
2758,CA-2016-127775,6/11/2016,ES-14020,New York,East,TEC-AC-10002402,239.97,3
2759,CA-2016-146171,3/11/2016,JP-16135,Georgia,South,FUR-FU-10004270,76.92,4
2760,CA-2016-146171,3/11/2016,JP-16135,Georgia,South,OFF-ST-10001526,481.32,4
2761,CA-2014-129574,5/26/2014,Dp-13240,Utah,West,OFF-PA-10002893,48.4,5
2762,CA-2017-126536,10/12/2017,NK-18490,California,West,TEC-AC-10003709,0.99,1
2763,CA-2017-126536,10/12/2017,NK-18490,California,West,OFF-BI-10001191,101.84,5
2764,CA-2017-165757,6/22/2017,PL-18925,Pennsylvania,East,OFF-BI-10003166,10.332,3
2765,CA-2017-165757,6/22/2017,PL-18925,Pennsylvania,East,OFF-BI-10003982,31.155,5
2766,CA-2017-165757,6/22/2017,PL-18925,Pennsylvania,East,OFF-ST-10004835,8.928,2
2767,CA-2017-167752,1/15/2017,RW-19690,Pennsylvania,East,OFF-AP-10000159,34.384,1
2768,CA-2017-167752,1/15/2017,RW-19690,Pennsylvania,East,OFF-AP-10002945,1924.16,8
2769,US-2015-122140,4/2/2015,MO-17950,Texas,Central,OFF-AP-10001242,32.192,2
2770,US-2015-122140,4/2/2015,MO-17950,Texas,Central,TEC-AC-10003038,50.12,7
2771,US-2015-122140,4/2/2015,MO-17950,Texas,Central,TEC-AC-10003289,47.976,3
2772,CA-2016-163986,9/3/2016,JJ-15445,Wisconsin,Central,OFF-ST-10000918,54.5,5
2773,CA-2017-158967,12/10/2017,BT-11680,Florida,South,FUR-FU-10001940,19.104,3
2774,CA-2016-131576,11/22/2016,RD-19585,Michigan,Central,OFF-BI-10002852,49.44,3
2775,CA-2017-143455,11/11/2017,ML-17755,Ohio,East,OFF-PA-10004451,10.368,2
2776,CA-2016-144729,10/21/2016,JE-15745,California,West,OFF-ST-10004804,154.44,3
2777,CA-2015-127019,12/21/2015,ER-13855,Colorado,West,OFF-AP-10003971,60.984,7
2778,CA-2015-138534,7/17/2015,JM-15535,California,West,FUR-BO-10003159,195.466,2
2779,CA-2017-108322,4/30/2017,SS-20140,Florida,South,FUR-FU-10001935,23.68,8
2780,CA-2017-108322,4/30/2017,SS-20140,Florida,South,TEC-AC-10003433,2.376,3
2781,CA-2017-167668,5/6/2017,TC-21295,New York,East,OFF-LA-10004544,59.2,4
2782,CA-2017-146724,11/20/2017,HG-15025,Minnesota,Central,OFF-AR-10001026,22,10
2783,CA-2016-139878,11/11/2016,LD-17005,Michigan,Central,TEC-PH-10001336,257.98,2
2784,US-2016-106677,11/5/2016,AS-10285,Pennsylvania,East,TEC-PH-10003187,23.988,2
2785,CA-2016-116974,10/9/2016,MP-17965,Ohio,East,TEC-PH-10004897,23.976,4
2786,CA-2015-149972,9/21/2015,CD-12790,California,West,FUR-CH-10004997,601.536,4
2787,CA-2015-149972,9/21/2015,CD-12790,California,West,OFF-FA-10002763,7.9,2
2788,US-2014-117744,12/2/2014,MD-17860,Texas,Central,FUR-FU-10001588,58.36,5
2789,US-2014-117744,12/2/2014,MD-17860,Texas,Central,OFF-AR-10000940,16.464,7
2790,US-2014-117744,12/2/2014,MD-17860,Texas,Central,FUR-FU-10002759,39.96,5
2791,CA-2014-125514,9/21/2014,BM-11650,Nebraska,Central,OFF-AP-10000358,25.96,2
2792,CA-2014-125514,9/21/2014,BM-11650,Nebraska,Central,OFF-AP-10003281,36.27,3
2793,CA-2014-125514,9/21/2014,BM-11650,Nebraska,Central,OFF-PA-10000029,6.48,1
2794,CA-2014-154599,4/12/2014,KN-16450,California,West,TEC-PH-10001557,1075.088,14
2795,CA-2014-154599,4/12/2014,KN-16450,California,West,TEC-PH-10000576,438.368,4
2796,CA-2014-154599,4/12/2014,KN-16450,California,West,OFF-BI-10002764,18.088,7
2797,CA-2014-154599,4/12/2014,KN-16450,California,West,FUR-BO-10001337,308.499,3
2798,CA-2017-158743,10/20/2017,IG-15085,Arkansas,South,OFF-AR-10002257,13.36,4
2799,CA-2017-158743,10/20/2017,IG-15085,Arkansas,South,OFF-PA-10001019,39.96,2
2800,CA-2017-158743,10/20/2017,IG-15085,Arkansas,South,OFF-BI-10003364,145.85,5
2801,CA-2016-153318,10/25/2016,JS-15595,Florida,South,TEC-PH-10000984,783.96,5
2802,US-2015-110163,11/1/2015,GA-14725,Oregon,West,OFF-AR-10001683,7.88,1
2803,CA-2017-143329,11/3/2017,DL-13330,New Mexico,West,FUR-FU-10000629,41.37,3
2804,CA-2015-159380,5/12/2015,CS-12505,California,West,OFF-PA-10003893,12.84,3
2805,CA-2015-159380,5/12/2015,CS-12505,California,West,OFF-PA-10004239,25.68,6
2806,CA-2015-122623,9/7/2015,CC-12145,Texas,Central,FUR-CH-10000553,47.516,2
2807,CA-2015-148635,7/25/2015,MH-18025,Washington,West,OFF-FA-10004395,9.42,2
2808,CA-2015-148635,7/25/2015,MH-18025,Washington,West,OFF-PA-10004782,12.96,2
2809,CA-2015-148635,7/25/2015,MH-18025,Washington,West,FUR-BO-10002213,704.9,5
2810,CA-2015-148635,7/25/2015,MH-18025,Washington,West,FUR-CH-10001854,561.568,2
2811,CA-2015-135685,11/16/2015,MP-18175,Wisconsin,Central,OFF-PA-10000157,179.82,9
2812,CA-2015-135685,11/16/2015,MP-18175,Wisconsin,Central,FUR-FU-10001185,185.58,6
2813,CA-2015-135685,11/16/2015,MP-18175,Wisconsin,Central,FUR-TA-10001520,214.11,3
2814,CA-2015-135685,11/16/2015,MP-18175,Wisconsin,Central,TEC-AC-10004145,999.96,4
2815,CA-2015-135685,11/16/2015,MP-18175,Wisconsin,Central,FUR-TA-10000688,653.55,3
2816,CA-2015-104626,9/1/2015,DR-12940,Massachusetts,East,OFF-BI-10001510,114.6,5
2817,CA-2015-104626,9/1/2015,DR-12940,Massachusetts,East,FUR-CH-10003817,60.74,1
2818,CA-2015-104626,9/1/2015,DR-12940,Massachusetts,East,FUR-FU-10000308,124.36,2
2819,CA-2015-104626,9/1/2015,DR-12940,Massachusetts,East,OFF-ST-10003208,1088.76,6
2820,CA-2016-160500,5/5/2016,DM-13015,California,West,OFF-BI-10003784,6.72,5
2821,CA-2016-160500,5/5/2016,DM-13015,California,West,FUR-TA-10003748,298.776,3
2822,CA-2017-100202,12/31/2016,BD-11620,California,West,TEC-PH-10002563,302.376,3
2823,CA-2017-131016,9/18/2017,DC-12850,Texas,Central,OFF-AR-10000122,8.928,2
2824,CA-2017-131016,9/18/2017,DC-12850,Texas,Central,OFF-ST-10000352,47.584,2
2825,US-2014-112914,9/25/2014,MT-18070,Texas,Central,OFF-PA-10003270,33.792,8
2826,US-2014-112914,9/25/2014,MT-18070,Texas,Central,FUR-BO-10003272,300.5328,2
2827,US-2014-112914,9/25/2014,MT-18070,Texas,Central,OFF-BI-10002982,2.724,2
2828,US-2014-112914,9/25/2014,MT-18070,Texas,Central,OFF-EN-10001509,3.264,2
2829,CA-2016-124149,4/23/2016,MJ-17740,Ohio,East,OFF-PA-10002421,108.336,6
2830,CA-2016-124149,4/23/2016,MJ-17740,Ohio,East,OFF-ST-10000760,55.92,5
2831,CA-2016-124149,4/23/2016,MJ-17740,Ohio,East,OFF-PA-10002923,78.304,2
2832,CA-2014-148915,11/1/2014,ND-18370,Oregon,West,OFF-ST-10001128,443.92,5
2833,CA-2014-148915,11/1/2014,ND-18370,Oregon,West,TEC-PH-10000673,155.976,3
2834,CA-2017-134649,1/26/2017,CA-11965,Alabama,South,OFF-AR-10001547,15.47,7
2835,CA-2017-134649,1/26/2017,CA-11965,Alabama,South,OFF-BI-10001890,7.16,2
2836,CA-2017-110842,11/11/2017,GA-14725,California,West,OFF-AP-10003971,10.89,1
2837,CA-2017-110842,11/11/2017,GA-14725,California,West,OFF-PA-10000520,19.44,3
2838,CA-2017-110842,11/11/2017,GA-14725,California,West,OFF-BI-10000977,121.6,5
2839,CA-2016-147368,6/9/2016,TC-21295,Florida,South,TEC-MA-10002178,695.7,2
2840,US-2015-104185,9/3/2015,JB-15400,New York,East,OFF-ST-10001526,120.33,1
2841,US-2014-125521,3/14/2014,CK-12325,Virginia,South,FUR-CH-10003379,1139.92,4
2842,US-2017-135062,8/31/2017,RL-19615,North Carolina,South,OFF-PA-10000100,229.544,7
2843,CA-2017-135650,3/23/2017,AC-10660,Texas,Central,OFF-ST-10001809,143.728,2
2844,CA-2017-112865,5/18/2017,BH-11710,Pennsylvania,East,TEC-AC-10000387,36.048,3
2845,US-2016-162852,12/27/2016,BG-11695,Illinois,Central,FUR-CH-10004853,845.488,8
2846,CA-2017-138163,11/17/2017,XP-21865,Massachusetts,East,OFF-AR-10001958,50.94,3
2847,CA-2017-152093,9/10/2017,SN-20560,Illinois,Central,OFF-BI-10003527,762.594,3
2848,CA-2017-157854,4/8/2017,DM-13345,Georgia,South,FUR-FU-10003832,56.28,6
2849,CA-2017-157854,4/8/2017,DM-13345,Georgia,South,OFF-BI-10001359,2690.97,3
2850,CA-2016-123617,11/28/2016,AJ-10780,Florida,South,OFF-BI-10002976,7.434,6
2851,US-2016-128293,6/2/2016,KC-16255,Pennsylvania,East,OFF-ST-10000736,64.784,1
2852,CA-2017-107342,12/17/2017,VF-21715,Indiana,Central,OFF-PA-10001745,28.16,4
2853,CA-2016-136371,3/19/2016,SV-20935,New York,East,FUR-FU-10000409,14.98,1
2854,CA-2016-136371,3/19/2016,SV-20935,New York,East,FUR-FU-10000221,20.32,4
2855,CA-2017-137344,8/20/2017,EM-13810,Massachusetts,East,OFF-ST-10000344,40.29,3
2856,CA-2017-169810,7/25/2017,RB-19360,South Dakota,Central,OFF-LA-10003663,20.23,7
2857,CA-2016-128594,8/26/2016,DJ-13510,California,West,FUR-CH-10001215,1603.136,4
2858,CA-2016-154690,8/15/2016,CC-12370,North Carolina,South,FUR-CH-10000988,225.296,2
2859,CA-2017-138975,5/19/2017,SC-20380,Georgia,South,TEC-AC-10003441,67.8,4
2860,CA-2017-138975,5/19/2017,SC-20380,Georgia,South,TEC-PH-10004389,377.97,3
2861,CA-2017-138975,5/19/2017,SC-20380,Georgia,South,FUR-BO-10004695,1628.82,9
2862,CA-2017-138975,5/19/2017,SC-20380,Georgia,South,OFF-PA-10000100,286.93,7
2863,CA-2017-106537,8/12/2017,RH-19495,Florida,South,OFF-PA-10000223,20.736,4
2864,US-2017-103828,8/13/2017,JK-15370,California,West,OFF-ST-10001325,31.44,3
2865,US-2017-103828,8/13/2017,JK-15370,California,West,OFF-AP-10004249,83.79,7
2866,US-2017-103828,8/13/2017,JK-15370,California,West,OFF-AR-10000588,59.52,3
2867,US-2017-103828,8/13/2017,JK-15370,California,West,OFF-SU-10000946,31.92,4
2868,CA-2016-115588,11/10/2016,AF-10885,Ohio,East,OFF-SU-10001225,14.72,5
2869,CA-2016-115588,11/10/2016,AF-10885,Ohio,East,OFF-ST-10001558,38.976,3
2870,CA-2017-143861,6/12/2017,LC-16885,Florida,South,FUR-FU-10001546,17.088,2
2871,CA-2014-148040,3/22/2014,BF-11275,Arizona,West,OFF-PA-10002581,74.352,3
2872,CA-2014-148040,3/22/2014,BF-11275,Arizona,West,FUR-CH-10001482,314.352,3
2873,CA-2017-135167,6/15/2017,SC-20800,California,West,OFF-AR-10002399,4.26,1
2874,CA-2017-137022,11/16/2017,SW-20275,California,West,OFF-ST-10001963,811.28,8
2875,US-2017-102638,12/29/2017,MC-17845,New York,East,OFF-FA-10002988,6.03,3
2876,US-2016-167339,1/21/2016,TD-20995,California,West,FUR-CH-10004289,153.568,2
2877,US-2016-167339,1/21/2016,TD-20995,California,West,FUR-CH-10000785,1013.488,7
2878,CA-2016-152072,1/15/2016,Dp-13240,New Jersey,East,OFF-EN-10003040,52.34,2
2879,CA-2016-152072,1/15/2016,Dp-13240,New Jersey,East,OFF-AR-10001573,4.66,2
2880,CA-2016-152072,1/15/2016,Dp-13240,New Jersey,East,TEC-AC-10000844,254.97,3
2881,CA-2016-102932,9/19/2016,SD-20485,New Jersey,East,OFF-BI-10000756,25.44,6
2882,CA-2016-102932,9/19/2016,SD-20485,New Jersey,East,OFF-SU-10000381,27.93,3
2883,CA-2014-165540,2/21/2014,TM-21010,Illinois,Central,OFF-BI-10004094,8.85,5
2884,CA-2016-130799,11/11/2016,BK-11260,California,West,FUR-FU-10001852,6.96,4
2885,CA-2016-164483,1/30/2016,JF-15490,California,West,OFF-BI-10000014,17.456,2
2886,US-2016-159856,10/18/2016,EP-13915,Arizona,West,FUR-CH-10003396,307.92,5
2887,CA-2017-102099,12/18/2017,EP-13915,California,West,OFF-AR-10003811,6.63,3
2888,CA-2017-102099,12/18/2017,EP-13915,California,West,OFF-PA-10003172,12.96,2
2889,CA-2017-102099,12/18/2017,EP-13915,California,West,OFF-PA-10000289,32.4,5
2890,CA-2017-164049,11/2/2017,KH-16630,Washington,West,OFF-PA-10000791,23.85,5
2891,CA-2014-142727,4/29/2014,HG-14845,Louisiana,South,FUR-CH-10002304,51.96,2
2892,CA-2014-142727,4/29/2014,HG-14845,Louisiana,South,OFF-BI-10000136,17.94,3
2893,CA-2017-139913,10/23/2017,JC-16105,New York,East,OFF-PA-10003739,11.56,2
2894,CA-2017-139913,10/23/2017,JC-16105,New York,East,OFF-PA-10002479,26.4,5
2895,CA-2017-139913,10/23/2017,JC-16105,New York,East,FUR-FU-10000771,69.08,11
2896,CA-2017-139913,10/23/2017,JC-16105,New York,East,TEC-PH-10001552,35.88,3
2897,CA-2014-169033,3/30/2014,KM-16720,New York,East,OFF-AR-10001915,49.65,5
2898,US-2016-164630,1/4/2016,EB-13975,North Carolina,South,TEC-CO-10000971,959.968,4
2899,US-2015-114839,4/26/2015,PW-19240,Texas,Central,FUR-CH-10004086,408.422,2
2900,CA-2015-166464,9/12/2015,PG-18895,New York,East,TEC-CO-10000971,479.984,2
2901,CA-2015-166464,9/12/2015,PG-18895,New York,East,OFF-LA-10001317,12.6,4
2902,CA-2017-124898,9/11/2017,DB-12910,Georgia,South,OFF-PA-10003656,184.66,7
2903,CA-2016-164035,6/12/2016,CR-12730,Illinois,Central,OFF-PA-10002160,23.12,5
2904,CA-2016-153577,6/27/2016,KH-16330,Illinois,Central,OFF-PA-10000575,37.464,7
2905,CA-2016-153577,6/27/2016,KH-16330,Illinois,Central,FUR-CH-10003981,539.658,3
2906,CA-2014-127586,9/26/2014,CS-12400,Washington,West,OFF-ST-10002615,310.12,2
2907,CA-2017-121615,11/3/2017,DL-12925,Minnesota,Central,OFF-PA-10000327,8.56,2
2908,CA-2017-121615,11/3/2017,DL-12925,Minnesota,Central,OFF-ST-10001325,52.4,5
2909,CA-2017-121615,11/3/2017,DL-12925,Minnesota,Central,OFF-LA-10001771,14.94,3
2910,CA-2017-166415,2/19/2017,ME-17725,Washington,West,OFF-FA-10004968,11.22,3
2911,CA-2015-118444,11/5/2015,VD-21670,Florida,South,OFF-AP-10000576,387.136,4
2912,CA-2014-113929,6/16/2014,CK-12205,New York,East,OFF-EN-10003286,41.4,5
2913,CA-2014-113929,6/16/2014,CK-12205,New York,East,OFF-AR-10003772,35,4
2914,CA-2014-113929,6/16/2014,CK-12205,New York,East,OFF-BI-10002852,39.552,3
2915,CA-2015-134747,10/12/2015,DL-12925,Indiana,Central,TEC-PH-10002890,135.72,3
2916,CA-2015-134747,10/12/2015,DL-12925,Indiana,Central,OFF-BI-10001308,12.56,2
2917,CA-2015-134747,10/12/2015,DL-12925,Indiana,Central,TEC-PH-10001750,263.96,4
2918,CA-2017-155047,8/27/2017,SE-20110,Texas,Central,OFF-AR-10003338,5.952,1
2919,CA-2016-160129,11/23/2016,LS-17200,Pennsylvania,East,OFF-FA-10002763,15.8,5
2920,CA-2016-160129,11/23/2016,LS-17200,Pennsylvania,East,FUR-FU-10002088,14.368,2
2921,CA-2016-160129,11/23/2016,LS-17200,Pennsylvania,East,FUR-FU-10003976,70.448,7
2922,CA-2017-164329,1/30/2017,MM-17920,California,West,OFF-ST-10001511,129.3,2
2923,US-2015-141453,11/30/2015,DB-13270,Texas,Central,OFF-BI-10000301,3.882,3
2924,CA-2014-156993,6/28/2014,RW-19630,Michigan,Central,OFF-FA-10003495,6.08,1
2925,CA-2014-157721,9/2/2014,JM-16195,New York,East,OFF-AP-10001303,19.9,1
2926,CA-2014-157721,9/2/2014,JM-16195,New York,East,FUR-FU-10002116,70.71,1
2927,CA-2017-128629,7/10/2017,BP-11155,Georgia,South,FUR-FU-10000771,18.84,3
2928,CA-2017-158106,6/4/2017,CT-11995,Minnesota,Central,OFF-AR-10002255,8.64,3
2929,US-2017-120390,10/19/2017,TH-21550,North Carolina,South,OFF-BI-10004995,1633.188,4
2930,CA-2017-143434,11/18/2017,ME-17320,Michigan,Central,FUR-FU-10002597,19.76,4
2931,CA-2015-168564,8/8/2015,TT-21220,California,West,OFF-BI-10004970,6.608,2
2932,CA-2015-168564,8/8/2015,TT-21220,California,West,OFF-BI-10002557,7.28,2
2933,CA-2015-168564,8/8/2015,TT-21220,California,West,FUR-CH-10000785,144.784,1
2934,US-2016-169040,12/6/2016,GT-14710,Washington,West,TEC-PH-10002310,156.792,1
2935,US-2016-169040,12/6/2016,GT-14710,Washington,West,TEC-PH-10002834,431.976,3
2936,US-2016-169040,12/6/2016,GT-14710,Washington,West,OFF-EN-10000927,35.89,1
2937,US-2016-169040,12/6/2016,GT-14710,Washington,West,OFF-BI-10001636,47.208,7
2938,US-2016-169040,12/6/2016,GT-14710,Washington,West,OFF-PA-10001736,248.08,7
2939,US-2016-169040,12/6/2016,GT-14710,Washington,West,OFF-PA-10000482,189.7,5
2940,US-2016-169040,12/6/2016,GT-14710,Washington,West,OFF-BI-10001658,59.808,3
2941,CA-2017-155880,3/25/2017,JD-16150,Wisconsin,Central,FUR-CH-10000422,90.99,1
2942,CA-2017-155880,3/25/2017,JD-16150,Wisconsin,Central,FUR-CH-10004675,1526.56,7
2943,CA-2017-155880,3/25/2017,JD-16150,Wisconsin,Central,FUR-CH-10002880,368.97,3
2944,CA-2017-126242,11/19/2017,MC-18100,California,West,OFF-ST-10000675,305.01,9
2945,CA-2017-126242,11/19/2017,MC-18100,California,West,FUR-FU-10002685,18.7,1
2946,CA-2016-166443,11/4/2016,LH-17020,California,West,FUR-FU-10004020,38.29,7
2947,CA-2017-169859,12/14/2017,MP-18175,California,West,FUR-FU-10004963,26.25,3
2948,CA-2017-169859,12/14/2017,MP-18175,California,West,OFF-BI-10000174,64.96,14
2949,CA-2017-169859,12/14/2017,MP-18175,California,West,OFF-EN-10000461,43.7,5
2950,CA-2017-134915,11/12/2017,EM-14140,Arizona,West,TEC-AC-10001266,41.6,4
2951,CA-2017-134915,11/12/2017,EM-14140,Arizona,West,OFF-PA-10002160,23.12,5
2952,CA-2017-134915,11/12/2017,EM-14140,Arizona,West,FUR-CH-10004875,113.888,2
2953,CA-2017-134915,11/12/2017,EM-14140,Arizona,West,FUR-FU-10000305,113.568,2
2954,CA-2017-134915,11/12/2017,EM-14140,Arizona,West,TEC-PH-10000347,7.92,2
2955,CA-2017-134915,11/12/2017,EM-14140,Arizona,West,TEC-PH-10001459,671.984,2
2956,CA-2016-153353,8/18/2016,GG-14650,New York,East,TEC-PH-10000439,39.99,1
2957,CA-2017-123638,6/27/2017,MA-17995,New York,East,FUR-CH-10002647,191.646,3
2958,CA-2017-168900,5/4/2017,SH-20395,Ohio,East,OFF-BI-10003910,2.313,1
2959,CA-2015-158456,12/24/2015,KT-16465,California,West,OFF-BI-10001097,19.936,4
2960,CA-2015-158456,12/24/2015,KT-16465,California,West,OFF-FA-10004854,45.92,4
2961,CA-2017-143665,4/26/2017,PO-19180,Washington,West,OFF-PA-10003673,20.34,3
2962,CA-2017-143665,4/26/2017,PO-19180,Washington,West,OFF-LA-10002034,39.28,8
2963,CA-2017-137428,12/16/2017,AY-10555,California,West,FUR-CH-10002774,81.568,2
2964,CA-2017-137428,12/16/2017,AY-10555,California,West,FUR-CH-10003817,97.184,2
2965,CA-2017-137428,12/16/2017,AY-10555,California,West,OFF-BI-10002949,24.32,5
2966,CA-2017-137428,12/16/2017,AY-10555,California,West,FUR-FU-10002445,18.96,2
2967,CA-2014-162866,12/27/2014,Co-12640,Illinois,Central,FUR-FU-10001473,32.952,6
2968,CA-2014-162866,12/27/2014,Co-12640,Illinois,Central,OFF-ST-10002562,30.016,4
2969,CA-2017-167941,11/6/2017,JF-15565,North Carolina,South,OFF-AP-10002118,499.584,3
2970,CA-2017-167941,11/6/2017,JF-15565,North Carolina,South,OFF-PA-10001800,31.104,6
2971,CA-2017-167941,11/6/2017,JF-15565,North Carolina,South,OFF-BI-10002827,13.272,8
2972,CA-2017-167941,11/6/2017,JF-15565,North Carolina,South,FUR-FU-10004671,28.272,2
2973,CA-2017-167941,11/6/2017,JF-15565,North Carolina,South,OFF-ST-10000736,259.136,4
2974,CA-2017-111808,12/16/2017,AR-10510,Oklahoma,Central,OFF-BI-10004656,10.8,5
2975,CA-2015-137512,5/7/2015,AG-10675,Texas,Central,FUR-TA-10001095,244.006,2
2976,CA-2015-137512,5/7/2015,AG-10675,Texas,Central,OFF-PA-10000213,15.936,4
2977,CA-2017-139773,12/4/2017,DV-13045,Pennsylvania,East,FUR-CH-10001797,188.552,7
2978,CA-2017-134607,10/3/2017,HL-15040,New York,East,OFF-ST-10002214,22.58,2
2979,CA-2014-109232,1/13/2014,ND-18370,South Carolina,South,FUR-CH-10000422,545.94,6
2980,CA-2015-139850,6/12/2015,GB-14575,Pennsylvania,East,OFF-PA-10003848,20.736,4
2981,CA-2015-139850,6/12/2015,GB-14575,Pennsylvania,East,FUR-FU-10003623,43.296,2
2982,CA-2014-131310,7/12/2014,CL-12565,Washington,West,FUR-CH-10001797,123.136,4
2983,CA-2014-131310,7/12/2014,CL-12565,Washington,West,OFF-BI-10003094,11.264,4
2984,US-2014-112872,12/6/2014,RC-19960,Oregon,West,OFF-ST-10002205,53.424,3
2985,US-2014-112872,12/6/2014,RC-19960,Oregon,West,FUR-TA-10003238,275.49,1
2986,CA-2016-139269,5/25/2016,JB-16045,Georgia,South,FUR-FU-10000755,24.96,4
2987,CA-2016-139269,5/25/2016,JB-16045,Georgia,South,OFF-PA-10002893,19.36,2
2988,CA-2016-139269,5/25/2016,JB-16045,Georgia,South,OFF-ST-10000689,1267.65,9
2989,CA-2016-139010,2/21/2016,MC-17635,California,West,TEC-AC-10004227,12.99,1
2990,CA-2016-139010,2/21/2016,MC-17635,California,West,OFF-BI-10000174,18.56,4
2991,CA-2016-139010,2/21/2016,MC-17635,California,West,OFF-ST-10001809,449.15,5
2992,CA-2016-139010,2/21/2016,MC-17635,California,West,OFF-BI-10002309,31.248,7
2993,CA-2016-134376,10/2/2016,TT-21265,New York,East,OFF-AP-10004532,61.44,3
2994,CA-2017-147291,3/11/2017,MJ-17740,Michigan,Central,OFF-BI-10003091,895.92,4
2995,CA-2016-112893,9/9/2016,AT-10735,California,West,OFF-BI-10004654,55.36,4
2996,US-2014-150532,7/14/2014,PB-19150,Arizona,West,OFF-ST-10000760,55.92,5
2997,CA-2014-138317,6/21/2014,NW-18400,Pennsylvania,East,OFF-EN-10001539,24.896,4
2998,CA-2014-138317,6/21/2014,NW-18400,Pennsylvania,East,FUR-FU-10000550,3.984,1
2999,CA-2014-138317,6/21/2014,NW-18400,Pennsylvania,East,TEC-AC-10003628,95.968,4
3000,CA-2014-138317,6/21/2014,NW-18400,Pennsylvania,East,TEC-MA-10004521,206.991,3
3001,CA-2014-138317,6/21/2014,NW-18400,Pennsylvania,East,OFF-AP-10003860,44.416,2
3002,CA-2014-138317,6/21/2014,NW-18400,Pennsylvania,East,OFF-BI-10000069,9.006,2
3003,CA-2015-130610,7/5/2015,VP-21730,Michigan,Central,OFF-BI-10003655,19,5
3004,CA-2017-104381,12/16/2017,RD-19810,New York,East,OFF-BI-10001628,33.376,4
3005,CA-2016-131499,9/8/2016,MG-17875,New York,East,OFF-AP-10003779,207.48,1
3006,CA-2014-148761,5/17/2014,PA-19060,Wisconsin,Central,OFF-BI-10000666,91.68,3
3007,CA-2017-116519,10/13/2017,CR-12730,New York,East,OFF-AP-10000828,904.9,5
3008,CA-2014-130729,10/24/2014,AA-10375,California,West,OFF-BI-10002706,34.272,3
3009,CA-2016-124772,12/5/2016,JG-15160,Kentucky,South,FUR-FU-10004748,191.82,3
3010,CA-2016-115525,7/25/2016,RR-19525,Ohio,East,OFF-AP-10000026,243.88,5
3011,CA-2017-134845,4/17/2017,SR-20425,Colorado,West,OFF-BI-10000773,12.03,5
3012,CA-2017-134845,4/17/2017,SR-20425,Colorado,West,TEC-MA-10000822,2549.985,5
3013,CA-2017-134845,4/17/2017,SR-20425,Colorado,West,OFF-BI-10001543,21.594,2
3014,CA-2017-134845,4/17/2017,SR-20425,Colorado,West,OFF-BI-10003355,8.964,6
3015,CA-2017-134845,4/17/2017,SR-20425,Colorado,West,OFF-PA-10002005,20.736,4
3016,US-2015-138919,9/17/2015,LS-16975,New York,East,FUR-TA-10004154,344.22,2
3017,US-2016-160528,8/23/2016,MH-18115,Texas,Central,OFF-ST-10002743,727.296,8
3018,US-2016-160528,8/23/2016,MH-18115,Texas,Central,FUR-FU-10004973,22.608,3
3019,US-2016-160528,8/23/2016,MH-18115,Texas,Central,TEC-AC-10002842,666.4,7
3020,CA-2015-123568,11/8/2015,SC-20095,Utah,West,OFF-FA-10002701,5.04,3
3021,CA-2015-123568,11/8/2015,SC-20095,Utah,West,OFF-PA-10001125,92.94,3
3022,CA-2015-123568,11/8/2015,SC-20095,Utah,West,FUR-FU-10004090,66.69,3
3023,CA-2015-123568,11/8/2015,SC-20095,Utah,West,OFF-BI-10001510,91.68,5
3024,CA-2017-124674,11/17/2017,JB-16000,Texas,Central,FUR-BO-10002202,327.7328,2
3025,CA-2015-164441,11/8/2015,AC-10450,New York,East,OFF-BI-10001922,52.272,11
3026,CA-2015-164441,11/8/2015,AC-10450,New York,East,OFF-PA-10001667,17.94,3
3027,CA-2017-169054,4/22/2017,MO-17800,Pennsylvania,East,FUR-FU-10001488,254.352,3
3028,CA-2014-106719,8/24/2014,RB-19645,Montana,West,OFF-BI-10002799,8.288,2
3029,CA-2017-116855,12/17/2017,AI-10855,Virginia,South,FUR-CH-10003846,504.9,5
3030,US-2016-164189,3/24/2016,DR-12880,Oregon,West,TEC-PH-10003691,403.168,4
3031,CA-2015-168480,9/21/2015,DM-12955,Michigan,Central,FUR-BO-10000468,194.32,4
3032,CA-2015-168480,9/21/2015,DM-12955,Michigan,Central,OFF-AR-10001044,25.99,1
3033,US-2016-114293,11/21/2016,JH-16180,Oregon,West,FUR-CH-10003833,195.136,4
3034,CA-2017-134173,9/16/2017,AB-10060,Pennsylvania,East,OFF-PA-10004355,20.736,4
3035,US-2015-123960,6/11/2015,BD-11605,Louisiana,South,TEC-AC-10003038,53.7,6
3036,US-2015-123960,6/11/2015,BD-11605,Louisiana,South,OFF-BI-10002799,36.26,7
3037,US-2015-123960,6/11/2015,BD-11605,Louisiana,South,OFF-AR-10003582,56.3,2
3038,US-2015-123960,6/11/2015,BD-11605,Louisiana,South,OFF-PA-10004451,32.4,5
3039,US-2015-123960,6/11/2015,BD-11605,Louisiana,South,FUR-FU-10004666,29.16,2
3040,CA-2017-101749,10/3/2017,AS-10045,California,West,FUR-TA-10001520,171.288,3
3041,US-2016-147991,5/5/2016,ZD-21925,Tennessee,South,FUR-FU-10004270,16.72,5
3042,CA-2017-149559,9/11/2017,KF-16285,California,West,OFF-PA-10003172,12.96,2
3043,CA-2017-149559,9/11/2017,KF-16285,California,West,OFF-EN-10002312,22.18,2
3044,CA-2017-149559,9/11/2017,KF-16285,California,West,FUR-CH-10002320,2054.272,8
3045,CA-2015-135174,4/30/2015,BP-11230,Ohio,East,TEC-PH-10001530,1022.97,5
3046,CA-2017-125290,11/6/2017,CC-12430,Minnesota,Central,OFF-AR-10001216,13.9,5
3047,CA-2017-125290,11/6/2017,CC-12430,Minnesota,Central,OFF-PA-10003127,26.38,1
3048,CA-2014-137351,9/30/2014,DB-13615,Washington,West,OFF-BI-10003910,43.176,7
3049,CA-2017-121419,4/2/2017,TC-21475,Georgia,South,FUR-TA-10004534,411.8,2
3050,CA-2017-121419,4/2/2017,TC-21475,Georgia,South,TEC-AC-10000892,360,4
3051,US-2017-148054,10/6/2017,NZ-18565,Idaho,West,FUR-FU-10003247,41.96,2
3052,US-2017-148054,10/6/2017,NZ-18565,Idaho,West,OFF-AP-10004336,227.84,4
3053,US-2017-148054,10/6/2017,NZ-18565,Idaho,West,OFF-PA-10001295,37.94,2
3054,CA-2016-128517,4/9/2016,SW-20350,Michigan,Central,TEC-PH-10002555,517.9,2
3055,CA-2016-128517,4/9/2016,SW-20350,Michigan,Central,OFF-BI-10000831,5.28,2
3056,US-2015-100377,8/28/2015,TS-21370,Illinois,Central,TEC-CO-10001046,2799.96,5
3057,CA-2017-131492,10/19/2017,HH-15010,California,West,OFF-EN-10002973,8.96,2
3058,CA-2017-131492,10/19/2017,HH-15010,California,West,OFF-LA-10001641,31.5,10
3059,CA-2017-131492,10/19/2017,HH-15010,California,West,FUR-FU-10003878,30.56,2
3060,CA-2017-131492,10/19/2017,HH-15010,California,West,FUR-TA-10003837,24.368,2
3061,CA-2016-144554,11/7/2016,DM-13345,Ohio,East,TEC-AC-10002800,119.976,3
3062,CA-2017-127621,3/3/2017,RE-19450,Texas,Central,OFF-PA-10001307,26.88,8
3063,CA-2015-145184,11/27/2015,JD-16150,Delaware,East,TEC-PH-10002350,83.97,3
3064,CA-2015-145184,11/27/2015,JD-16150,Delaware,East,TEC-AC-10000397,104.97,3
3065,CA-2017-106859,3/13/2017,BF-11215,New Mexico,West,OFF-ST-10000615,90.8,8
3066,CA-2017-106859,3/13/2017,BF-11215,New Mexico,West,TEC-PH-10004531,140.736,8
3067,CA-2017-106859,3/13/2017,BF-11215,New Mexico,West,TEC-AC-10004001,214.95,5
3068,CA-2017-106859,3/13/2017,BF-11215,New Mexico,West,OFF-PA-10001534,45.36,7
3069,CA-2017-106859,3/13/2017,BF-11215,New Mexico,West,OFF-PA-10001815,288.24,6
3070,US-2017-120089,11/30/2017,ML-17755,Ohio,East,OFF-AP-10003779,663.936,4
3071,CA-2014-119375,11/17/2014,YC-21895,Delaware,East,OFF-ST-10002011,2934.33,7
3072,CA-2014-119375,11/17/2014,YC-21895,Delaware,East,FUR-FU-10002379,124.41,3
3073,CA-2014-119375,11/17/2014,YC-21895,Delaware,East,OFF-AR-10003752,57.75,5
3074,CA-2016-125206,1/3/2016,LR-16915,California,West,OFF-ST-10003692,114.46,2
3075,CA-2015-126137,10/3/2015,BS-11755,California,West,FUR-BO-10004409,120.666,2
3076,CA-2014-143903,7/20/2014,KM-16375,Texas,Central,OFF-ST-10003306,342.864,3
3077,CA-2014-143903,7/20/2014,KM-16375,Texas,Central,FUR-FU-10003724,16.74,5
3078,CA-2014-143903,7/20/2014,KM-16375,Texas,Central,FUR-CH-10002024,981.372,2
3079,CA-2014-104780,5/21/2014,BT-11530,California,West,OFF-AR-10003514,31.84,8
3080,CA-2017-101182,9/4/2017,KB-16405,California,West,OFF-PA-10001800,12.96,2
3081,CA-2017-101182,9/4/2017,KB-16405,California,West,TEC-PH-10003589,43.176,3
3082,US-2017-132297,5/27/2017,DW-13480,Kentucky,South,OFF-BI-10003364,58.34,2
3083,US-2017-132297,5/27/2017,DW-13480,Kentucky,South,TEC-PH-10002834,539.97,3
3084,CA-2014-100328,1/28/2014,JC-15340,New York,East,OFF-BI-10000343,3.928,1
3085,CA-2017-118773,2/9/2017,TP-21415,Texas,Central,OFF-BI-10004584,252.784,4
3086,CA-2017-118773,2/9/2017,TP-21415,Texas,Central,TEC-AC-10002402,127.984,2
3087,CA-2017-118773,2/9/2017,TP-21415,Texas,Central,FUR-FU-10000550,3.984,2
3088,CA-2017-118773,2/9/2017,TP-21415,Texas,Central,OFF-AP-10000055,12.992,2
3089,US-2017-159205,3/31/2017,DB-12910,Kentucky,South,FUR-FU-10001591,61,5
3090,US-2017-159205,3/31/2017,DB-12910,Kentucky,South,TEC-PH-10000526,671.93,7
3091,CA-2016-112123,3/3/2016,BH-11710,Delaware,East,OFF-BI-10001071,447.86,7
3092,CA-2016-112123,3/3/2016,BH-11710,Delaware,East,TEC-PH-10001557,479.95,5
3093,CA-2016-112123,3/3/2016,BH-11710,Delaware,East,OFF-PA-10001977,166.44,3
3094,CA-2015-114468,8/23/2015,TD-20995,Illinois,Central,OFF-SU-10004231,31.68,4
3095,CA-2015-114468,8/23/2015,TD-20995,Illinois,Central,OFF-PA-10000809,10.368,2
3096,CA-2015-114468,8/23/2015,TD-20995,Illinois,Central,OFF-FA-10003021,12.032,8
3097,CA-2015-114468,8/23/2015,TD-20995,Illinois,Central,OFF-AP-10000696,5.768,2
3098,CA-2017-135692,4/27/2017,CV-12805,Texas,Central,OFF-LA-10001158,33.12,4
3099,CA-2017-135692,4/27/2017,CV-12805,Texas,Central,FUR-BO-10002268,220.2656,4
3100,CA-2017-131233,4/14/2017,CS-12355,New York,East,OFF-BI-10000829,10.776,3
3101,CA-2017-131233,4/14/2017,CS-12355,New York,East,FUR-BO-10003441,242.352,3
3102,CA-2017-119578,12/22/2017,JG-15310,Rhode Island,East,OFF-SU-10003505,695.16,6
3103,CA-2017-119578,12/22/2017,JG-15310,Rhode Island,East,FUR-BO-10003660,220.98,1
3104,CA-2016-124562,12/8/2016,JP-16135,Ohio,East,OFF-BI-10001267,12.957,7
3105,US-2017-140074,3/23/2017,EC-14050,New York,East,OFF-PA-10002741,25.68,6
3106,CA-2016-103037,7/25/2016,KH-16630,Texas,Central,OFF-LA-10004345,15.712,4
3107,CA-2017-127460,7/10/2017,FG-14260,Illinois,Central,OFF-ST-10004340,298.464,6
3108,CA-2016-121671,7/17/2016,AA-10480,Missouri,Central,OFF-PA-10001471,21.93,3
3109,CA-2016-121671,7/17/2016,AA-10480,Missouri,Central,OFF-ST-10002344,242.94,3
3110,CA-2016-121671,7/17/2016,AA-10480,Missouri,Central,OFF-PA-10001892,7.64,1
3111,CA-2016-121671,7/17/2016,AA-10480,Missouri,Central,OFF-PA-10001934,51.84,8
3112,CA-2016-121671,7/17/2016,AA-10480,Missouri,Central,OFF-ST-10000078,265.17,1
3113,CA-2016-150350,8/23/2016,MS-17770,Washington,West,TEC-MA-10001972,837.6,3
3114,CA-2016-150350,8/23/2016,MS-17770,Washington,West,OFF-EN-10002504,135.9,5
3115,CA-2016-150350,8/23/2016,MS-17770,Washington,West,OFF-PA-10002160,34.68,6
3116,CA-2016-150350,8/23/2016,MS-17770,Washington,West,FUR-CH-10001973,532.704,6
3117,CA-2016-150350,8/23/2016,MS-17770,Washington,West,OFF-AP-10001492,43.1,5
3118,CA-2016-150350,8/23/2016,MS-17770,Washington,West,OFF-SU-10002189,15.88,4
3119,CA-2015-121720,6/11/2015,JE-15610,Florida,South,FUR-CH-10003312,1123.92,5
3120,CA-2015-121720,6/11/2015,JE-15610,Florida,South,TEC-PH-10002496,249.584,2
3121,CA-2015-121720,6/11/2015,JE-15610,Florida,South,FUR-FU-10003464,48.672,3
3122,CA-2015-121720,6/11/2015,JE-15610,Florida,South,OFF-AR-10000380,60.768,2
3123,CA-2015-121720,6/11/2015,JE-15610,Florida,South,OFF-BI-10004593,78.6,5
3124,CA-2015-121720,6/11/2015,JE-15610,Florida,South,OFF-BI-10001308,3.768,2
3125,CA-2015-121720,6/11/2015,JE-15610,Florida,South,OFF-ST-10001780,1036.624,2
3126,CA-2015-121720,6/11/2015,JE-15610,Florida,South,OFF-ST-10003816,563.808,4
3127,CA-2017-149895,9/8/2017,EB-14110,Pennsylvania,East,TEC-PH-10002200,258.528,2
3128,CA-2017-147564,10/2/2017,BP-11155,New York,East,OFF-PA-10004438,49.12,4
3129,CA-2014-136399,12/16/2014,CC-12100,California,West,FUR-FU-10004090,44.46,2
3130,CA-2014-136399,12/16/2014,CC-12100,California,West,FUR-CH-10002602,241.568,2
3131,CA-2014-136399,12/16/2014,CC-12100,California,West,TEC-AC-10001142,395,5
3132,CA-2014-136399,12/16/2014,CC-12100,California,West,TEC-PH-10004977,627.168,4
3133,CA-2014-107916,8/24/2014,JP-15460,New York,East,FUR-FU-10004586,13.28,2
3134,CA-2014-107916,8/24/2014,JP-15460,New York,East,OFF-BI-10001116,12.672,3
3135,CA-2017-164168,11/12/2017,LS-16975,Texas,Central,OFF-BI-10000666,30.56,5
3136,CA-2017-164168,11/12/2017,LS-16975,Texas,Central,OFF-ST-10002583,77.952,3
3137,CA-2017-164168,11/12/2017,LS-16975,Texas,Central,TEC-PH-10004908,67.992,1
3138,CA-2017-164168,11/12/2017,LS-16975,Texas,Central,OFF-EN-10001219,12.224,2
3139,CA-2017-164168,11/12/2017,LS-16975,Texas,Central,TEC-AC-10004568,44.784,2
3140,CA-2017-164168,11/12/2017,LS-16975,Texas,Central,FUR-FU-10001756,22.848,3
3141,CA-2015-112557,4/25/2015,JL-15850,New York,East,OFF-AP-10002311,206.43,3
3142,US-2014-122959,12/12/2014,CY-12745,Texas,Central,OFF-BI-10003650,210.392,2
3143,CA-2017-162572,9/25/2017,RB-19360,Ohio,East,TEC-AC-10003628,119.96,5
3144,CA-2017-162572,9/25/2017,RB-19360,Ohio,East,OFF-AR-10001547,10.608,6
3145,US-2016-148110,9/5/2016,AR-10825,Texas,Central,FUR-CH-10002647,347.802,7
3146,CA-2017-131828,2/11/2017,CS-11845,Washington,West,FUR-CH-10004495,963.136,4
3147,CA-2017-131828,2/11/2017,CS-11845,Washington,West,TEC-PH-10002923,88.776,3
3148,CA-2014-109218,6/30/2014,AR-10825,California,West,OFF-AR-10001374,32.4,5
3149,CA-2016-120558,6/7/2016,RD-19810,New York,East,OFF-PA-10003441,32.4,5
3150,US-2014-109036,12/20/2014,KH-16510,Washington,West,OFF-LA-10002043,31.05,3
3151,CA-2015-147830,12/15/2015,NF-18385,Ohio,East,TEC-AC-10002049,2025.36,6
3152,CA-2015-147830,12/15/2015,NF-18385,Ohio,East,TEC-MA-10000418,1799.994,2
3153,CA-2015-147830,12/15/2015,NF-18385,Ohio,East,TEC-PH-10004908,101.988,2
3154,CA-2015-147830,12/15/2015,NF-18385,Ohio,East,FUR-FU-10004091,262.864,7
3155,CA-2017-150497,7/20/2017,SM-20950,Minnesota,Central,OFF-BI-10004600,735.98,2
3156,CA-2014-128986,8/3/2014,GH-14410,Arizona,West,OFF-PA-10001289,93.024,3
3157,CA-2015-139584,8/24/2015,EM-13810,New York,East,FUR-TA-10001539,284.364,2
3158,CA-2015-139584,8/24/2015,EM-13810,New York,East,TEC-AC-10001266,26,2
3159,US-2016-162677,3/26/2016,DB-13210,North Carolina,South,OFF-ST-10001291,67.64,5
3160,US-2016-162677,3/26/2016,DB-13210,North Carolina,South,TEC-AC-10001314,119.976,3
3161,US-2014-150924,9/12/2014,PT-19090,Texas,Central,OFF-BI-10004040,5.18,5
3162,CA-2014-153969,9/21/2014,HF-14995,California,West,OFF-EN-10001539,15.56,2
3163,CA-2014-153969,9/21/2014,HF-14995,California,West,OFF-EN-10004483,78.35,5
3164,CA-2014-153969,9/21/2014,HF-14995,California,West,OFF-AR-10001615,59.52,3
3165,CA-2014-153969,9/21/2014,HF-14995,California,West,OFF-PA-10000327,38.52,9
3166,CA-2014-153969,9/21/2014,HF-14995,California,West,TEC-PH-10001299,239.984,2
3167,CA-2014-153969,9/21/2014,HF-14995,California,West,OFF-PA-10002246,19.35,3
3168,CA-2016-146682,10/29/2016,KW-16435,Michigan,Central,FUR-FU-10002671,67,5
3169,CA-2016-138695,5/28/2016,KC-16675,Florida,South,FUR-CH-10003833,390.272,8
3170,CA-2016-138695,5/28/2016,KC-16675,Florida,South,OFF-PA-10001667,62.192,13
3171,CA-2017-107461,12/21/2017,PK-19075,South Carolina,South,OFF-BI-10002003,23.88,6
3172,US-2016-133879,3/21/2016,KT-16465,Illinois,Central,OFF-BI-10004465,3.168,2
3173,US-2016-133879,3/21/2016,KT-16465,Illinois,Central,FUR-CH-10000665,528.43,5
3174,US-2016-133879,3/21/2016,KT-16465,Illinois,Central,OFF-AR-10004956,13.392,3
3175,CA-2017-157483,11/11/2017,EP-13915,Michigan,Central,OFF-AR-10004260,181.86,7
3176,US-2017-132059,9/23/2017,AP-10915,Colorado,West,FUR-BO-10001811,180.588,2
3177,US-2017-132059,9/23/2017,AP-10915,Colorado,West,TEC-AC-10003280,47.984,2
3178,CA-2017-122280,9/10/2017,SH-20395,New York,East,OFF-PA-10004911,18.76,2
3179,CA-2017-105235,12/5/2017,SM-20950,New York,East,FUR-FU-10001487,20.94,3
3180,CA-2017-105235,12/5/2017,SM-20950,New York,East,FUR-FU-10000521,58.68,2
3181,CA-2017-105235,12/5/2017,SM-20950,New York,East,OFF-AP-10001271,254.9,5
3182,CA-2017-152912,11/9/2017,BM-11650,Maryland,East,OFF-BI-10004728,9.64,2
3183,CA-2017-152912,11/9/2017,BM-11650,Maryland,East,TEC-AC-10004666,826.62,3
3184,CA-2017-152912,11/9/2017,BM-11650,Maryland,East,OFF-ST-10003208,1633.14,9
3185,CA-2017-152912,11/9/2017,BM-11650,Maryland,East,OFF-ST-10003208,544.38,3
3186,CA-2014-123498,11/7/2014,TC-20980,Texas,Central,OFF-BI-10000632,26.046,3
3187,CA-2014-123498,11/7/2014,TC-20980,Texas,Central,OFF-EN-10004773,74.352,3
3188,CA-2017-159352,3/12/2017,KB-16585,Massachusetts,East,TEC-PH-10004700,69.93,7
3189,US-2017-146416,10/20/2017,JE-16165,California,West,OFF-LA-10003714,3.75,1
3190,US-2017-146416,10/20/2017,JE-16165,California,West,OFF-BI-10001787,20.928,4
3191,US-2015-163783,12/27/2015,DR-12940,Illinois,Central,OFF-ST-10002957,12.672,3
3192,CA-2017-123981,10/2/2017,RW-19630,New York,East,TEC-PH-10002115,65.99,1
3193,CA-2017-158953,6/4/2017,ML-18040,Texas,Central,OFF-BI-10002557,6.37,7
3194,CA-2014-165428,9/1/2014,JL-15130,Texas,Central,OFF-BI-10002949,3.648,3
3195,CA-2014-165428,9/1/2014,JL-15130,Texas,Central,OFF-PA-10004100,31.104,6
3196,CA-2016-169026,8/8/2016,CM-12655,Mississippi,South,OFF-FA-10001883,23.34,3
3197,CA-2017-109750,7/22/2017,FH-14365,New York,East,TEC-PH-10000702,29.97,3
3198,CA-2015-149384,7/10/2015,EH-13945,Arizona,West,OFF-BI-10003196,3.366,3
3199,CA-2014-131527,12/1/2014,TB-21280,North Carolina,South,TEC-PH-10001644,95.968,4
3200,CA-2017-164000,12/18/2017,AH-10030,Pennsylvania,East,OFF-AR-10003183,18.704,7
3201,CA-2014-164224,5/18/2014,TT-21070,Ohio,East,FUR-FU-10000308,149.232,3
3202,CA-2014-164224,5/18/2014,TT-21070,Ohio,East,OFF-PA-10001526,15.936,4
3203,CA-2014-158372,11/10/2014,RD-19900,California,West,TEC-PH-10002103,601.536,8
3204,CA-2014-158372,11/10/2014,RD-19900,California,West,TEC-AC-10004209,10.99,1
3205,CA-2014-158372,11/10/2014,RD-19900,California,West,FUR-FU-10000397,39.88,2
3206,CA-2014-158372,11/10/2014,RD-19900,California,West,OFF-PA-10002137,62.24,8
3207,CA-2014-158372,11/10/2014,RD-19900,California,West,FUR-FU-10001867,53.2,5
3208,CA-2014-158372,11/10/2014,RD-19900,California,West,OFF-LA-10000407,39.84,8
3209,CA-2016-108882,1/9/2016,LA-16780,California,West,TEC-AC-10000420,349.95,5
3210,CA-2016-108882,1/9/2016,LA-16780,California,West,TEC-PH-10002726,377.928,9
3211,US-2017-108245,9/22/2017,SH-19975,Texas,Central,OFF-EN-10001415,13.392,3
3212,US-2017-108245,9/22/2017,SH-19975,Texas,Central,OFF-BI-10000773,11.228,7
3213,CA-2014-142314,12/23/2014,SF-20200,Indiana,Central,OFF-AP-10002350,207.24,11
3214,CA-2016-132409,5/26/2016,TH-21235,Pennsylvania,East,OFF-AR-10001919,1.504,1
3215,CA-2016-132409,5/26/2016,TH-21235,Pennsylvania,East,OFF-AP-10002082,34.848,2
3216,CA-2017-150189,7/8/2017,VG-21790,California,West,OFF-LA-10002762,75.18,6
3217,CA-2014-114433,5/13/2014,NP-18325,California,West,TEC-AC-10002800,149.97,3
3218,CA-2017-104640,11/10/2017,FH-14275,New York,East,OFF-BI-10003925,931.176,3
3219,CA-2017-104640,11/10/2017,FH-14275,New York,East,TEC-PH-10002200,430.88,2
3220,US-2015-137008,10/2/2015,JP-15460,New Jersey,East,OFF-PA-10001295,94.85,5
3221,US-2015-137008,10/2/2015,JP-15460,New Jersey,East,OFF-EN-10002500,51.12,4
3222,US-2015-137008,10/2/2015,JP-15460,New Jersey,East,TEC-AC-10000892,90,1
3223,CA-2014-108189,10/2/2014,ES-14080,Arizona,West,OFF-PA-10001838,9.408,2
3224,CA-2014-108189,10/2/2014,ES-14080,Arizona,West,OFF-FA-10000735,4.672,2
3225,CA-2014-108189,10/2/2014,ES-14080,Arizona,West,TEC-PH-10001760,318.4,2
3226,CA-2014-108189,10/2/2014,ES-14080,Arizona,West,OFF-EN-10004846,12.768,6
3227,CA-2014-108189,10/2/2014,ES-14080,Arizona,West,OFF-SU-10003567,15.36,2
3228,CA-2014-108189,10/2/2014,ES-14080,Arizona,West,TEC-PH-10001557,230.376,3
3229,CA-2014-108189,10/2/2014,ES-14080,Arizona,West,TEC-AC-10003038,7.16,1
3230,CA-2014-154641,8/11/2014,KL-16645,New York,East,OFF-ST-10004459,375.34,1
3231,CA-2017-131625,9/1/2017,BN-11515,New York,East,FUR-FU-10004960,114.9,5
3232,US-2017-156356,4/16/2017,ND-18370,Texas,Central,OFF-BI-10000632,26.046,3
3233,US-2017-156356,4/16/2017,ND-18370,Texas,Central,OFF-BI-10001107,2.896,1
3234,US-2017-156356,4/16/2017,ND-18370,Texas,Central,OFF-ST-10002301,32.544,2
3235,CA-2016-138933,4/24/2016,JL-15130,California,West,OFF-BI-10003355,3.984,1
3236,CA-2016-140746,1/15/2016,RC-19825,Connecticut,East,FUR-TA-10002903,181.797,1
3237,CA-2016-146836,5/2/2016,CC-12475,New York,East,OFF-ST-10001580,44.94,3
3238,CA-2016-146836,5/2/2016,CC-12475,New York,East,OFF-BI-10000315,45.576,3
3239,US-2016-127971,11/20/2016,DW-13195,Texas,Central,FUR-CH-10003774,318.43,5
3240,US-2016-127971,11/20/2016,DW-13195,Texas,Central,TEC-PH-10003095,122.92,7
3241,US-2016-127971,11/20/2016,DW-13195,Texas,Central,FUR-FU-10000023,7.068,3
3242,US-2016-140809,2/1/2016,CK-12760,Virginia,South,OFF-ST-10002214,56.45,5
3243,CA-2017-114524,3/31/2017,EG-13900,Illinois,Central,OFF-BI-10002799,13.468,13
3244,CA-2017-113355,12/1/2017,SJ-20215,Texas,Central,TEC-PH-10004912,219.8,5
3245,CA-2017-113355,12/1/2017,SJ-20215,Texas,Central,FUR-CH-10002602,317.058,3
3246,US-2017-140907,12/10/2017,BP-11185,Washington,West,TEC-AC-10004510,49.08,3
3247,US-2017-140907,12/10/2017,BP-11185,Washington,West,OFF-ST-10000060,324.9,5
3248,US-2017-140907,12/10/2017,BP-11185,Washington,West,OFF-AR-10000799,18.24,3
3249,CA-2016-159730,9/17/2016,SJ-20125,Washington,West,FUR-CH-10004875,113.888,2
3250,CA-2016-159730,9/17/2016,SJ-20125,Washington,West,TEC-PH-10002085,105.584,2
3251,CA-2016-157868,12/23/2016,MC-17590,Michigan,Central,OFF-FA-10000992,24.85,7
3252,CA-2017-119389,4/17/2017,BG-11740,Pennsylvania,East,FUR-FU-10001473,60.312,3
3253,CA-2017-110373,10/27/2017,MA-17560,Illinois,Central,OFF-AR-10003045,7.056,3
3254,CA-2017-110373,10/27/2017,MA-17560,Illinois,Central,TEC-PH-10001536,27.184,2
3255,CA-2016-155474,7/8/2016,CC-12220,Washington,West,TEC-PH-10001580,107.984,1
3256,CA-2016-155474,7/8/2016,CC-12220,Washington,West,OFF-BI-10004209,19.296,3
3257,CA-2015-155453,8/9/2015,RA-19885,Florida,South,OFF-LA-10001613,4.608,2
3258,US-2016-161844,12/9/2016,DK-12835,Tennessee,South,FUR-TA-10001676,79.974,3
3259,US-2016-161844,12/9/2016,DK-12835,Tennessee,South,OFF-BI-10003712,2.946,2
3260,US-2016-162103,11/13/2016,LB-16795,Illinois,Central,OFF-BI-10000285,3.136,2
3261,CA-2014-151554,11/14/2014,CM-11815,Texas,Central,OFF-PA-10004609,20.736,4
3262,CA-2014-140662,11/17/2014,TS-21205,California,West,TEC-AC-10001314,99.98,2
3263,CA-2014-140662,11/17/2014,TS-21205,California,West,OFF-PA-10003395,733.95,7
3264,CA-2014-140662,11/17/2014,TS-21205,California,West,OFF-AP-10001242,241.44,3
3265,CA-2016-122518,3/4/2016,RF-19345,Florida,South,OFF-LA-10001641,10.08,4
3266,US-2014-126571,10/11/2014,JF-15565,Pennsylvania,East,OFF-ST-10003816,281.904,2
3267,US-2014-126571,10/11/2014,JF-15565,Pennsylvania,East,OFF-EN-10002230,201.432,3
3268,CA-2014-143840,5/22/2014,EH-14185,Alabama,South,TEC-PH-10002660,135.98,2
3269,CA-2014-143840,5/22/2014,EH-14185,Alabama,South,TEC-PH-10003171,44.95,1
3270,CA-2014-115980,7/15/2014,VW-21775,South Dakota,Central,TEC-AC-10003709,2.97,3
3271,CA-2014-115980,7/15/2014,VW-21775,South Dakota,Central,OFF-FA-10000304,6.54,3
3272,CA-2015-155145,12/27/2015,KN-16450,California,West,TEC-AC-10003709,7.92,8
3273,CA-2015-146038,2/9/2015,SJ-20215,California,West,FUR-CH-10002774,203.92,5
3274,CA-2017-133865,5/8/2017,PS-19045,California,West,TEC-CO-10001046,3359.952,6
3275,CA-2017-116358,11/2/2017,KM-16225,Kansas,Central,OFF-FA-10003495,18.24,3
3276,CA-2017-116358,11/2/2017,KM-16225,Kansas,Central,OFF-AR-10004685,27.78,6
3277,CA-2014-102988,4/5/2014,GM-14695,Virginia,South,OFF-AR-10004757,22.96,7
3278,CA-2014-102988,4/5/2014,GM-14695,Virginia,South,TEC-PH-10001615,28.99,1
3279,CA-2014-102988,4/5/2014,GM-14695,Virginia,South,OFF-PA-10003349,12.96,2
3280,CA-2014-102988,4/5/2014,GM-14695,Virginia,South,OFF-AR-10000127,22.96,7
3281,CA-2014-102988,4/5/2014,GM-14695,Virginia,South,OFF-SU-10002881,4164.05,5
3282,US-2014-117170,9/17/2014,KT-16465,North Carolina,South,TEC-AC-10001109,47.984,2
3283,US-2014-117170,9/17/2014,KT-16465,North Carolina,South,OFF-PA-10000682,4.624,1
3284,CA-2014-159478,9/30/2014,MH-17785,New York,East,FUR-FU-10000221,15.24,3
3285,CA-2014-103702,9/12/2014,AF-10885,Ohio,East,OFF-BI-10002429,63.924,7
3286,CA-2017-150525,2/20/2017,JP-16135,Oklahoma,Central,OFF-AR-10002375,6.56,2
3287,CA-2017-150525,2/20/2017,JP-16135,Oklahoma,Central,OFF-AP-10000595,13.11,3
3288,CA-2015-157770,12/13/2015,RD-19585,California,West,TEC-PH-10001530,494.376,3
3289,CA-2015-157770,12/13/2015,RD-19585,California,West,OFF-BI-10000050,29.2,5
3290,CA-2015-157770,12/13/2015,RD-19585,California,West,TEC-AC-10001552,248.85,5
3291,CA-2015-157770,12/13/2015,RD-19585,California,West,TEC-AC-10003399,36.24,1
3292,CA-2016-167290,10/30/2016,JF-15295,Michigan,Central,OFF-AR-10004078,11.68,2
3293,CA-2014-106264,12/26/2014,CK-12595,California,West,OFF-SU-10002189,11.91,3
3294,CA-2014-106264,12/26/2014,CK-12595,California,West,FUR-FU-10001852,3.48,2
3295,CA-2014-138023,8/15/2014,KH-16510,Texas,Central,OFF-BI-10003638,30.96,8
3296,CA-2017-113418,10/1/2017,CM-12655,New York,East,TEC-MA-10002428,1704.89,11
3297,US-2015-110569,5/23/2015,EB-13870,Arizona,West,OFF-BI-10001036,19.194,7
3298,US-2015-110569,5/23/2015,EB-13870,Arizona,West,OFF-AP-10004708,121.792,4
3299,CA-2017-136308,11/16/2017,MW-18235,California,West,TEC-MA-10000488,1919.976,3
3300,US-2014-159926,11/18/2014,CS-11950,Pennsylvania,East,OFF-BI-10003656,50.997,1
3301,US-2014-159926,11/18/2014,CS-11950,Pennsylvania,East,OFF-ST-10003656,76.792,1
3302,US-2014-159926,11/18/2014,CS-11950,Pennsylvania,East,TEC-PH-10001128,539.964,6
3303,US-2014-159926,11/18/2014,CS-11950,Pennsylvania,East,FUR-FU-10001473,60.312,3
3304,US-2014-159926,11/18/2014,CS-11950,Pennsylvania,East,OFF-BI-10004656,1.944,3
3305,CA-2014-104738,12/30/2014,SP-20620,Texas,Central,OFF-EN-10004955,12.984,3
3306,CA-2014-104738,12/30/2014,SP-20620,Texas,Central,TEC-PH-10002468,217.584,2
3307,CA-2014-104738,12/30/2014,SP-20620,Texas,Central,TEC-PH-10000576,328.776,3
3308,CA-2014-104738,12/30/2014,SP-20620,Texas,Central,OFF-BI-10002160,2.286,3
3309,CA-2014-104738,12/30/2014,SP-20620,Texas,Central,TEC-AC-10003628,47.984,2
3310,CA-2015-144386,11/5/2015,GT-14635,New York,East,OFF-BI-10001116,25.344,6
3311,CA-2016-111416,9/17/2016,LW-17215,New York,East,OFF-BI-10002026,232.4,5
3312,CA-2016-162747,3/20/2016,AH-10030,Mississippi,South,FUR-FU-10003691,86.45,7
3313,US-2014-133130,9/27/2014,TH-21100,California,West,FUR-CH-10002602,603.92,5
3314,US-2014-133130,9/27/2014,TH-21100,California,West,OFF-PA-10000675,81.98,2
3315,CA-2017-169978,12/24/2017,HG-15025,New York,East,FUR-CH-10002602,271.764,2
3316,CA-2017-169978,12/24/2017,HG-15025,New York,East,OFF-BI-10001900,14.376,3
3317,CA-2017-161739,11/10/2017,EB-13750,Texas,Central,FUR-FU-10001468,341.96,5
3318,CA-2015-165057,9/11/2015,SC-20725,California,West,OFF-AR-10004648,181.35,9
3319,CA-2015-165057,9/11/2015,SC-20725,California,West,OFF-LA-10003190,8.64,3
3320,CA-2014-134551,12/20/2014,TS-21505,Tennessee,South,OFF-AP-10004868,43.512,7
3321,CA-2014-134551,12/20/2014,TS-21505,Tennessee,South,FUR-CH-10004287,662.88,3
3322,CA-2014-134551,12/20/2014,TS-21505,Tennessee,South,OFF-PA-10002689,25.92,5
3323,CA-2015-120810,7/23/2015,TH-21550,New York,East,OFF-AP-10002892,68.94,3
3324,CA-2015-120810,7/23/2015,TH-21550,New York,East,FUR-FU-10002253,128.82,3
3325,CA-2014-165309,11/11/2014,KD-16270,Texas,Central,OFF-BI-10001359,896.99,5
3326,CA-2014-165309,11/11/2014,KD-16270,Texas,Central,OFF-BI-10001267,1.234,1
3327,CA-2014-165309,11/11/2014,KD-16270,Texas,Central,OFF-AR-10003582,67.56,3
3328,CA-2014-165309,11/11/2014,KD-16270,Texas,Central,OFF-PA-10003724,21.72,5
3329,CA-2014-165309,11/11/2014,KD-16270,Texas,Central,OFF-PA-10001033,262.336,8
3330,CA-2014-165309,11/11/2014,KD-16270,Texas,Central,TEC-PH-10003505,148.48,2
3331,CA-2014-165309,11/11/2014,KD-16270,Texas,Central,TEC-PH-10004959,241.176,3
3332,CA-2017-122595,12/14/2017,GM-14455,Illinois,Central,TEC-AC-10000474,227.976,3
3333,CA-2017-122595,12/14/2017,GM-14455,Illinois,Central,TEC-PH-10003095,52.68,3
3334,CA-2017-122595,12/14/2017,GM-14455,Illinois,Central,FUR-FU-10002963,2.032,1
3335,US-2017-109253,8/21/2017,PR-18880,California,West,OFF-AR-10000203,17.12,4
3336,US-2017-109253,8/21/2017,PR-18880,California,West,TEC-PH-10004667,431.968,4
3337,US-2017-109253,8/21/2017,PR-18880,California,West,FUR-FU-10000193,129.92,4
3338,US-2017-109253,8/21/2017,PR-18880,California,West,FUR-TA-10001539,568.728,3
3339,US-2017-109253,8/21/2017,PR-18880,California,West,OFF-BI-10000962,117.144,9
3340,US-2017-109253,8/21/2017,PR-18880,California,West,OFF-AP-10002867,203.52,3
3341,US-2017-109253,8/21/2017,PR-18880,California,West,OFF-LA-10001158,51.75,5
3342,CA-2016-145982,8/27/2016,TB-21055,Massachusetts,East,OFF-PA-10000675,122.97,3
3343,CA-2016-145982,8/27/2016,TB-21055,Massachusetts,East,FUR-TA-10001307,244.615,1
3344,CA-2016-145982,8/27/2016,TB-21055,Massachusetts,East,TEC-PH-10000011,59.97,3
3345,CA-2016-145982,8/27/2016,TB-21055,Massachusetts,East,OFF-PA-10002666,81.54,9
3346,CA-2016-145982,8/27/2016,TB-21055,Massachusetts,East,OFF-FA-10000735,11.68,4
3347,CA-2016-145982,8/27/2016,TB-21055,Massachusetts,East,OFF-BI-10000174,29,5
3348,CA-2015-112014,8/13/2015,ON-18715,California,West,OFF-AR-10003156,50.8,5
3349,CA-2017-154732,11/5/2017,AH-10195,Illinois,Central,OFF-BI-10000474,16.03,5
3350,US-2016-157308,8/17/2016,NM-18520,Washington,West,OFF-BI-10003712,15.712,4
3351,CA-2016-147536,12/26/2016,AR-10510,New York,East,TEC-AC-10003280,89.97,3
3352,US-2014-134733,9/23/2014,BM-11650,California,West,FUR-BO-10002916,435.999,3
3353,US-2014-134733,9/23/2014,BM-11650,California,West,TEC-PH-10002726,83.984,2
3354,US-2014-150434,7/19/2014,CA-12310,Connecticut,East,TEC-PH-10000895,359.98,2
3355,US-2014-150434,7/19/2014,CA-12310,Connecticut,East,FUR-TA-10004152,70.56,1
3356,US-2014-150434,7/19/2014,CA-12310,Connecticut,East,OFF-BI-10003694,20.88,2
3357,US-2014-150434,7/19/2014,CA-12310,Connecticut,East,OFF-BI-10002160,3.81,1
3358,CA-2017-100335,9/7/2017,NF-18595,Illinois,Central,OFF-PA-10001685,73.008,9
3359,CA-2016-139234,5/6/2016,AF-10870,Illinois,Central,OFF-BI-10000773,3.208,2
3360,CA-2016-139234,5/6/2016,AF-10870,Illinois,Central,TEC-AC-10004510,26.176,2
3361,US-2015-142020,6/4/2015,TC-21535,New York,East,OFF-PA-10004569,30.44,4
3362,US-2015-142020,6/4/2015,TC-21535,New York,East,FUR-FU-10000672,35.28,3
3363,CA-2015-139962,12/13/2015,Dp-13240,Massachusetts,East,OFF-PA-10004451,19.44,3
3364,CA-2015-139962,12/13/2015,Dp-13240,Massachusetts,East,OFF-BI-10004738,37.88,2
3365,CA-2016-130050,7/16/2016,MC-17425,Texas,Central,FUR-FU-10001940,9.552,3
3366,CA-2014-115161,1/31/2014,LC-17050,California,West,FUR-BO-10003966,290.666,2
3367,CA-2014-165379,7/9/2014,BM-11650,Texas,Central,OFF-PA-10003072,10.368,2
3368,CA-2014-165379,7/9/2014,BM-11650,Texas,Central,OFF-PA-10002245,14.352,3
3369,CA-2015-115511,11/21/2015,NW-18400,Nevada,West,FUR-BO-10002598,141.96,2
3370,CA-2015-115511,11/21/2015,NW-18400,Nevada,West,OFF-BI-10002225,66.048,4
3371,CA-2016-134887,3/25/2016,TB-21280,Oklahoma,Central,TEC-AC-10003832,1287.45,5
3372,CA-2017-123778,9/23/2017,BS-11755,California,West,OFF-BI-10000822,25.824,6
3373,CA-2017-123778,9/23/2017,BS-11755,California,West,OFF-AP-10001242,160.96,2
3374,CA-2015-161718,12/4/2015,SO-20335,New York,East,FUR-FU-10002445,28.44,3
3375,CA-2015-161718,12/4/2015,SO-20335,New York,East,FUR-CH-10002372,364.41,5
3376,CA-2015-161718,12/4/2015,SO-20335,New York,East,TEC-PH-10000376,39.96,4
3377,CA-2015-161718,12/4/2015,SO-20335,New York,East,FUR-CH-10002965,361.764,2
3378,CA-2016-100671,11/1/2016,CS-12490,Texas,Central,OFF-ST-10004950,111.672,9
3379,CA-2017-142867,3/17/2017,PO-19180,Texas,Central,OFF-BI-10003166,13.776,6
3380,CA-2017-142867,3/17/2017,PO-19180,Texas,Central,OFF-PA-10004610,10.272,3
3381,CA-2017-103156,11/23/2017,TD-20995,Pennsylvania,East,FUR-FU-10000320,24.048,9
3382,US-2017-162208,8/27/2017,SP-20620,Florida,South,OFF-EN-10004030,2.896,1
3383,CA-2015-130659,12/4/2015,MS-17365,New York,East,OFF-EN-10004147,17.94,3
3384,CA-2015-130659,12/4/2015,MS-17365,New York,East,FUR-CH-10003535,384.174,7
3385,CA-2015-130659,12/4/2015,MS-17365,New York,East,TEC-PH-10004586,1799.75,5
3386,CA-2017-148404,10/7/2017,Dp-13240,North Carolina,South,OFF-ST-10003208,580.672,4
3387,CA-2017-148404,10/7/2017,Dp-13240,North Carolina,South,OFF-FA-10003112,18.936,3
3388,CA-2017-148404,10/7/2017,Dp-13240,North Carolina,South,TEC-PH-10004447,222.384,2
3389,CA-2017-148404,10/7/2017,Dp-13240,North Carolina,South,OFF-BI-10002854,50.454,6
3390,CA-2017-148404,10/7/2017,Dp-13240,North Carolina,South,FUR-TA-10001039,154.764,3
3391,CA-2017-101077,3/25/2017,DB-13660,Texas,Central,OFF-PA-10004239,6.848,2
3392,CA-2014-166471,8/9/2014,MG-17650,Washington,West,TEC-PH-10001530,1091.168,4
3393,CA-2014-166471,8/9/2014,MG-17650,Washington,West,TEC-PH-10000038,219.168,2
3394,CA-2014-105340,11/22/2014,EH-14185,Texas,Central,OFF-BI-10001765,6.928,1
3395,US-2017-131583,6/10/2017,CL-11890,Pennsylvania,East,OFF-PA-10000380,40.032,6
3396,US-2017-148362,7/1/2017,KF-16285,Indiana,Central,OFF-ST-10001128,443.92,4
3397,US-2017-148362,7/1/2017,KF-16285,Indiana,Central,OFF-BI-10003656,169.99,1
3398,US-2017-148362,7/1/2017,KF-16285,Indiana,Central,OFF-PA-10003441,25.92,4
3399,CA-2014-102274,11/21/2014,DH-13075,Kentucky,South,TEC-PH-10002923,36.99,1
3400,CA-2014-102274,11/21/2014,DH-13075,Kentucky,South,OFF-PA-10004359,629.1,6
3401,CA-2014-102274,11/21/2014,DH-13075,Kentucky,South,OFF-ST-10001511,193.95,3
3402,CA-2014-102274,11/21/2014,DH-13075,Kentucky,South,OFF-AR-10002833,5.46,3
3403,CA-2015-129700,5/4/2015,LA-16780,Illinois,Central,FUR-FU-10001940,22.288,7
3404,CA-2017-168739,5/29/2017,HZ-14950,Texas,Central,FUR-FU-10003919,65.424,4
3405,CA-2015-152527,10/17/2015,CM-12190,California,West,OFF-ST-10003479,77.88,2
3406,US-2014-150119,4/23/2014,LB-16795,Ohio,East,FUR-CH-10002965,281.372,2
3407,US-2014-150119,4/23/2014,LB-16795,Ohio,East,FUR-CH-10002965,281.372,2
3408,US-2014-150119,4/23/2014,LB-16795,Ohio,East,OFF-BI-10000145,7.488,8
3409,US-2014-150119,4/23/2014,LB-16795,Ohio,East,FUR-FU-10002191,22.336,4
3410,US-2017-150847,4/30/2017,JF-15490,Ohio,East,OFF-PA-10004451,10.368,2
3411,CA-2016-100244,9/20/2016,GM-14695,California,West,OFF-PA-10001471,65.79,9
3412,CA-2016-100244,9/20/2016,GM-14695,California,West,OFF-BI-10003656,271.984,2
3413,CA-2016-100244,9/20/2016,GM-14695,California,West,OFF-AR-10000940,11.76,4
3414,CA-2016-100244,9/20/2016,GM-14695,California,West,OFF-PA-10002319,77.52,2
3415,CA-2016-100244,9/20/2016,GM-14695,California,West,OFF-BI-10000977,48.64,2
3416,CA-2016-116540,9/2/2016,SS-20590,Wisconsin,Central,OFF-FA-10002676,1.81,1
3417,CA-2016-116540,9/2/2016,SS-20590,Wisconsin,Central,OFF-BI-10004970,8.26,2
3418,CA-2015-151841,4/27/2015,TC-21475,Colorado,West,OFF-AP-10003971,43.56,5
3419,CA-2015-151841,4/27/2015,TC-21475,Colorado,West,OFF-SU-10001574,5.84,2
3420,CA-2015-150791,9/6/2015,CC-12430,New York,East,FUR-CH-10000665,271.764,2
3421,CA-2016-134803,5/28/2016,CL-12565,California,West,OFF-AP-10000891,262.24,2
3422,CA-2016-134803,5/28/2016,CL-12565,California,West,OFF-PA-10003790,182.72,8
3423,CA-2016-134803,5/28/2016,CL-12565,California,West,TEC-AC-10002217,131.6,7
3424,CA-2016-134803,5/28/2016,CL-12565,California,West,OFF-BI-10002215,22.72,4
3425,CA-2016-134803,5/28/2016,CL-12565,California,West,TEC-MA-10001972,558.4,2
3426,CA-2015-153381,9/24/2015,DE-13255,Iowa,Central,OFF-BI-10001525,15.24,4
3427,CA-2015-153381,9/24/2015,DE-13255,Iowa,Central,FUR-CH-10000988,1408.1,10
3428,US-2017-111024,7/3/2017,SZ-20035,Ohio,East,OFF-PA-10000174,32.896,4
3429,US-2017-111024,7/3/2017,SZ-20035,Ohio,East,FUR-TA-10002041,215.148,2
3430,US-2017-111024,7/3/2017,SZ-20035,Ohio,East,OFF-PA-10002246,30.96,6
3431,CA-2017-148264,12/8/2017,LF-17185,California,West,OFF-ST-10003327,29.79,3
3432,CA-2017-148264,12/8/2017,LF-17185,California,West,FUR-FU-10002703,128.9,2
3433,CA-2017-148264,12/8/2017,LF-17185,California,West,OFF-PA-10003651,60.12,9
3434,CA-2017-131212,12/5/2017,AB-10165,Washington,West,OFF-BI-10001617,24.816,3
3435,CA-2017-131212,12/5/2017,AB-10165,Washington,West,OFF-BI-10000145,14.976,6
3436,US-2015-100531,9/27/2015,NM-18520,Illinois,Central,OFF-BI-10001670,15.08,2
3437,US-2015-100531,9/27/2015,NM-18520,Illinois,Central,FUR-FU-10003849,24.288,3
3438,CA-2017-152583,10/30/2017,RA-19945,Texas,Central,FUR-FU-10003849,16.192,2
3439,CA-2017-152583,10/30/2017,RA-19945,Texas,Central,FUR-TA-10002041,251.006,2
3440,CA-2017-152583,10/30/2017,RA-19945,Texas,Central,OFF-ST-10002214,54.192,6
3441,CA-2015-144099,11/29/2015,PO-19195,California,West,OFF-BI-10001078,4.304,1
3442,CA-2014-158337,3/11/2014,KA-16525,New York,East,OFF-PA-10002137,108.92,14
3443,CA-2017-168858,11/19/2017,JD-16150,New York,East,OFF-EN-10001415,16.74,3
3444,CA-2017-168858,11/19/2017,JD-16150,New York,East,OFF-AP-10003849,2504.74,7
3445,CA-2016-116344,7/29/2016,JO-15145,Pennsylvania,East,OFF-ST-10001713,84.784,2
3446,CA-2015-131779,6/12/2015,LE-16810,Delaware,East,OFF-ST-10001505,29.9,5
3447,CA-2016-158869,8/6/2016,AH-10690,New York,East,OFF-PA-10000474,70.88,2
3448,CA-2017-102554,6/11/2017,KN-16705,Alabama,South,OFF-AR-10001919,3.76,2
3449,CA-2016-162614,10/7/2016,TB-21250,California,West,OFF-BI-10004001,27.264,2
3450,CA-2014-168592,9/8/2014,DP-13390,California,West,OFF-AP-10004785,56.65,5
3451,CA-2014-168592,9/8/2014,DP-13390,California,West,OFF-ST-10002406,14.97,1
3452,CA-2014-168592,9/8/2014,DP-13390,California,West,OFF-FA-10002988,4.02,2
3453,CA-2014-157609,3/16/2014,KN-16705,North Carolina,South,TEC-PH-10002415,471.92,2
3454,CA-2015-153325,3/1/2015,ST-20530,Georgia,South,OFF-BI-10004236,58.72,4
3455,CA-2015-153626,7/9/2015,EB-13870,Tennessee,South,OFF-AR-10000657,5.16,3
3456,CA-2016-166485,2/20/2016,AH-10210,Tennessee,South,OFF-PA-10004996,16.496,2
3457,CA-2017-136448,9/16/2017,AS-10090,Pennsylvania,East,TEC-AC-10001109,71.976,3
3458,CA-2017-136448,9/16/2017,AS-10090,Pennsylvania,East,FUR-FU-10003832,22.512,3
3459,CA-2017-136448,9/16/2017,AS-10090,Pennsylvania,East,OFF-BI-10002393,3.444,2
3460,CA-2017-136448,9/16/2017,AS-10090,Pennsylvania,East,OFF-BI-10001359,538.194,2
3461,CA-2017-136448,9/16/2017,AS-10090,Pennsylvania,East,TEC-AC-10003628,47.984,2
3462,CA-2017-114258,11/5/2017,EM-13825,Texas,Central,TEC-PH-10003012,492.768,4
3463,CA-2015-152611,2/20/2015,KA-16525,New Jersey,East,OFF-AR-10003903,286.79,7
3464,CA-2016-165470,11/25/2016,HJ-14875,Florida,South,OFF-PA-10004675,5.08,1
3465,CA-2017-128699,12/3/2017,ND-18370,Florida,South,TEC-AC-10001990,47.992,1
3466,US-2015-147242,9/10/2015,EH-13765,Massachusetts,East,OFF-AP-10003842,61.96,2
3467,US-2015-147242,9/10/2015,EH-13765,Massachusetts,East,FUR-BO-10004695,361.96,2
3468,US-2015-147242,9/10/2015,EH-13765,Massachusetts,East,OFF-PA-10003039,278.82,9
3469,CA-2016-146143,12/14/2016,MC-17845,Mississippi,South,FUR-FU-10002045,133.38,6
3470,CA-2015-100888,4/6/2015,MH-17455,North Carolina,South,OFF-PA-10001019,47.952,3
3471,US-2016-150035,12/1/2016,CL-11890,California,West,FUR-FU-10003724,16.74,2
3472,CA-2017-122644,11/12/2017,SF-20965,Ohio,East,OFF-PA-10003673,10.848,2
3473,CA-2017-122644,11/12/2017,SF-20965,Ohio,East,TEC-AC-10003614,18.544,2
3474,CA-2017-111815,3/3/2017,EP-13915,Michigan,Central,FUR-CH-10000785,180.98,1
3475,CA-2017-111815,3/3/2017,EP-13915,Michigan,Central,TEC-AC-10002926,99.98,2
3476,CA-2016-144911,11/27/2016,RW-19630,Kansas,Central,TEC-AC-10004633,34.95,5
3477,CA-2016-144911,11/27/2016,RW-19630,Kansas,Central,OFF-BI-10000977,152,5
3478,CA-2014-143385,8/31/2014,SJ-20500,New Mexico,West,TEC-AC-10001635,92.52,9
3479,CA-2016-131289,12/8/2016,SP-20620,California,West,OFF-AR-10003056,8.56,2
3480,CA-2016-131289,12/8/2016,SP-20620,California,West,OFF-PA-10003363,45.36,7
3481,CA-2016-131289,12/8/2016,SP-20620,California,West,FUR-TA-10003954,1421.664,6
3482,CA-2014-124023,4/7/2014,PJ-19015,Alabama,South,FUR-FU-10004415,8.96,2
3483,CA-2014-124688,8/27/2014,CC-12610,Virginia,South,TEC-PH-10000455,579.95,5
3484,CA-2014-124688,8/27/2014,CC-12610,Virginia,South,FUR-FU-10002456,29.12,4
3485,CA-2014-124688,8/27/2014,CC-12610,Virginia,South,FUR-TA-10003569,1202.94,3
3486,CA-2016-151169,10/21/2016,MY-18295,Delaware,East,OFF-BI-10002813,7.92,4
3487,US-2016-134761,11/30/2016,DB-13210,North Carolina,South,TEC-PH-10002890,36.192,1
3488,CA-2017-120705,9/5/2017,MG-17875,Florida,South,OFF-ST-10001522,147.184,2
3489,CA-2015-157322,7/2/2015,RH-19600,Illinois,Central,FUR-CH-10004086,408.422,2
3490,CA-2015-157322,7/2/2015,RH-19600,Illinois,Central,FUR-CH-10003774,382.116,6
3491,CA-2015-157322,7/2/2015,RH-19600,Illinois,Central,OFF-ST-10004507,68.6,5
3492,CA-2015-157322,7/2/2015,RH-19600,Illinois,Central,OFF-ST-10003208,435.504,3
3493,CA-2015-157322,7/2/2015,RH-19600,Illinois,Central,OFF-PA-10000659,11.168,2
3494,CA-2017-142034,9/24/2017,KB-16240,Minnesota,Central,TEC-AC-10002305,72,4
3495,CA-2017-142034,9/24/2017,KB-16240,Minnesota,Central,TEC-AC-10000990,655.9,5
3496,CA-2017-142034,9/24/2017,KB-16240,Minnesota,Central,FUR-CH-10000665,603.92,4
3497,CA-2016-107328,8/8/2016,CA-12055,California,West,FUR-TA-10001932,513.024,2
3498,CA-2016-107328,8/8/2016,CA-12055,California,West,OFF-AP-10004487,487.92,6
3499,CA-2016-107328,8/8/2016,CA-12055,California,West,OFF-BI-10002160,15.24,5
3500,CA-2016-108616,9/29/2016,JK-15730,Alabama,South,TEC-AC-10000420,209.97,3
3501,CA-2016-108616,9/29/2016,JK-15730,Alabama,South,OFF-BI-10001989,62.94,3
3502,CA-2016-108616,9/29/2016,JK-15730,Alabama,South,OFF-AR-10001149,25.92,9
3503,CA-2017-125115,4/10/2017,RD-19930,Texas,Central,OFF-PA-10004101,10.368,2
3504,CA-2017-125115,4/10/2017,RD-19930,Texas,Central,TEC-AC-10001714,95.736,3
3505,CA-2016-150945,12/18/2016,JK-16120,New York,East,OFF-ST-10003716,900.08,4
3506,CA-2014-166863,6/20/2014,SC-20020,Texas,Central,TEC-PH-10000369,201.584,2
3507,CA-2014-166863,6/20/2014,SC-20020,Texas,Central,OFF-BI-10000756,3.392,4
3508,CA-2014-166863,6/20/2014,SC-20020,Texas,Central,FUR-BO-10001608,193.0656,4
3509,CA-2014-166863,6/20/2014,SC-20020,Texas,Central,OFF-PA-10001166,15.552,3
3510,CA-2014-166863,6/20/2014,SC-20020,Texas,Central,OFF-PA-10000587,11.648,2
3511,CA-2014-166863,6/20/2014,SC-20020,Texas,Central,TEC-MA-10001972,418.8,2
3512,CA-2014-166863,6/20/2014,SC-20020,Texas,Central,OFF-ST-10004123,509.488,7
3513,CA-2017-140326,9/4/2017,HW-14935,Illinois,Central,FUR-BO-10000112,825.174,9
3514,CA-2017-140326,9/4/2017,HW-14935,Illinois,Central,OFF-PA-10004041,17.76,3
3515,CA-2017-140326,9/4/2017,HW-14935,Illinois,Central,OFF-AR-10001149,6.912,3
3516,CA-2016-168536,12/20/2016,SC-20800,Mississippi,South,TEC-AC-10002323,66.3,3
3517,US-2016-113649,8/9/2016,HA-14920,North Carolina,South,OFF-PA-10000130,30.816,9
3518,US-2016-113649,8/9/2016,HA-14920,North Carolina,South,TEC-PH-10002350,44.784,2
3519,US-2016-113649,8/9/2016,HA-14920,North Carolina,South,OFF-AP-10002518,569.536,4
3520,CA-2015-124975,6/22/2015,MG-17875,Illinois,Central,FUR-TA-10002645,796.425,7
3521,CA-2015-168767,4/10/2015,DM-12955,California,West,OFF-BI-10000773,12.832,2
3522,CA-2016-114482,11/21/2016,DM-13345,Iowa,Central,OFF-PA-10003845,40.46,7
3523,CA-2016-114482,11/21/2016,DM-13345,Iowa,Central,TEC-PH-10001580,404.94,3
3524,CA-2016-137673,9/5/2016,ML-17395,California,West,TEC-AC-10002345,116,8
3525,CA-2016-132731,11/24/2016,GA-14515,Texas,Central,TEC-PH-10004120,657.552,6
3526,CA-2017-148922,12/10/2017,SU-20665,Mississippi,South,TEC-AC-10001838,599.97,3
3527,CA-2017-148922,12/10/2017,SU-20665,Mississippi,South,TEC-PH-10000148,38.97,3
3528,CA-2017-148922,12/10/2017,SU-20665,Mississippi,South,OFF-BI-10003476,45.84,8
3529,CA-2016-130680,6/24/2016,BD-11320,California,West,TEC-PH-10004833,38.24,4
3530,CA-2015-141145,9/17/2015,DB-13405,Florida,South,TEC-AC-10001465,87.168,3
3531,US-2016-152835,5/19/2016,RP-19855,Indiana,Central,OFF-AR-10003056,21.4,5
3532,CA-2016-155565,5/28/2016,EH-13765,New York,East,OFF-SU-10001218,54.9,5
3533,CA-2014-110849,4/18/2014,JL-15835,California,West,TEC-MA-10002859,287.968,4
3534,CA-2014-110849,4/18/2014,JL-15835,California,West,OFF-AR-10002375,13.12,4
3535,CA-2014-110849,4/18/2014,JL-15835,California,West,OFF-AR-10000657,10.75,5
3536,CA-2014-110849,4/18/2014,JL-15835,California,West,OFF-FA-10000134,11.62,2
3537,CA-2016-145842,6/17/2016,FM-14380,New York,East,OFF-ST-10000419,40.74,3
3538,CA-2014-158771,5/9/2014,SB-20290,Kentucky,South,OFF-ST-10000107,83.25,3
3539,CA-2014-158771,5/9/2014,SB-20290,Kentucky,South,OFF-LA-10001641,9.45,3
3540,CA-2014-158771,5/9/2014,SB-20290,Kentucky,South,OFF-LA-10003121,20.65,5
3541,CA-2014-158771,5/9/2014,SB-20290,Kentucky,South,OFF-PA-10002689,45.36,7
3542,CA-2016-157511,9/18/2016,SV-20365,Ohio,East,FUR-FU-10002107,5.352,3
3543,CA-2016-157511,9/18/2016,SV-20365,Ohio,East,FUR-CH-10002647,99.372,2
3544,CA-2016-157511,9/18/2016,SV-20365,Ohio,East,OFF-AR-10002257,2.672,1
3545,CA-2017-121216,12/23/2017,MM-17920,Texas,Central,OFF-PA-10004519,28.672,8
3546,CA-2017-121216,12/23/2017,MM-17920,Texas,Central,OFF-AP-10001947,29.312,8
3547,CA-2017-155292,10/30/2017,RD-19810,Kentucky,South,OFF-ST-10004963,105.98,7
3548,CA-2017-155292,10/30/2017,RD-19810,Kentucky,South,OFF-SU-10002573,35.06,2
3549,CA-2017-155292,10/30/2017,RD-19810,Kentucky,South,FUR-CH-10000553,33.94,1
3550,CA-2017-155292,10/30/2017,RD-19810,Kentucky,South,OFF-LA-10001982,30,8
3551,CA-2016-152555,3/29/2016,ME-17320,Illinois,Central,OFF-PA-10001295,45.528,3
3552,CA-2016-152555,3/29/2016,ME-17320,Illinois,Central,FUR-CH-10002965,844.116,6
3553,CA-2016-152555,3/29/2016,ME-17320,Illinois,Central,TEC-PH-10001254,812.736,8
3554,CA-2017-107832,11/23/2017,FH-14275,Pennsylvania,East,OFF-BI-10001658,7.476,1
3555,CA-2014-120838,3/23/2014,PO-18865,California,West,OFF-ST-10000585,330.4,2
3556,CA-2014-120838,3/23/2014,PO-18865,California,West,TEC-PH-10003484,604.752,6
3557,CA-2017-118542,12/1/2017,CC-12550,California,West,OFF-PA-10004735,45.36,7
3558,CA-2017-118542,12/1/2017,CC-12550,California,West,OFF-BI-10003429,10.128,2
3559,CA-2017-152737,11/7/2017,TS-21505,California,West,OFF-BI-10002982,21.792,4
3560,CA-2017-152737,11/7/2017,TS-21505,California,West,TEC-AC-10004975,439.8,4
3561,CA-2017-109757,9/4/2017,MD-17350,Ohio,East,OFF-AR-10002335,8.256,4
3562,CA-2017-109757,9/4/2017,MD-17350,Ohio,East,OFF-BI-10004001,25.56,5
3563,CA-2017-109757,9/4/2017,MD-17350,Ohio,East,OFF-BI-10001634,4.368,2
3564,CA-2017-109757,9/4/2017,MD-17350,Ohio,East,OFF-PA-10000007,11.52,4
3565,CA-2016-130029,7/3/2016,GT-14755,California,West,OFF-PA-10000552,12.96,2
3566,CA-2016-130029,7/3/2016,GT-14755,California,West,OFF-FA-10001135,3.96,2
3567,CA-2017-103877,9/7/2017,RD-19660,Missouri,Central,OFF-BI-10003650,1577.94,3
3568,CA-2016-137176,9/9/2016,DB-12910,Texas,Central,FUR-FU-10003832,15.008,4
3569,CA-2017-168109,7/3/2017,JK-15640,Washington,West,TEC-AC-10003628,59.98,2
3570,CA-2017-168109,7/3/2017,JK-15640,Washington,West,TEC-MA-10001148,2395.2,6
3571,CA-2017-168109,7/3/2017,JK-15640,Washington,West,TEC-AC-10002049,1687.8,4
3572,CA-2017-168109,7/3/2017,JK-15640,Washington,West,TEC-PH-10000702,7.992,1
3573,US-2017-126081,6/29/2017,FC-14335,Texas,Central,OFF-PA-10003953,5.184,1
3574,CA-2017-117023,8/7/2017,JW-15955,New York,East,OFF-AR-10003602,11.68,2
3575,CA-2017-117023,8/7/2017,JW-15955,New York,East,OFF-AR-10004062,104.8,10
3576,CA-2015-143532,3/19/2015,DC-12850,Florida,South,OFF-PA-10001560,14.496,3
3577,CA-2016-103163,6/7/2016,FM-14290,California,West,OFF-BI-10003305,4.784,1
3578,CA-2016-103163,6/7/2016,FM-14290,California,West,OFF-PA-10004000,4.73,1
3579,CA-2016-104157,7/25/2016,MT-17815,Mississippi,South,OFF-ST-10000321,7.89,1
3580,CA-2016-104157,7/25/2016,MT-17815,Mississippi,South,OFF-PA-10004665,65.5,5
3581,CA-2016-104157,7/25/2016,MT-17815,Mississippi,South,FUR-TA-10004915,2430.08,8
3582,CA-2017-117807,10/1/2017,DK-13090,Nebraska,Central,OFF-PA-10000994,104.85,1
3583,CA-2015-121650,12/10/2015,KD-16495,Michigan,Central,OFF-AR-10001149,3.9,2
3584,CA-2015-121650,12/10/2015,KD-16495,Michigan,Central,FUR-TA-10003569,801.96,2
3585,CA-2015-121650,12/10/2015,KD-16495,Michigan,Central,FUR-CH-10004289,191.96,2
3586,CA-2015-121650,12/10/2015,KD-16495,Michigan,Central,OFF-LA-10001045,2.61,1
3587,CA-2017-161823,9/3/2017,AG-10300,California,West,OFF-AR-10002053,5.96,2
3588,CA-2017-121839,9/24/2017,MH-18115,Ohio,East,TEC-PH-10002885,1169.694,3
3589,CA-2017-158729,12/19/2017,AC-10450,Louisiana,South,OFF-SU-10002881,1665.62,2
3590,CA-2017-146535,11/24/2017,FM-14290,Kentucky,South,OFF-BI-10000546,2.88,1
3591,CA-2017-146535,11/24/2017,FM-14290,Kentucky,South,OFF-ST-10001526,1443.96,12
3592,CA-2014-154186,12/13/2014,RA-19285,Texas,Central,OFF-SU-10001574,2.92,1
3593,CA-2016-108434,12/5/2016,JG-15160,New York,East,OFF-ST-10002615,465.18,3
3594,CA-2016-164154,9/11/2016,NZ-18565,Ohio,East,OFF-BI-10001658,22.428,3
3595,CA-2016-164154,9/11/2016,NZ-18565,Ohio,East,OFF-ST-10002562,37.52,5
3596,CA-2017-148012,12/9/2017,KM-16225,Pennsylvania,East,OFF-AR-10004757,2.624,1
3597,CA-2014-102869,9/9/2014,LC-17140,Pennsylvania,East,OFF-PA-10000788,15.552,3
3598,CA-2014-102869,9/9/2014,LC-17140,Pennsylvania,East,TEC-AC-10002134,64.704,6
3599,CA-2014-102869,9/9/2014,LC-17140,Pennsylvania,East,FUR-FU-10002456,17.472,3
3600,CA-2014-102869,9/9/2014,LC-17140,Pennsylvania,East,TEC-PH-10002549,135.516,1
3601,CA-2017-138310,6/26/2017,NP-18700,Colorado,West,TEC-AC-10001990,431.928,9
3602,CA-2014-159835,11/17/2014,RB-19330,Pennsylvania,East,OFF-PA-10002137,12.448,2
3603,CA-2014-159835,11/17/2014,RB-19330,Pennsylvania,East,FUR-CH-10004997,657.93,5
3604,CA-2017-112956,8/21/2017,TH-21550,Maryland,East,OFF-PA-10000357,277.4,5
3605,CA-2017-112956,8/21/2017,TH-21550,Maryland,East,FUR-FU-10003976,25.16,2
3606,CA-2017-112956,8/21/2017,TH-21550,Maryland,East,FUR-FU-10004960,91.92,4
3607,CA-2016-119683,3/12/2016,CK-12595,New York,East,OFF-EN-10001099,29.34,3
3608,CA-2014-163559,9/23/2014,ST-20530,New York,East,OFF-BI-10002026,139.44,3
3609,CA-2014-140228,4/28/2014,GB-14530,Ohio,East,OFF-LA-10001613,6.912,3
3610,CA-2014-140228,4/28/2014,GB-14530,Ohio,East,OFF-ST-10002214,27.096,3
3611,CA-2014-140228,4/28/2014,GB-14530,Ohio,East,OFF-ST-10001128,177.568,2
3612,US-2016-131674,11/29/2016,NC-18535,Texas,Central,TEC-AC-10004864,58.416,2
3613,CA-2015-110093,12/3/2015,AB-10255,Pennsylvania,East,OFF-PA-10000174,16.448,2
3614,CA-2015-110093,12/3/2015,AB-10255,Pennsylvania,East,TEC-AC-10000171,36.784,2
3615,CA-2017-112529,11/19/2017,SC-20770,Texas,Central,FUR-TA-10002622,718.116,6
3616,CA-2017-112529,11/19/2017,SC-20770,Texas,Central,OFF-AR-10001915,31.776,4
3617,CA-2016-154536,9/5/2016,JC-15340,Pennsylvania,East,OFF-BI-10004410,9.555,5
3618,CA-2017-141929,9/4/2017,RA-19285,California,West,OFF-BI-10004632,487.984,2
3619,CA-2017-141929,9/4/2017,RA-19285,California,West,TEC-PH-10002185,5.56,1
3620,CA-2017-141929,9/4/2017,RA-19285,California,West,OFF-ST-10002974,217.85,5
3621,CA-2016-109743,9/22/2016,SH-19975,Tennessee,South,OFF-AR-10003727,40.776,3
3622,CA-2016-109743,9/22/2016,SH-19975,Tennessee,South,TEC-PH-10004071,63.936,8
3623,CA-2014-159184,9/14/2014,JC-15775,Georgia,South,FUR-FU-10002878,142.4,5
3624,CA-2014-159184,9/14/2014,JC-15775,Georgia,South,OFF-BI-10001890,7.16,2
3625,CA-2017-113530,5/19/2017,BC-11125,California,West,FUR-CH-10002647,681.408,12
3626,CA-2017-113530,5/19/2017,BC-11125,California,West,OFF-AR-10001315,3.52,2
3627,CA-2017-113530,5/19/2017,BC-11125,California,West,OFF-AR-10000122,5.58,1
3628,CA-2017-113530,5/19/2017,BC-11125,California,West,TEC-AC-10001465,36.32,1
3629,CA-2014-169726,8/9/2014,JH-15985,Washington,West,OFF-BI-10004600,2060.744,7
3630,CA-2017-155957,11/26/2017,CC-12610,Ohio,East,OFF-AP-10002082,52.272,3
3631,CA-2017-155957,11/26/2017,CC-12610,Ohio,East,OFF-AP-10004708,213.136,7
3632,CA-2017-132178,5/3/2017,DB-12970,California,West,OFF-ST-10000464,69.52,2
3633,CA-2017-132178,5/3/2017,DB-12970,California,West,OFF-ST-10000025,763.44,8
3634,CA-2016-145177,11/10/2016,PP-18955,Ohio,East,OFF-LA-10001613,9.216,4
3635,CA-2016-145177,11/10/2016,PP-18955,Ohio,East,TEC-PH-10000376,41.958,7
3636,CA-2016-145177,11/10/2016,PP-18955,Ohio,East,OFF-PA-10004039,89.568,2
3637,CA-2016-145177,11/10/2016,PP-18955,Ohio,East,OFF-PA-10001776,22.248,3
3638,CA-2016-145177,11/10/2016,PP-18955,Ohio,East,OFF-AP-10002457,334.88,4
3639,CA-2016-145177,11/10/2016,PP-18955,Ohio,East,FUR-FU-10000758,148.288,7
3640,CA-2016-145177,11/10/2016,PP-18955,Ohio,East,OFF-PA-10000682,4.624,1
3641,CA-2016-145177,11/10/2016,PP-18955,Ohio,East,TEC-AC-10002550,178.92,7
3642,CA-2016-145177,11/10/2016,PP-18955,Ohio,East,OFF-BI-10002082,69.888,7
3643,CA-2014-156594,12/20/2014,MC-17845,California,West,OFF-BI-10004632,487.984,2
3644,CA-2014-156594,12/20/2014,MC-17845,California,West,OFF-AR-10001725,47.3,2
3645,CA-2014-156594,12/20/2014,MC-17845,California,West,OFF-AR-10004269,4.13,1
3646,CA-2014-156594,12/20/2014,MC-17845,California,West,OFF-BI-10003007,155.12,5
3647,CA-2014-146528,7/25/2014,VF-21715,California,West,OFF-PA-10002195,6.48,1
3648,CA-2014-146528,7/25/2014,VF-21715,California,West,OFF-SU-10002522,15.52,4
3649,CA-2015-168459,11/22/2015,MC-17275,Tennessee,South,OFF-BI-10003712,2.946,2
3650,CA-2015-168459,11/22/2015,MC-17275,Tennessee,South,OFF-FA-10004854,55.104,6
3651,CA-2017-109960,12/9/2017,DB-13210,Michigan,Central,TEC-AC-10004859,104.88,6
3652,CA-2017-109960,12/9/2017,DB-13210,Michigan,Central,OFF-AR-10001860,34.7,5
3653,CA-2017-109960,12/9/2017,DB-13210,Michigan,Central,OFF-BI-10001636,33.72,4
3654,CA-2017-109960,12/9/2017,DB-13210,Michigan,Central,OFF-PA-10000349,14.94,3
3655,CA-2017-133004,8/31/2017,AJ-10945,Indiana,Central,OFF-AP-10002439,638.73,9
3656,CA-2017-168102,4/24/2017,CP-12340,Florida,South,OFF-ST-10001370,113.568,2
3657,CA-2017-158036,9/8/2017,DB-13555,Ohio,East,TEC-AC-10002558,9.096,1
3658,CA-2015-128083,3/12/2015,EB-13750,Florida,South,OFF-EN-10004030,8.688,3
3659,CA-2015-128083,3/12/2015,EB-13750,Florida,South,FUR-FU-10003194,30.88,4
3660,CA-2015-128083,3/12/2015,EB-13750,Florida,South,FUR-FU-10001731,6.408,3
3661,CA-2016-161676,7/18/2016,JP-15460,Arizona,West,OFF-SU-10004782,33.8,5
3662,CA-2016-155005,6/13/2016,SC-20050,Michigan,Central,TEC-PH-10003484,377.97,3
3663,US-2017-129777,7/3/2017,FM-14290,Massachusetts,East,TEC-AC-10003590,258.9,10
3664,US-2017-129777,7/3/2017,FM-14290,Massachusetts,East,OFF-PA-10001970,24.56,2
3665,CA-2014-129364,12/8/2014,TB-21250,Oregon,West,OFF-LA-10001569,27.888,7
3666,CA-2014-129364,12/8/2014,TB-21250,Oregon,West,OFF-BI-10001132,6.456,4
3667,CA-2014-129364,12/8/2014,TB-21250,Oregon,West,TEC-PH-10003095,52.68,3
3668,CA-2014-129364,12/8/2014,TB-21250,Oregon,West,OFF-SU-10000432,13.88,5
3669,CA-2014-129364,12/8/2014,TB-21250,Oregon,West,TEC-AC-10004227,103.92,10
3670,CA-2014-129364,12/8/2014,TB-21250,Oregon,West,OFF-LA-10004409,11.52,5
3671,CA-2014-129364,12/8/2014,TB-21250,Oregon,West,OFF-PA-10001569,10.368,2
3672,CA-2014-129364,12/8/2014,TB-21250,Oregon,West,OFF-ST-10001031,39.072,3
3673,CA-2016-104969,4/8/2016,EH-14125,Ohio,East,OFF-EN-10002312,8.872,1
3674,CA-2016-104969,4/8/2016,EH-14125,Ohio,East,OFF-BI-10004224,121.104,6
3675,CA-2017-154109,11/6/2017,ML-17410,Pennsylvania,East,FUR-CH-10003774,127.372,2
3676,CA-2017-154109,11/6/2017,ML-17410,Pennsylvania,East,OFF-PA-10000157,47.952,3
3677,CA-2015-156440,12/5/2015,MH-17620,California,West,FUR-FU-10004090,44.46,2
3678,CA-2015-132626,7/9/2015,BT-11680,Maryland,East,OFF-FA-10002763,15.8,4
3679,CA-2015-132626,7/9/2015,BT-11680,Maryland,East,TEC-MA-10002428,464.97,3
3680,CA-2015-132626,7/9/2015,BT-11680,Maryland,East,FUR-FU-10002918,181.96,2
3681,CA-2015-132626,7/9/2015,BT-11680,Maryland,East,OFF-LA-10000476,12.39,3
3682,CA-2015-132626,7/9/2015,BT-11680,Maryland,East,OFF-BI-10002854,84.09,3
3683,CA-2015-132626,7/9/2015,BT-11680,Maryland,East,OFF-AR-10002987,79.36,4
3684,CA-2015-132626,7/9/2015,BT-11680,Maryland,East,OFF-BI-10004001,153.36,9
3685,CA-2015-132626,7/9/2015,BT-11680,Maryland,East,OFF-BI-10001634,43.68,6
3686,CA-2015-132626,7/9/2015,BT-11680,Maryland,East,OFF-ST-10003722,98.21,7
3687,CA-2016-102792,12/13/2016,JC-15340,California,West,OFF-AR-10004757,9.84,3
3688,CA-2016-108567,5/20/2016,DB-13210,Florida,South,OFF-BI-10004140,2.694,2
3689,CA-2017-140760,6/2/2017,DO-13435,Arizona,West,OFF-PA-10002479,25.344,6
3690,CA-2017-140760,6/2/2017,DO-13435,Arizona,West,OFF-EN-10001141,43.92,5
3691,US-2015-131359,10/30/2015,FA-14230,Colorado,West,TEC-MA-10000597,59.994,2
3692,US-2015-131359,10/30/2015,FA-14230,Colorado,West,TEC-CO-10001571,439.992,1
3693,US-2015-131359,10/30/2015,FA-14230,Colorado,West,TEC-PH-10004531,87.96,5
3694,US-2015-131359,10/30/2015,FA-14230,Colorado,West,FUR-FU-10003026,15.488,4
3695,CA-2016-142097,10/15/2016,QJ-19255,Virginia,South,OFF-BI-10002082,232.96,7
3696,CA-2016-142097,10/15/2016,QJ-19255,Virginia,South,OFF-EN-10002312,66.54,6
3697,CA-2016-142097,10/15/2016,QJ-19255,Virginia,South,OFF-AP-10000696,43.26,3
3698,CA-2015-151680,11/19/2015,TC-21475,Washington,West,FUR-FU-10000305,141.96,2
3699,CA-2014-140039,9/13/2014,ON-18715,Arizona,West,OFF-ST-10001034,79.4,5
3700,CA-2017-160416,11/13/2017,AD-10180,New York,East,TEC-AC-10004114,163.96,4
3701,CA-2017-169411,12/24/2017,AC-10615,New York,East,FUR-FU-10001602,37.93,1
3702,CA-2016-126543,1/9/2016,MF-17665,Ohio,East,FUR-FU-10002445,15.168,2
3703,CA-2015-104941,6/13/2015,DH-13075,Alabama,South,OFF-AR-10004269,24.78,6
3704,CA-2015-104941,6/13/2015,DH-13075,Alabama,South,OFF-BI-10001249,19.14,3
3705,CA-2015-104941,6/13/2015,DH-13075,Alabama,South,TEC-CO-10004202,899.97,3
3706,CA-2015-104941,6/13/2015,DH-13075,Alabama,South,OFF-PA-10003363,32.4,5
3707,CA-2017-160087,3/18/2017,EN-13780,Texas,Central,OFF-AR-10001915,23.832,3
3708,CA-2014-120544,11/23/2014,SS-20140,Texas,Central,FUR-FU-10001940,6.368,2
3709,CA-2014-120544,11/23/2014,SS-20140,Texas,Central,OFF-AP-10004336,34.176,3
3710,CA-2014-120544,11/23/2014,SS-20140,Texas,Central,TEC-AC-10003709,5.544,7
3711,CA-2017-113670,10/15/2017,RS-19765,California,West,FUR-TA-10001705,510.24,3
3712,CA-2017-113670,10/15/2017,RS-19765,California,West,OFF-PA-10000675,204.95,5
3713,CA-2017-166198,4/21/2017,JW-15955,Washington,West,TEC-AC-10000521,11.54,1
3714,CA-2017-166198,4/21/2017,JW-15955,Washington,West,FUR-FU-10004622,162.6,3
3715,CA-2014-135608,12/8/2014,JK-15625,Washington,West,OFF-PA-10001954,45.68,2
3716,CA-2014-135608,12/8/2014,JK-15625,Washington,West,FUR-CH-10002602,603.92,5
3717,CA-2017-144568,5/29/2017,JO-15550,Nebraska,Central,OFF-FA-10004395,23.55,5
3718,CA-2016-142370,9/19/2016,TP-21130,Georgia,South,OFF-SU-10003002,5.04,2
3719,CA-2016-142370,9/19/2016,TP-21130,Georgia,South,TEC-AC-10002926,249.95,5
3720,CA-2016-105900,9/17/2016,BS-11590,Indiana,Central,OFF-AR-10002656,33.4,5
3721,CA-2016-151155,12/20/2016,AB-10255,Mississippi,South,FUR-FU-10001918,18.92,4
3722,CA-2016-151155,12/20/2016,AB-10255,Mississippi,South,OFF-BI-10003910,15.42,2
3723,CA-2017-144036,11/22/2017,FO-14305,Texas,Central,OFF-AR-10000122,35.712,8
3724,US-2014-169789,12/30/2014,MF-17665,Arizona,West,OFF-BI-10004600,551.985,5
3725,CA-2017-127264,4/3/2017,SA-20830,Illinois,Central,OFF-AR-10003045,7.056,3
3726,CA-2016-151512,12/26/2016,SH-19975,Colorado,West,OFF-AP-10000252,18.72,2
3727,CA-2016-165169,6/5/2016,JL-15235,Delaware,East,OFF-ST-10001496,360.38,2
3728,CA-2016-165169,6/5/2016,JL-15235,Delaware,East,OFF-AR-10000122,11.16,2
3729,CA-2016-165169,6/5/2016,JL-15235,Delaware,East,OFF-LA-10000407,14.94,3
3730,CA-2015-109575,9/18/2015,KH-16630,Maryland,East,OFF-ST-10004950,41.96,2
3731,CA-2015-109575,9/18/2015,KH-16630,Maryland,East,OFF-ST-10004123,636.86,7
3732,CA-2015-109575,9/18/2015,KH-16630,Maryland,East,TEC-PH-10000730,499.99,1
3733,CA-2015-109575,9/18/2015,KH-16630,Maryland,East,TEC-PH-10000895,1259.93,7
3734,CA-2015-109575,9/18/2015,KH-16630,Maryland,East,OFF-BI-10000962,65.08,4
3735,CA-2017-168193,3/6/2017,RM-19750,New York,East,OFF-PA-10002254,26.38,1
3736,CA-2017-168193,3/6/2017,RM-19750,New York,East,FUR-FU-10002554,71.97,3
3737,CA-2016-115476,3/17/2016,VM-21835,Delaware,East,TEC-PH-10000673,129.98,2
3738,CA-2016-115476,3/17/2016,VM-21835,Delaware,East,OFF-BI-10000962,32.54,2
3739,CA-2016-133340,12/9/2016,LH-17155,Michigan,Central,TEC-PH-10003988,10.9,1
3740,CA-2016-133340,12/9/2016,LH-17155,Michigan,Central,TEC-AC-10001109,59.98,2
3741,CA-2016-133340,12/9/2016,LH-17155,Michigan,Central,OFF-AP-10002311,61.929,1
3742,CA-2016-137848,1/15/2016,WB-21850,New York,East,OFF-EN-10001137,16.52,4
3743,CA-2016-137848,1/15/2016,WB-21850,New York,East,OFF-PA-10004285,60.12,9
3744,CA-2016-137848,1/15/2016,WB-21850,New York,East,OFF-BI-10002225,49.536,3
3745,CA-2014-113047,10/24/2014,AP-10915,South Carolina,South,OFF-FA-10002763,11.85,3
3746,CA-2016-149979,9/23/2016,RA-19915,Georgia,South,OFF-ST-10003058,118.25,5
3747,CA-2016-149979,9/23/2016,RA-19915,Georgia,South,FUR-CH-10002084,368.97,3
3748,CA-2017-161956,8/27/2017,DR-12880,California,West,FUR-FU-10002937,198.46,2
3749,CA-2017-161956,8/27/2017,DR-12880,California,West,OFF-AP-10001242,321.92,4
3750,CA-2017-161956,8/27/2017,DR-12880,California,West,TEC-CO-10001571,879.984,2
3751,CA-2017-161956,8/27/2017,DR-12880,California,West,OFF-SU-10002503,28.4,5
3752,CA-2017-161956,8/27/2017,DR-12880,California,West,FUR-CH-10004886,230.28,3
3753,CA-2017-161956,8/27/2017,DR-12880,California,West,OFF-PA-10001289,116.28,3
3754,CA-2017-161956,8/27/2017,DR-12880,California,West,OFF-BI-10003650,841.568,2
3755,CA-2017-161956,8/27/2017,DR-12880,California,West,OFF-ST-10001370,354.9,5
3756,CA-2016-116799,3/3/2016,JG-15310,Texas,Central,OFF-PA-10001892,42.784,7
3757,CA-2016-116799,3/3/2016,JG-15310,Texas,Central,FUR-CH-10004983,563.43,5
3758,CA-2016-111283,2/29/2016,LC-16870,Ohio,East,OFF-AR-10001615,111.104,7
3759,CA-2015-167745,9/18/2015,GB-14530,California,West,OFF-AR-10003602,11.68,2
3760,CA-2015-167745,9/18/2015,GB-14530,California,West,OFF-SU-10004782,16.9,2
3761,CA-2015-167745,9/18/2015,GB-14530,California,West,FUR-FU-10001591,24.4,2
3762,CA-2017-104577,5/12/2017,CK-12205,Massachusetts,East,OFF-PA-10000659,87.6,5
3763,CA-2016-156251,8/13/2016,TS-21160,Wisconsin,Central,FUR-BO-10001337,241.96,2
3764,CA-2016-156251,8/13/2016,TS-21160,Wisconsin,Central,OFF-BI-10003529,8.52,3
3765,CA-2017-125878,2/25/2017,MH-18025,Illinois,Central,OFF-BI-10002609,1.788,3
3766,CA-2016-163153,3/21/2016,DM-12955,Texas,Central,FUR-TA-10004767,99.372,2
3767,CA-2016-163153,3/21/2016,DM-12955,Texas,Central,OFF-AR-10001868,1.344,1
3768,CA-2015-103205,12/8/2015,JJ-15760,Texas,Central,TEC-PH-10004896,119.96,5
3769,CA-2014-153913,12/16/2014,KB-16585,Florida,South,FUR-CH-10000988,1013.832,9
3770,CA-2014-153913,12/16/2014,KB-16585,Florida,South,OFF-FA-10000490,1.984,2
3771,CA-2016-155530,12/17/2016,CM-12160,California,West,FUR-TA-10004256,2003.52,6
3772,US-2016-101196,5/12/2016,FM-14215,Pennsylvania,East,OFF-ST-10004804,82.368,2
3773,CA-2014-115357,8/6/2014,RF-19735,South Carolina,South,TEC-AC-10000023,62.91,3
3774,US-2014-102715,4/11/2014,JK-15370,Florida,South,OFF-FA-10001332,6.912,3
3775,US-2014-102715,4/11/2014,JK-15370,Florida,South,TEC-AC-10002001,383.976,3
3776,US-2014-102715,4/11/2014,JK-15370,Florida,South,OFF-PA-10000029,10.368,2
3777,US-2014-102715,4/11/2014,JK-15370,Florida,South,TEC-AC-10001874,335.944,7
3778,CA-2015-107937,5/3/2015,JB-16045,California,West,FUR-FU-10002298,665.88,6
3779,US-2017-148768,11/30/2017,PN-18775,Florida,South,TEC-PH-10002564,71.976,3
3780,CA-2017-118521,2/16/2017,LF-17185,New York,East,OFF-PA-10003465,37.94,2
3781,CA-2014-149643,11/16/2014,RH-19510,Kansas,Central,TEC-PH-10000038,273.96,2
3782,CA-2015-135314,7/9/2015,MC-17575,Pennsylvania,East,TEC-PH-10003072,269.982,3
3783,CA-2017-165204,11/13/2017,MN-17935,Tennessee,South,OFF-PA-10003424,8.904,3
3784,CA-2017-165204,11/13/2017,MN-17935,Tennessee,South,OFF-ST-10003716,720.064,4
3785,CA-2017-125752,7/31/2017,EH-14125,Florida,South,TEC-AC-10003590,41.424,2
3786,CA-2017-112487,12/26/2017,TC-21535,Ohio,East,OFF-BI-10000494,3.132,2
3787,CA-2016-144218,10/31/2016,JD-15895,California,West,OFF-ST-10002615,1085.42,7
3788,CA-2016-169971,9/4/2016,IL-15100,Texas,Central,OFF-AR-10002804,3.912,1
3789,CA-2016-169971,9/4/2016,IL-15100,Texas,Central,OFF-AR-10001044,62.376,3
3790,US-2016-133508,4/17/2016,SW-20350,Nebraska,Central,OFF-FA-10000134,29.05,5
3791,CA-2014-107139,7/5/2014,DP-13390,California,West,OFF-BI-10001670,180.96,6
3792,CA-2015-111325,2/27/2015,BT-11395,Pennsylvania,East,OFF-BI-10000343,4.419,3
3793,CA-2015-111325,2/27/2015,BT-11395,Pennsylvania,East,OFF-AR-10002257,16.032,6
3794,CA-2015-163762,11/27/2015,JE-15475,New York,East,OFF-AR-10001915,29.79,3
3795,US-2014-117163,1/27/2014,EJ-13720,California,West,OFF-ST-10003692,57.23,1
3796,US-2014-117163,1/27/2014,EJ-13720,California,West,FUR-TA-10003469,333,3
3797,US-2014-117163,1/27/2014,EJ-13720,California,West,OFF-AR-10003179,36.44,4
3798,CA-2017-121314,9/23/2017,BE-11410,Florida,South,OFF-PA-10003395,251.64,3
3799,CA-2017-147760,11/4/2017,KL-16555,North Carolina,South,FUR-TA-10004575,523.764,3
3800,CA-2017-147760,11/4/2017,KL-16555,North Carolina,South,TEC-PH-10002483,1359.96,5
3801,CA-2016-156503,10/14/2016,NC-18415,North Carolina,South,FUR-CH-10003606,102.592,1
3802,CA-2016-156503,10/14/2016,NC-18415,North Carolina,South,TEC-AC-10002473,22.704,1
3803,CA-2016-156503,10/14/2016,NC-18415,North Carolina,South,OFF-PA-10002319,93.024,3
3804,CA-2016-156503,10/14/2016,NC-18415,North Carolina,South,OFF-SU-10000946,12.768,2
3805,CA-2016-156503,10/14/2016,NC-18415,North Carolina,South,OFF-EN-10001335,35.008,4
3806,CA-2016-156503,10/14/2016,NC-18415,North Carolina,South,OFF-PA-10002377,39.152,1
3807,CA-2015-113628,11/12/2015,AH-10690,Florida,South,OFF-AR-10001246,11.76,5
3808,CA-2015-113628,11/12/2015,AH-10690,Florida,South,OFF-BI-10003291,5.238,2
3809,CA-2015-113628,11/12/2015,AH-10690,Florida,South,OFF-BI-10002799,4.662,3
3810,CA-2015-113628,11/12/2015,AH-10690,Florida,South,FUR-CH-10003298,523.92,5
3811,CA-2015-113628,11/12/2015,AH-10690,Florida,South,TEC-PH-10000441,100.792,1
3812,CA-2015-113628,11/12/2015,AH-10690,Florida,South,FUR-CH-10004477,146.136,3
3813,CA-2017-147753,3/5/2017,PK-19075,Wisconsin,Central,OFF-LA-10003537,25.06,2
3814,CA-2015-103961,11/5/2015,NG-18430,Illinois,Central,OFF-LA-10004484,19.824,6
3815,CA-2016-152471,7/8/2016,ZD-21925,Florida,South,TEC-PH-10002824,823.96,5
3816,CA-2016-152471,7/8/2016,ZD-21925,Florida,South,OFF-PA-10004965,15.984,2
3817,CA-2015-102582,9/15/2015,NW-18400,Alabama,South,FUR-TA-10003569,801.96,2
3818,CA-2015-102582,9/15/2015,NW-18400,Alabama,South,TEC-PH-10003187,59.97,3
3819,CA-2015-102582,9/15/2015,NW-18400,Alabama,South,FUR-CH-10004853,1056.86,7
3820,CA-2017-141873,10/9/2017,HG-14845,New York,East,OFF-BI-10001031,12.816,3
3821,CA-2017-141873,10/9/2017,HG-14845,New York,East,FUR-BO-10003034,314.352,3
3822,CA-2017-141873,10/9/2017,HG-14845,New York,East,OFF-PA-10000069,18.98,2
3823,CA-2017-141873,10/9/2017,HG-14845,New York,East,OFF-BI-10003655,18.24,6
3824,CA-2015-140984,9/14/2015,CC-12685,New York,East,OFF-ST-10000585,991.2,6
3825,CA-2015-140984,9/14/2015,CC-12685,New York,East,TEC-CO-10001571,879.984,2
3826,CA-2015-140984,9/14/2015,CC-12685,New York,East,OFF-BI-10002012,12.96,9
3827,CA-2014-132801,10/7/2014,JG-15805,Texas,Central,OFF-ST-10001228,107.44,10
3828,CA-2017-141733,5/7/2017,RW-19540,Michigan,Central,FUR-CH-10004086,1458.65,5
3829,CA-2017-141733,5/7/2017,RW-19540,Michigan,Central,FUR-CH-10002017,26.64,1
3830,CA-2017-141733,5/7/2017,RW-19540,Michigan,Central,FUR-CH-10000595,476.8,2
3831,CA-2017-141733,5/7/2017,RW-19540,Michigan,Central,OFF-AP-10001563,87.444,2
3832,US-2015-111927,11/14/2015,LS-17230,Delaware,East,FUR-FU-10004017,76.14,3
3833,US-2015-111927,11/14/2015,LS-17230,Delaware,East,OFF-BI-10002571,19.96,2
3834,CA-2014-105984,11/24/2014,MY-18295,Ohio,East,TEC-PH-10000560,1049.97,5
3835,CA-2014-105984,11/24/2014,MY-18295,Ohio,East,FUR-CH-10000847,611.058,3
3836,CA-2014-100363,4/8/2014,JM-15655,Arizona,West,OFF-FA-10000611,2.368,2
3837,CA-2014-100363,4/8/2014,JM-15655,Arizona,West,OFF-PA-10004733,19.008,3
3838,CA-2014-126760,7/26/2014,KM-16720,Nevada,West,TEC-PH-10001363,911.984,2
3839,CA-2014-126760,7/26/2014,KM-16720,Nevada,West,FUR-CH-10003312,674.352,3
3840,CA-2014-126760,7/26/2014,KM-16720,Nevada,West,FUR-FU-10004018,134.01,9
3841,CA-2014-126760,7/26/2014,KM-16720,Nevada,West,TEC-AC-10004814,170.97,3
3842,US-2014-109162,6/8/2014,KE-16420,Tennessee,South,FUR-CH-10002647,170.352,3
3843,CA-2014-101931,10/28/2014,TS-21370,California,West,OFF-BI-10004140,7.184,2
3844,CA-2014-101931,10/28/2014,TS-21370,California,West,OFF-SU-10002301,6.28,2
3845,CA-2014-101931,10/28/2014,TS-21370,California,West,OFF-SU-10000646,480.74,2
3846,CA-2014-101931,10/28/2014,TS-21370,California,West,FUR-BO-10001337,616.998,6
3847,CA-2014-101931,10/28/2014,TS-21370,California,West,OFF-ST-10003442,141.4,5
3848,CA-2017-129000,11/25/2017,SZ-20035,Michigan,Central,OFF-ST-10001097,501.81,3
3849,CA-2017-161053,9/22/2017,JE-15745,Arkansas,South,OFF-BI-10004318,691.96,4
3850,CA-2017-161053,9/22/2017,JE-15745,Arkansas,South,TEC-AC-10004633,34.95,5
3851,CA-2015-142377,12/4/2015,MS-17980,Missouri,Central,OFF-PA-10001970,85.96,7
3852,CA-2015-127593,9/21/2015,DH-13675,Massachusetts,East,FUR-FU-10004006,85.3,2
3853,CA-2017-130526,11/26/2017,GT-14755,Illinois,Central,OFF-BI-10001524,33.568,8
3854,US-2017-131849,6/6/2017,GH-14410,California,West,FUR-FU-10004164,4.95,1
3855,US-2017-131849,6/6/2017,GH-14410,California,West,OFF-ST-10002957,26.4,5
3856,US-2017-105389,10/23/2017,DM-13015,Texas,Central,OFF-BI-10004364,3.564,3
3857,US-2017-105389,10/23/2017,DM-13015,Texas,Central,TEC-PH-10002824,823.96,5
3858,US-2017-105389,10/23/2017,DM-13015,Texas,Central,OFF-AR-10000634,10.272,3
3859,CA-2014-140816,12/20/2014,TC-21295,Colorado,West,TEC-AC-10001539,447.944,7
3860,CA-2017-154039,2/17/2017,JK-16120,Illinois,Central,FUR-TA-10001932,480.96,3
3861,CA-2017-154039,2/17/2017,JK-16120,Illinois,Central,TEC-PH-10002789,124.792,1
3862,CA-2014-135755,5/3/2014,NC-18415,New York,East,OFF-BI-10004828,40.176,3
3863,CA-2014-135755,5/3/2014,NC-18415,New York,East,OFF-BI-10003981,10.896,3
3864,CA-2017-123246,10/17/2017,AJ-10960,California,West,OFF-AR-10001770,10.64,4
3865,CA-2015-157133,11/28/2015,LC-16885,Illinois,Central,FUR-FU-10004904,151.96,5
3866,CA-2014-124709,7/27/2014,GW-14605,California,West,TEC-AC-10002842,238,2
3867,CA-2017-146360,4/23/2017,SC-20305,Indiana,Central,TEC-AC-10003590,155.34,6
3868,CA-2015-132486,10/23/2015,JF-15355,California,West,TEC-AC-10000710,148.32,9
3869,CA-2015-132486,10/23/2015,JF-15355,California,West,FUR-CH-10004495,240.784,1
3870,CA-2015-132486,10/23/2015,JF-15355,California,West,FUR-CH-10004540,191.968,7
3871,CA-2015-132486,10/23/2015,JF-15355,California,West,OFF-PA-10004971,11.56,2
3872,CA-2015-132486,10/23/2015,JF-15355,California,West,OFF-EN-10002600,11.8,4
3873,CA-2015-132486,10/23/2015,JF-15355,California,West,FUR-CH-10001854,842.352,3
3874,CA-2016-136231,9/5/2016,DM-13015,Tennessee,South,OFF-EN-10001099,23.472,3
3875,CA-2016-136231,9/5/2016,DM-13015,Tennessee,South,OFF-BI-10001597,86.058,7
3876,CA-2016-136231,9/5/2016,DM-13015,Tennessee,South,TEC-PH-10002660,108.784,2
3877,CA-2016-136231,9/5/2016,DM-13015,Tennessee,South,OFF-PA-10000327,10.272,3
3878,CA-2016-140641,10/28/2016,EP-13915,Florida,South,OFF-BI-10001191,38.19,5
3879,CA-2014-151001,4/5/2014,JG-15805,Illinois,Central,OFF-ST-10003455,49.632,4
3880,CA-2014-151001,4/5/2014,JG-15805,Illinois,Central,OFF-ST-10001031,52.096,4
3881,CA-2015-129896,6/15/2015,PF-19120,Arizona,West,OFF-PA-10002245,9.568,2
3882,CA-2015-129896,6/15/2015,PF-19120,Arizona,West,OFF-ST-10004804,82.368,2
3883,CA-2015-129896,6/15/2015,PF-19120,Arizona,West,FUR-FU-10004904,364.704,6
3884,CA-2015-129896,6/15/2015,PF-19120,Arizona,West,FUR-FU-10002396,40.256,4
3885,CA-2014-152849,7/5/2014,DW-13195,Tennessee,South,OFF-AR-10002833,4.368,3
3886,US-2017-127341,1/29/2017,CK-12595,Illinois,Central,OFF-BI-10001072,12.128,4
3887,CA-2016-167759,3/3/2016,CC-12670,Indiana,Central,TEC-PH-10003171,134.85,3
3888,CA-2014-100895,6/2/2014,SV-20785,Georgia,South,OFF-AR-10004511,8.56,2
3889,CA-2014-100895,6/2/2014,SV-20785,Georgia,South,TEC-PH-10001425,239.97,3
3890,CA-2014-100895,6/2/2014,SV-20785,Georgia,South,OFF-ST-10001490,356.94,2
3891,US-2016-163881,11/24/2016,SP-20860,California,West,TEC-AC-10003033,659.9,2
3892,US-2016-163881,11/24/2016,SP-20860,California,West,FUR-CH-10001394,1684.752,6
3893,US-2016-163881,11/24/2016,SP-20860,California,West,TEC-AC-10000420,559.92,8
3894,US-2016-144547,11/10/2016,MS-17770,Texas,Central,TEC-AC-10004901,279.944,7
3895,US-2014-112200,11/22/2014,TC-21475,Illinois,Central,OFF-BI-10002571,9.98,5
3896,CA-2017-110212,5/1/2017,SJ-20125,Arkansas,South,TEC-AC-10002331,48.9,5
3897,CA-2017-134285,12/7/2017,DS-13180,Texas,Central,OFF-FA-10000611,3.552,3
3898,CA-2017-134285,12/7/2017,DS-13180,Texas,Central,OFF-PA-10000304,15.552,3
3899,CA-2017-102267,11/30/2017,SC-20800,Texas,Central,OFF-FA-10000611,2.368,2
3900,CA-2017-157980,12/7/2017,SH-20395,Ohio,East,TEC-AC-10002567,127.984,2
3901,CA-2015-121097,1/3/2015,SF-20965,Texas,Central,OFF-PA-10001937,10.368,2
3902,CA-2015-151043,11/14/2015,MG-17680,Pennsylvania,East,TEC-AC-10001090,47.984,2
3903,US-2015-119312,10/2/2015,CS-12400,California,West,OFF-ST-10000943,270.34,14
3904,CA-2015-167010,4/5/2015,VT-21700,Pennsylvania,East,OFF-AP-10004036,98.112,7
3905,CA-2015-167010,4/5/2015,VT-21700,Pennsylvania,East,OFF-ST-10003816,563.808,4
3906,CA-2015-167010,4/5/2015,VT-21700,Pennsylvania,East,OFF-BI-10002072,10.428,4
3907,CA-2015-167010,4/5/2015,VT-21700,Pennsylvania,East,FUR-FU-10001468,547.136,4
3908,CA-2015-167010,4/5/2015,VT-21700,Pennsylvania,East,TEC-PH-10000347,14.85,5
3909,CA-2015-167010,4/5/2015,VT-21700,Pennsylvania,East,TEC-PH-10002844,41.988,2
3910,CA-2015-167010,4/5/2015,VT-21700,Pennsylvania,East,FUR-FU-10001037,7.584,1
3911,CA-2015-167010,4/5/2015,VT-21700,Pennsylvania,East,FUR-BO-10004218,352.45,5
3912,CA-2017-126788,6/5/2017,AB-10105,Texas,Central,TEC-PH-10001619,470.376,3
3913,CA-2017-148068,9/18/2017,MM-18280,New York,East,OFF-PA-10001639,19.44,3
3914,CA-2017-148068,9/18/2017,MM-18280,New York,East,FUR-FU-10002268,9.82,2
3915,US-2017-142573,7/18/2017,ML-17410,Arizona,West,FUR-TA-10001932,801.6,5
3916,US-2017-142573,7/18/2017,ML-17410,Arizona,West,FUR-CH-10004218,161.568,2
3917,US-2017-142573,7/18/2017,ML-17410,Arizona,West,OFF-PA-10000246,16.096,2
3918,US-2017-142573,7/18/2017,ML-17410,Arizona,West,OFF-BI-10003350,7.656,4
3919,US-2017-142573,7/18/2017,ML-17410,Arizona,West,FUR-CH-10000513,311.976,3
3920,US-2015-148817,12/1/2015,KD-16495,Virginia,South,OFF-ST-10001321,61.68,4
3921,US-2015-148817,12/1/2015,KD-16495,Virginia,South,OFF-BI-10004233,63.96,4
3922,CA-2016-110044,6/28/2016,RF-19735,Illinois,Central,TEC-PH-10001299,359.976,3
3923,CA-2017-146920,8/28/2017,SC-20305,Illinois,Central,OFF-PA-10002479,25.344,6
3924,CA-2017-146920,8/28/2017,SC-20305,Illinois,Central,OFF-PA-10001461,26.72,5
3925,CA-2014-103940,9/17/2014,BN-11515,Washington,West,OFF-ST-10004963,30.28,2
3926,CA-2014-103940,9/17/2014,BN-11515,Washington,West,OFF-ST-10000943,57.93,3
3927,CA-2014-103940,9/17/2014,BN-11515,Washington,West,FUR-FU-10004671,35.34,2
3928,CA-2014-103940,9/17/2014,BN-11515,Washington,West,OFF-BI-10002735,137.24,5
3929,CA-2016-162082,3/14/2016,JS-15880,Texas,Central,FUR-BO-10004409,241.332,5
3930,CA-2016-162082,3/14/2016,JS-15880,Texas,Central,OFF-PA-10001934,5.184,1
3931,CA-2016-162082,3/14/2016,JS-15880,Texas,Central,OFF-AR-10001044,145.544,7
3932,CA-2016-132094,8/26/2016,VG-21805,Pennsylvania,East,OFF-AR-10004165,5.472,3
3933,CA-2016-132094,8/26/2016,VG-21805,Pennsylvania,East,TEC-AC-10001109,47.984,2
3934,CA-2017-123001,9/2/2017,AW-10840,California,West,OFF-AR-10001919,9.4,5
3935,CA-2017-123001,9/2/2017,AW-10840,California,West,OFF-LA-10004544,74,5
3936,CA-2017-123001,9/2/2017,AW-10840,California,West,TEC-PH-10003484,201.584,2
3937,CA-2015-118955,6/16/2015,LS-17230,Texas,Central,OFF-EN-10001028,28.752,3
3938,CA-2015-118955,6/16/2015,LS-17230,Texas,Central,OFF-PA-10004156,27.216,3
3939,CA-2015-118955,6/16/2015,LS-17230,Texas,Central,FUR-CH-10001708,197.372,2
3940,US-2016-143448,12/10/2016,MH-17455,Indiana,Central,FUR-CH-10003379,1424.9,5
3941,CA-2017-117863,5/18/2017,TS-21340,New York,East,FUR-FU-10002456,14.56,2
3942,CA-2017-117863,5/18/2017,TS-21340,New York,East,OFF-BI-10000605,3.048,1
3943,CA-2017-160458,5/27/2017,EH-13945,Tennessee,South,OFF-PA-10001166,25.92,5
3944,US-2016-142685,6/23/2016,MG-17695,New York,East,OFF-SU-10000157,835.17,7
3945,CA-2016-133144,5/16/2016,DO-13435,California,West,OFF-PA-10004971,17.34,3
3946,CA-2017-167871,11/18/2017,AF-10870,Florida,South,OFF-PA-10001977,44.384,1
3947,CA-2017-167871,11/18/2017,AF-10870,Florida,South,OFF-SU-10001225,2.944,1
3948,CA-2016-119963,11/18/2016,SN-20710,Texas,Central,OFF-AR-10003514,6.368,2
3949,CA-2016-119963,11/18/2016,SN-20710,Texas,Central,OFF-LA-10003510,48.848,2
3950,CA-2016-119963,11/18/2016,SN-20710,Texas,Central,OFF-PA-10001970,19.648,2
3951,CA-2016-119963,11/18/2016,SN-20710,Texas,Central,FUR-CH-10003817,255.108,6
3952,CA-2014-121167,11/28/2014,MO-17500,New York,East,OFF-BI-10003676,17.248,2
3953,US-2016-151862,3/1/2016,ON-18715,Colorado,West,TEC-PH-10003535,159.984,2
3954,CA-2017-152961,1/15/2017,SC-20095,Massachusetts,East,OFF-PA-10004675,12.7,2
3955,CA-2014-133228,4/4/2014,MS-17710,Michigan,Central,FUR-FU-10004020,5.47,1
3956,CA-2014-133228,4/4/2014,MS-17710,Michigan,Central,OFF-AR-10001955,79.36,4
3957,CA-2016-114951,6/26/2016,DN-13690,California,West,FUR-FU-10002364,22.14,3
3958,CA-2016-156573,5/29/2016,RB-19360,Tennessee,South,OFF-BI-10002414,11.277,3
3959,CA-2016-156573,5/29/2016,RB-19360,Tennessee,South,OFF-AR-10003732,4.448,2
3960,CA-2016-156573,5/29/2016,RB-19360,Tennessee,South,FUR-FU-10001085,44.76,3
3961,CA-2015-113901,10/19/2015,NH-18610,Michigan,Central,OFF-BI-10001249,38.28,6
3962,CA-2015-113901,10/19/2015,NH-18610,Michigan,Central,TEC-PH-10002564,149.95,5
3963,CA-2017-134838,2/19/2017,ED-13885,California,West,OFF-AR-10000634,12.84,3
3964,CA-2017-134838,2/19/2017,ED-13885,California,West,FUR-FU-10004018,44.67,3
3965,CA-2016-120257,9/22/2016,PW-19240,Pennsylvania,East,OFF-AR-10003481,7.872,3
3966,CA-2014-164910,11/12/2014,DM-13345,North Carolina,South,OFF-AR-10003651,7.872,3
3967,CA-2016-149902,4/1/2016,DW-13540,New York,East,OFF-AR-10002956,88.04,4
3968,CA-2016-146010,5/20/2016,EH-14125,Colorado,West,OFF-BI-10003638,40.635,7
3969,US-2015-163685,6/1/2015,KE-16420,Texas,Central,OFF-BI-10001890,5.728,8
3970,US-2015-163685,6/1/2015,KE-16420,Texas,Central,OFF-PA-10002606,42.24,10
3971,CA-2014-135090,11/22/2014,SP-20920,California,West,OFF-PA-10002245,53.82,9
3972,CA-2015-132374,2/22/2015,PS-19045,Michigan,Central,OFF-AR-10001615,79.36,4
3973,CA-2016-167556,3/29/2016,JM-15250,New York,East,OFF-PA-10000466,13.48,2
3974,CA-2016-167556,3/29/2016,JM-15250,New York,East,OFF-BI-10003708,29.8,5
3975,CA-2016-167556,3/29/2016,JM-15250,New York,East,FUR-FU-10004848,414,8
3976,CA-2016-167556,3/29/2016,JM-15250,New York,East,OFF-BI-10000320,41.328,7
3977,US-2016-116400,10/22/2016,EB-13930,Virginia,South,FUR-FU-10003731,39.92,4
3978,CA-2017-101308,10/2/2017,FG-14260,Washington,West,OFF-FA-10002780,8.94,3
3979,CA-2017-101308,10/2/2017,FG-14260,Washington,West,TEC-PH-10003800,84.784,2
3980,CA-2014-114517,12/23/2014,TH-21235,New York,East,FUR-TA-10001676,53.316,2
3981,CA-2014-114517,12/23/2014,TH-21235,New York,East,OFF-AP-10002350,56.52,3
3982,CA-2017-119564,12/15/2017,PL-18925,Washington,West,FUR-FU-10003096,22.77,3
3983,CA-2016-135265,7/7/2016,CC-12370,California,West,FUR-CH-10003061,287.968,4
3984,CA-2016-135265,7/7/2016,CC-12370,California,West,TEC-CO-10003763,2799.96,5
3985,CA-2016-135265,7/7/2016,CC-12370,California,West,OFF-PA-10002923,48.94,1
3986,CA-2016-108735,4/17/2016,JM-15535,California,West,FUR-BO-10003441,257.499,3
3987,CA-2017-112333,4/8/2017,KF-16285,New Jersey,East,OFF-ST-10001780,2591.56,4
3988,CA-2017-112333,4/8/2017,KF-16285,New Jersey,East,OFF-AP-10001962,41.95,5
3989,US-2016-159415,4/17/2016,CS-12175,Tennessee,South,FUR-FU-10003798,79.12,5
3990,CA-2014-122588,11/25/2014,AR-10540,Rhode Island,East,FUR-FU-10001095,52.96,2
3991,CA-2014-137589,11/3/2014,MS-17770,Pennsylvania,East,OFF-SU-10000157,286.344,3
3992,CA-2015-161998,5/1/2015,DB-13120,Florida,South,FUR-FU-10001095,63.552,3
3993,CA-2015-161998,5/1/2015,DB-13120,Florida,South,OFF-SU-10004261,41.376,3
3994,CA-2015-161998,5/1/2015,DB-13120,Florida,South,OFF-AR-10004022,172.704,6
3995,CA-2015-105627,3/8/2015,DK-12895,Wisconsin,Central,FUR-BO-10002916,512.94,3
3996,CA-2015-105627,3/8/2015,DK-12895,Wisconsin,Central,FUR-CH-10002084,860.93,7
3997,CA-2015-105627,3/8/2015,DK-12895,Wisconsin,Central,TEC-PH-10003012,769.95,5
3998,CA-2015-105627,3/8/2015,DK-12895,Wisconsin,Central,OFF-AR-10002704,14.98,1
3999,CA-2015-105627,3/8/2015,DK-12895,Wisconsin,Central,FUR-FU-10000308,373.08,6
4000,US-2015-149629,7/17/2015,MP-17965,Florida,South,FUR-BO-10004709,231.92,5
4001,CA-2014-116834,10/11/2014,Dp-13240,Washington,West,FUR-FU-10001196,63.47,11
4002,CA-2014-116834,10/11/2014,Dp-13240,Washington,West,TEC-AC-10002942,345,5
4003,CA-2016-145730,3/3/2016,CC-12220,Texas,Central,FUR-TA-10004915,637.896,3
4004,CA-2016-145730,3/3/2016,CC-12220,Texas,Central,TEC-MA-10001016,287.91,3
4005,CA-2016-145730,3/3/2016,CC-12220,Texas,Central,OFF-EN-10000483,36.6,3
4006,US-2015-168732,12/10/2015,KM-16660,Georgia,South,OFF-AR-10003087,1.78,1
4007,US-2015-168732,12/10/2015,KM-16660,Georgia,South,OFF-PA-10000520,25.92,4
4008,US-2015-168732,12/10/2015,KM-16660,Georgia,South,TEC-AC-10001553,101.94,6
4009,CA-2015-107468,12/18/2015,MK-17905,Colorado,West,OFF-AR-10000634,6.848,2
4010,CA-2017-144463,1/1/2017,SC-20725,California,West,FUR-FU-10001215,474.43,11
4011,CA-2017-100811,11/21/2017,CC-12475,Pennsylvania,East,OFF-PA-10001204,8.448,2
4012,CA-2017-100811,11/21/2017,CC-12475,Pennsylvania,East,OFF-ST-10002444,39.296,4
4013,CA-2015-153612,12/22/2015,BT-11305,Wisconsin,Central,OFF-AR-10000203,17.12,4
4014,CA-2015-165624,8/23/2015,FH-14350,Georgia,South,OFF-AP-10000828,542.94,3
4015,CA-2015-165624,8/23/2015,FH-14350,Georgia,South,OFF-LA-10003190,8.64,3
4016,CA-2015-165624,8/23/2015,FH-14350,Georgia,South,OFF-PA-10002319,193.8,5
4017,CA-2015-165624,8/23/2015,FH-14350,Georgia,South,OFF-PA-10003893,21.4,5
4018,CA-2015-165624,8/23/2015,FH-14350,Georgia,South,OFF-PA-10002499,97.88,2
4019,CA-2015-165624,8/23/2015,FH-14350,Georgia,South,TEC-AC-10004568,251.91,9
4020,CA-2015-165624,8/23/2015,FH-14350,Georgia,South,OFF-AP-10001492,25.86,3
4021,CA-2014-154963,6/22/2014,AA-10645,Pennsylvania,East,FUR-CH-10004698,170.058,3
4022,CA-2014-154963,6/22/2014,AA-10645,Pennsylvania,East,TEC-PH-10004093,82.782,3
4023,CA-2014-154963,6/22/2014,AA-10645,Pennsylvania,East,FUR-CH-10000454,853.93,5
4024,CA-2017-130764,10/27/2017,JO-15145,California,West,FUR-BO-10003034,556.665,5
4025,CA-2017-130764,10/27/2017,JO-15145,California,West,TEC-PH-10003215,95.84,4
4026,CA-2017-139311,8/11/2017,SF-20965,Texas,Central,OFF-PA-10001776,29.664,4
4027,CA-2017-139311,8/11/2017,SF-20965,Texas,Central,OFF-AR-10004582,9.184,7
4028,CA-2017-139311,8/11/2017,SF-20965,Texas,Central,TEC-PH-10001557,153.584,2
4029,CA-2017-139311,8/11/2017,SF-20965,Texas,Central,OFF-BI-10004209,12.864,8
4030,CA-2017-124296,12/24/2017,CS-12355,Louisiana,South,TEC-MA-10003183,479.97,3
4031,CA-2017-124296,12/24/2017,CS-12355,Louisiana,South,FUR-CH-10002439,232.88,4
4032,CA-2016-169957,9/26/2016,SN-20710,Washington,West,OFF-AP-10000576,236.88,6
4033,CA-2016-169957,9/26/2016,SN-20710,Washington,West,OFF-PA-10004040,29.9,5
4034,CA-2016-169957,9/26/2016,SN-20710,Washington,West,TEC-AC-10003063,100,4
4035,US-2016-108777,12/12/2016,JM-15655,Ohio,East,OFF-BI-10003982,18.693,3
4036,US-2016-108777,12/12/2016,JM-15655,Ohio,East,TEC-AC-10002567,383.952,6
4037,CA-2015-148859,12/28/2015,FH-14350,Illinois,Central,OFF-ST-10004950,24.816,2
4038,CA-2014-110786,12/29/2014,AJ-10795,California,West,FUR-FU-10000550,24.9,5
4039,CA-2014-110786,12/29/2014,AJ-10795,California,West,OFF-PA-10000528,21.12,4
4040,CA-2014-110786,12/29/2014,AJ-10795,California,West,TEC-MA-10003183,767.952,6
4041,CA-2014-110786,12/29/2014,AJ-10795,California,West,OFF-BI-10003305,14.352,3
4042,CA-2014-110786,12/29/2014,AJ-10795,California,West,TEC-PH-10001425,191.976,3
4043,CA-2014-110786,12/29/2014,AJ-10795,California,West,OFF-LA-10001474,274.77,9
4044,CA-2014-110786,12/29/2014,AJ-10795,California,West,FUR-FU-10000672,70.56,6
4045,CA-2015-137750,6/25/2015,JF-15565,California,West,FUR-FU-10001979,204.85,5
4046,CA-2015-136378,4/2/2015,CS-11845,Texas,Central,OFF-BI-10003707,9.156,3
4047,CA-2017-100356,10/21/2017,SP-20920,Illinois,Central,OFF-AP-10002191,23.992,2
4048,US-2015-166520,7/16/2015,KE-16420,New York,East,OFF-PA-10000501,80.88,3
4049,US-2015-166520,7/16/2015,KE-16420,New York,East,TEC-AC-10001990,599.9,10
4050,CA-2017-136350,6/24/2017,GA-14515,New York,East,FUR-FU-10003601,276.69,3
4051,CA-2017-136350,6/24/2017,GA-14515,New York,East,FUR-CH-10001891,172.764,2
4052,CA-2014-122931,9/29/2014,SM-20950,Pennsylvania,East,OFF-AR-10003469,4.224,3
4053,CA-2014-122931,9/29/2014,SM-20950,Pennsylvania,East,FUR-TA-10004175,409.272,2
4054,CA-2014-122931,9/29/2014,SM-20950,Pennsylvania,East,OFF-LA-10002945,55.44,11
4055,CA-2014-122931,9/29/2014,SM-20950,Pennsylvania,East,OFF-PA-10000533,20.928,4
4056,CA-2014-122931,9/29/2014,SM-20950,Pennsylvania,East,OFF-ST-10004459,1801.632,6
4057,CA-2014-122931,9/29/2014,SM-20950,Pennsylvania,East,FUR-TA-10004147,67.176,1
4058,CA-2014-163034,11/24/2014,DK-12985,Illinois,Central,OFF-ST-10000046,646.2,5
4059,CA-2015-124058,11/20/2015,LC-16885,California,West,TEC-PH-10004774,72.744,7
4060,CA-2015-124058,11/20/2015,LC-16885,California,West,FUR-CH-10000595,572.16,3
4061,CA-2016-129196,11/1/2016,XP-21865,Illinois,Central,TEC-AC-10002473,68.112,3
4062,US-2015-138716,9/17/2015,CS-11845,Washington,West,OFF-BI-10001628,25.032,3
4063,US-2016-122182,3/10/2016,BD-11770,Pennsylvania,East,TEC-AC-10002800,39.992,1
4064,US-2014-130358,6/23/2014,DL-13330,North Carolina,South,OFF-AR-10002766,20.016,9
4065,US-2014-130358,6/23/2014,DL-13330,North Carolina,South,OFF-SU-10002522,3.104,1
4066,CA-2014-102673,11/1/2014,KH-16630,North Carolina,South,OFF-FA-10003021,7.52,5
4067,CA-2014-102673,11/1/2014,KH-16630,North Carolina,South,OFF-AR-10000634,10.272,3
4068,CA-2014-102673,11/1/2014,KH-16630,North Carolina,South,OFF-LA-10001771,47.808,12
4069,CA-2014-102673,11/1/2014,KH-16630,North Carolina,South,TEC-PH-10004434,978.84,9
4070,CA-2016-145303,8/28/2016,TP-21415,Texas,Central,OFF-BI-10000050,13.14,9
4071,CA-2016-145303,8/28/2016,TP-21415,Texas,Central,OFF-BI-10002414,10.024,4
4072,CA-2016-145303,8/28/2016,TP-21415,Texas,Central,FUR-BO-10003159,156.3728,2
4073,CA-2015-156104,12/6/2015,NP-18685,Indiana,Central,TEC-CO-10002095,999.98,2
4074,US-2015-164308,9/24/2015,SC-20680,Oklahoma,Central,TEC-PH-10004120,821.94,6
4075,CA-2017-108112,11/15/2017,DK-12895,Florida,South,FUR-FU-10003553,220.064,4
4076,CA-2017-108112,11/15/2017,DK-12895,Florida,South,FUR-FU-10001488,339.136,4
4077,CA-2015-100685,12/19/2015,SM-20950,Nebraska,Central,OFF-BI-10003094,7.04,2
4078,CA-2015-100685,12/19/2015,SM-20950,Nebraska,Central,OFF-FA-10003472,5.04,4
4079,CA-2015-100685,12/19/2015,SM-20950,Nebraska,Central,OFF-PA-10001289,116.28,3
4080,CA-2015-165414,12/21/2015,LS-17245,North Carolina,South,TEC-PH-10002293,47.976,3
4081,CA-2016-140417,9/25/2016,KE-16420,Oregon,West,OFF-PA-10000380,60.048,9
4082,CA-2016-140417,9/25/2016,KE-16420,Oregon,West,OFF-BI-10004828,5.022,1
4083,US-2017-151316,6/24/2017,MC-17635,Illinois,Central,OFF-BI-10004632,182.994,3
4084,US-2017-151316,6/24/2017,MC-17635,Illinois,Central,OFF-PA-10000327,10.272,3
4085,CA-2017-163692,9/7/2017,Dp-13240,Arizona,West,OFF-BI-10003291,7.857,3
4086,CA-2016-111913,8/4/2016,LC-16930,California,West,TEC-PH-10002275,302.384,2
4087,CA-2016-111913,8/4/2016,LC-16930,California,West,OFF-BI-10003291,20.952,3
4088,CA-2016-111913,8/4/2016,LC-16930,California,West,OFF-BI-10000343,11.784,3
4089,US-2014-156559,8/19/2014,LH-16900,Arkansas,South,FUR-BO-10000711,638.82,9
4090,CA-2016-161473,4/1/2016,TB-21175,New York,East,OFF-LA-10001297,20.7,2
4091,CA-2016-161473,4/1/2016,TB-21175,New York,East,OFF-SU-10001574,10.95,3
4092,CA-2016-161473,4/1/2016,TB-21175,New York,East,OFF-BI-10003305,14.352,3
4093,CA-2017-166576,5/16/2017,JM-15865,Ohio,East,OFF-ST-10002574,221.024,2
4094,CA-2015-102491,8/24/2015,KW-16435,Kentucky,South,TEC-MA-10000864,3080,7
4095,CA-2015-102491,8/24/2015,KW-16435,Kentucky,South,TEC-AC-10003289,79.96,4
4096,CA-2015-102491,8/24/2015,KW-16435,Kentucky,South,TEC-PH-10001619,587.97,3
4097,CA-2014-116904,9/23/2014,SC-20095,Minnesota,Central,OFF-PA-10004888,32.4,5
4098,CA-2014-116904,9/23/2014,SC-20095,Minnesota,Central,OFF-ST-10000736,404.9,5
4099,CA-2014-116904,9/23/2014,SC-20095,Minnesota,Central,OFF-BI-10001120,9449.95,5
4100,CA-2014-116904,9/23/2014,SC-20095,Minnesota,Central,OFF-BI-10000301,12.94,2
4101,US-2017-102288,6/19/2017,ZC-21910,Texas,Central,OFF-AP-10004655,2.264,1
4102,US-2017-102288,6/19/2017,ZC-21910,Texas,Central,OFF-AP-10002906,0.444,1
4103,US-2017-102288,6/19/2017,ZC-21910,Texas,Central,OFF-PA-10000740,146.176,8
4104,CA-2017-137456,12/21/2017,RB-19465,Nebraska,Central,FUR-FU-10001940,15.92,2
4105,US-2017-155999,8/7/2017,JK-15370,California,West,TEC-PH-10000439,159.96,5
4106,US-2017-155999,8/7/2017,JK-15370,California,West,OFF-BI-10000404,13.76,2
4107,US-2016-148334,8/22/2016,DD-13570,Texas,Central,OFF-BI-10003676,4.312,2
4108,CA-2015-105599,9/7/2015,MC-17275,New York,East,OFF-ST-10002486,13.96,2
4109,CA-2015-105599,9/7/2015,MC-17275,New York,East,FUR-TA-10003837,27.414,3
4110,CA-2015-153717,12/25/2015,DL-13495,Michigan,Central,TEC-PH-10002923,73.98,2
4111,CA-2015-153717,12/25/2015,DL-13495,Michigan,Central,FUR-BO-10004360,160.98,1
4112,CA-2015-153717,12/25/2015,DL-13495,Michigan,Central,OFF-PA-10002160,17.34,3
4113,CA-2015-153717,12/25/2015,DL-13495,Michigan,Central,OFF-AR-10002375,3.28,1
4114,CA-2015-116687,5/2/2015,NC-18625,Texas,Central,OFF-LA-10000443,8.856,3
4115,CA-2015-116687,5/2/2015,NC-18625,Texas,Central,TEC-PH-10001750,158.376,3
4116,CA-2016-163573,11/24/2016,AC-10450,Washington,West,OFF-BI-10004632,1219.96,5
4117,CA-2015-153416,11/24/2015,TS-21340,California,West,OFF-BI-10002813,3.168,2
4118,CA-2015-153416,11/24/2015,TS-21340,California,West,OFF-PA-10002005,19.44,3
4119,CA-2015-153416,11/24/2015,TS-21340,California,West,OFF-ST-10000060,454.86,7
4120,CA-2015-153416,11/24/2015,TS-21340,California,West,OFF-BI-10002706,91.392,8
4121,CA-2017-117394,9/4/2017,MM-17920,Pennsylvania,East,TEC-AC-10000199,19.04,4
4122,CA-2017-133823,5/11/2017,LP-17080,Washington,West,OFF-PA-10002870,37.44,6
4123,CA-2017-133823,5/11/2017,LP-17080,Washington,West,OFF-LA-10004545,37.59,3
4124,CA-2017-133823,5/11/2017,LP-17080,Washington,West,OFF-BI-10000962,26.032,2
4125,CA-2014-127523,5/11/2014,BG-11695,New York,East,OFF-AP-10004249,35.91,3
4126,CA-2017-123239,7/27/2017,MG-18145,Florida,South,FUR-FU-10001602,91.032,3
4127,CA-2017-156769,5/6/2017,GZ-14470,Virginia,South,OFF-AR-10003179,54.66,6
4128,CA-2014-127299,9/19/2014,JL-15835,North Carolina,South,OFF-ST-10003722,67.344,6
4129,CA-2014-127299,9/19/2014,JL-15835,North Carolina,South,TEC-MA-10001127,2624.985,3
4130,CA-2015-121272,3/29/2015,DO-13435,Washington,West,OFF-AP-10001947,73.28,4
4131,CA-2014-115336,11/18/2014,AB-10600,Illinois,Central,OFF-BI-10001107,14.48,5
4132,CA-2015-111703,7/2/2015,KB-16315,Florida,South,OFF-PA-10000349,11.952,3
4133,CA-2015-111703,7/2/2015,KB-16315,Florida,South,OFF-PA-10003349,15.552,3
4134,CA-2014-128839,9/8/2014,TT-21070,Virginia,South,OFF-FA-10002280,45,9
4135,CA-2014-128839,9/8/2014,TT-21070,Virginia,South,TEC-MA-10000029,209.97,3
4136,CA-2017-105914,10/2/2017,PV-18985,California,West,OFF-BI-10002854,112.12,5
4137,CA-2017-105914,10/2/2017,PV-18985,California,West,OFF-ST-10003716,1575.14,7
4138,CA-2017-110926,11/19/2017,DD-13570,Virginia,South,OFF-FA-10000624,25.06,7
4139,CA-2016-117226,12/30/2016,KD-16495,Texas,Central,OFF-BI-10004654,6.924,6
4140,CA-2017-127313,12/1/2017,RA-19285,Pennsylvania,East,OFF-ST-10001228,37.392,3
4141,CA-2017-127313,12/1/2017,RA-19285,Pennsylvania,East,FUR-FU-10003798,79.12,5
4142,CA-2016-136287,6/13/2016,SS-20590,Kansas,Central,OFF-LA-10003148,18.9,3
4143,US-2014-107699,5/19/2014,JH-15820,Michigan,Central,OFF-BI-10001249,57.42,9
4144,CA-2017-112725,1/30/2017,EH-14125,California,West,OFF-AR-10003759,12.74,7
4145,CA-2017-112725,1/30/2017,EH-14125,California,West,OFF-AR-10001227,8.82,3
4146,CA-2017-112725,1/30/2017,EH-14125,California,West,FUR-CH-10000863,120.784,1
4147,CA-2015-136196,11/28/2015,TP-21415,New York,East,FUR-FU-10004017,322.59,3
4148,CA-2017-106068,10/23/2017,RB-19330,Texas,Central,OFF-BI-10000962,9.762,3
4149,CA-2017-106068,10/23/2017,RB-19330,Texas,Central,OFF-ST-10004507,13.72,1
4150,CA-2017-106068,10/23/2017,RB-19330,Texas,Central,TEC-AC-10002942,55.2,1
4151,CA-2017-106068,10/23/2017,RB-19330,Texas,Central,OFF-ST-10002344,259.136,4
4152,CA-2017-100160,9/7/2017,CB-12025,Pennsylvania,East,OFF-LA-10002475,29.24,5
4153,CA-2017-100160,9/7/2017,CB-12025,Pennsylvania,East,OFF-PA-10003072,15.552,3
4154,CA-2017-100160,9/7/2017,CB-12025,Pennsylvania,East,OFF-EN-10001509,4.896,3
4155,CA-2016-139689,12/29/2016,MP-17965,Tennessee,South,OFF-BI-10004781,38.088,4
4156,CA-2016-139689,12/29/2016,MP-17965,Tennessee,South,OFF-BI-10000145,2.808,3
4157,CA-2015-101091,12/5/2015,SW-20245,Pennsylvania,East,TEC-AC-10003280,47.984,2
4158,CA-2015-101091,12/5/2015,SW-20245,Pennsylvania,East,OFF-BI-10001107,26.064,6
4159,CA-2014-126907,11/1/2014,SM-20950,Illinois,Central,OFF-PA-10000533,15.696,3
4160,US-2016-164588,4/16/2016,AP-10915,Georgia,South,OFF-AR-10003056,12.84,3
4161,CA-2017-115546,5/14/2017,AH-10465,New York,East,TEC-PH-10002834,539.97,3
4162,CA-2017-115546,5/14/2017,AH-10465,New York,East,OFF-ST-10002214,22.58,2
4163,CA-2015-163587,3/14/2015,EP-13915,New Hampshire,East,OFF-LA-10004484,16.52,4
4164,CA-2015-163587,3/14/2015,EP-13915,New Hampshire,East,OFF-BI-10003091,671.94,3
4165,US-2017-106131,1/14/2017,TP-21565,Colorado,West,TEC-AC-10003027,169.064,7
4166,US-2017-106131,1/14/2017,TP-21565,Colorado,West,OFF-ST-10003638,168.624,9
4167,CA-2015-160213,3/8/2015,AR-10825,New York,East,OFF-PA-10003848,19.44,3
4168,CA-2014-157924,10/11/2014,HA-14920,California,West,OFF-ST-10002352,31.92,4
4169,CA-2014-157924,10/11/2014,HA-14920,California,West,FUR-CH-10000229,433.568,2
4170,CA-2015-100216,4/13/2015,HJ-14875,Arizona,West,OFF-PA-10000788,31.104,6
4171,CA-2015-100216,4/13/2015,HJ-14875,Arizona,West,OFF-PA-10002968,54.816,3
4172,CA-2017-100601,11/16/2017,JK-15370,California,West,OFF-ST-10002486,48.86,7
4173,CA-2016-152163,7/1/2016,JF-15355,South Carolina,South,OFF-BI-10002215,14.2,2
4174,CA-2016-152163,7/1/2016,JF-15355,South Carolina,South,OFF-PA-10000788,12.96,2
4175,CA-2016-152163,7/1/2016,JF-15355,South Carolina,South,OFF-BI-10003364,58.34,2
4176,CA-2015-154340,11/29/2015,EK-13795,California,West,OFF-AR-10003582,56.3,2
4177,CA-2014-128846,4/7/2014,RS-19765,South Carolina,South,TEC-PH-10003273,629.95,5
4178,CA-2014-128846,4/7/2014,RS-19765,South Carolina,South,OFF-PA-10000100,122.97,3
4179,CA-2016-148593,6/16/2016,BD-11320,California,West,OFF-PA-10001776,46.35,5
4180,US-2017-119039,3/6/2017,BF-11170,California,West,OFF-BI-10004182,14.976,9
4181,CA-2017-128426,10/7/2017,JK-15730,Texas,Central,OFF-BI-10000756,4.24,5
4182,US-2017-136868,10/6/2017,CR-12820,New York,East,TEC-AC-10001539,319.96,4
4183,US-2017-136868,10/6/2017,CR-12820,New York,East,OFF-PA-10002377,17.04,3
4184,US-2017-136868,10/6/2017,CR-12820,New York,East,OFF-ST-10000991,344.91,3
4185,CA-2016-143749,12/5/2016,AG-10300,Massachusetts,East,FUR-BO-10002853,81.94,1
4186,CA-2016-111493,10/21/2016,CM-12160,Maryland,East,TEC-AC-10004510,98.16,6
4187,CA-2017-112536,5/18/2017,SG-20890,Texas,Central,OFF-BI-10003712,6.874,7
4188,CA-2017-112536,5/18/2017,SG-20890,Texas,Central,OFF-BI-10002571,1.996,1
4189,CA-2017-112536,5/18/2017,SG-20890,Texas,Central,OFF-ST-10004835,8.928,2
4190,CA-2016-157714,9/26/2016,CS-12175,Iowa,Central,OFF-PA-10004022,9.99,1
4191,CA-2017-166709,11/17/2017,HL-15040,Delaware,East,TEC-CO-10004722,10499.97,3
4192,CA-2015-129392,7/8/2015,DM-13015,Texas,Central,OFF-PA-10004248,21.12,5
4193,CA-2015-150875,11/16/2015,HK-14890,Idaho,West,FUR-TA-10000577,696.42,2
4194,CA-2015-150875,11/16/2015,HK-14890,Idaho,West,TEC-PH-10001254,304.776,3
4195,CA-2015-154200,6/18/2015,BG-11740,California,West,OFF-AR-10001044,51.98,2
4196,CA-2016-124233,4/8/2016,CK-12595,California,West,FUR-FU-10002597,24.7,5
4197,US-2015-134271,4/18/2015,RF-19735,New York,East,OFF-LA-10004093,21.93,3
4198,US-2016-161683,12/3/2016,CJ-12010,Pennsylvania,East,OFF-AP-10000179,394.816,4
4199,US-2016-161683,12/3/2016,CJ-12010,Pennsylvania,East,OFF-BI-10001072,18.192,4
4200,CA-2015-143105,12/10/2015,MA-17560,New York,East,OFF-LA-10004093,7.31,1
4201,CA-2015-143105,12/10/2015,MA-17560,New York,East,TEC-CO-10002095,799.984,2
4202,CA-2015-143105,12/10/2015,MA-17560,New York,East,OFF-PA-10002713,41.28,6
4203,CA-2015-143105,12/10/2015,MA-17560,New York,East,OFF-PA-10002254,184.66,7
4204,CA-2014-145387,10/31/2014,AM-10705,Rhode Island,East,OFF-AR-10001683,49.25,5
4205,CA-2014-145387,10/31/2014,AM-10705,Rhode Island,East,OFF-PA-10002195,10.16,2
4206,CA-2014-145387,10/31/2014,AM-10705,Rhode Island,East,FUR-FU-10002364,14.76,2
4207,CA-2014-145387,10/31/2014,AM-10705,Rhode Island,East,OFF-BI-10004001,34.08,2
4208,CA-2014-145387,10/31/2014,AM-10705,Rhode Island,East,FUR-FU-10000023,17.67,3
4209,CA-2014-145387,10/31/2014,AM-10705,Rhode Island,East,FUR-CH-10002320,1604.9,5
4210,CA-2014-145387,10/31/2014,AM-10705,Rhode Island,East,FUR-TA-10003238,385.686,1
4211,CA-2017-109715,12/9/2017,AH-10585,Illinois,Central,OFF-PA-10004965,15.984,2
4212,CA-2014-166457,5/5/2014,PF-19120,Kentucky,South,OFF-PA-10003016,9.42,3
4213,CA-2014-166457,5/5/2014,PF-19120,Kentucky,South,OFF-AR-10003651,6.56,2
4214,CA-2014-166457,5/5/2014,PF-19120,Kentucky,South,OFF-PA-10001363,24.56,2
4215,CA-2016-164637,3/4/2016,RD-19480,Indiana,Central,OFF-BI-10003876,128.4,3
4216,CA-2014-103590,11/30/2014,JL-15505,New York,East,OFF-EN-10004007,62.28,4
4217,CA-2015-111234,2/18/2015,AB-10600,California,West,OFF-LA-10002271,9.24,3
4218,CA-2017-149881,4/1/2017,NC-18535,California,West,FUR-BO-10003894,482.664,8
4219,CA-2017-149881,4/1/2017,NC-18535,California,West,TEC-MA-10000418,4799.984,2
4220,CA-2017-134565,6/11/2017,TB-21400,Washington,West,OFF-PA-10004243,37.94,2
4221,CA-2017-134565,6/11/2017,TB-21400,Washington,West,OFF-BI-10001759,18.288,6
4222,CA-2017-134565,6/11/2017,TB-21400,Washington,West,TEC-MA-10001570,385.8,5
4223,CA-2017-134565,6/11/2017,TB-21400,Washington,West,OFF-ST-10004804,102.96,2
4224,CA-2017-134565,6/11/2017,TB-21400,Washington,West,FUR-BO-10001519,174.42,3
4225,CA-2016-108644,9/30/2016,SJ-20215,Illinois,Central,OFF-BI-10000343,1.964,2
4226,US-2014-102631,12/13/2014,EB-13840,Illinois,Central,FUR-FU-10003930,94.428,3
4227,CA-2017-120327,11/11/2017,WB-21850,Iowa,Central,OFF-FA-10004854,45.92,4
4228,CA-2015-154970,1/5/2015,SR-20740,Washington,West,FUR-CH-10003396,61.584,1
4229,CA-2016-113803,3/24/2016,VG-21805,Indiana,Central,OFF-PA-10001994,22.48,1
4230,CA-2017-100223,7/5/2017,LS-16945,Texas,Central,FUR-FU-10003601,332.028,9
4231,CA-2017-100223,7/5/2017,LS-16945,Texas,Central,OFF-BI-10003429,11.394,9
4232,CA-2017-100223,7/5/2017,LS-16945,Texas,Central,OFF-PA-10000232,15.552,3
4233,CA-2017-100223,7/5/2017,LS-16945,Texas,Central,OFF-PA-10002195,31.104,6
4234,CA-2017-100223,7/5/2017,LS-16945,Texas,Central,OFF-BI-10004492,6.316,1
4235,CA-2014-168823,9/21/2014,MA-17560,Pennsylvania,East,OFF-PA-10004000,11.352,3
4236,CA-2014-168823,9/21/2014,MA-17560,Pennsylvania,East,OFF-LA-10004425,20.808,9
4237,CA-2016-162404,7/23/2016,NF-18475,Illinois,Central,OFF-BI-10000948,11.416,4
4238,CA-2017-104024,8/29/2017,MD-17860,Pennsylvania,East,OFF-AR-10001972,9.408,7
4239,CA-2017-147144,3/26/2017,MZ-17335,Washington,West,OFF-AR-10004587,19.83,1
4240,CA-2017-158673,12/29/2017,KB-16600,Michigan,Central,OFF-PA-10000994,209.7,2
4241,CA-2014-133704,9/20/2014,MA-17995,California,West,OFF-AP-10001366,43.92,4
4242,CA-2014-133704,9/20/2014,MA-17995,California,West,OFF-BI-10001636,20.232,3
4243,CA-2016-159142,4/4/2016,ME-17320,Virginia,South,TEC-PH-10001448,149.97,3
4244,CA-2016-159142,4/4/2016,ME-17320,Virginia,South,OFF-PA-10001776,27.81,3
4245,CA-2014-138436,3/26/2014,JD-15895,California,West,TEC-AC-10002323,66.3,3
4246,CA-2017-117702,11/28/2017,LS-16975,Maryland,East,OFF-AR-10004582,1.64,1
4247,CA-2017-117702,11/28/2017,LS-16975,Maryland,East,FUR-FU-10000576,1049.2,5
4248,CA-2017-117702,11/28/2017,LS-16975,Maryland,East,FUR-FU-10004270,20.9,5
4249,CA-2016-157336,12/1/2016,SJ-20500,Connecticut,East,OFF-BI-10004236,88.08,6
4250,CA-2016-157336,12/1/2016,SJ-20500,Connecticut,East,FUR-CH-10004997,751.92,4
4251,CA-2014-168130,9/19/2014,BS-11365,New York,East,FUR-CH-10000988,887.103,7
4252,CA-2015-155068,10/23/2015,RA-19285,Florida,South,TEC-PH-10004897,55.944,7
4253,CA-2015-155068,10/23/2015,RA-19285,Florida,South,OFF-AR-10002656,10.688,2
4254,CA-2015-155068,10/23/2015,RA-19285,Florida,South,TEC-PH-10004924,11.824,2
4255,CA-2017-163160,10/13/2017,TS-21610,Illinois,Central,OFF-PA-10003127,63.312,3
4256,CA-2017-163160,10/13/2017,TS-21610,Illinois,Central,OFF-BI-10000778,96.784,4
4257,CA-2017-163160,10/13/2017,TS-21610,Illinois,Central,FUR-FU-10001424,10.476,3
4258,CA-2015-101924,9/4/2015,KB-16585,Oregon,West,OFF-BI-10000962,9.762,2
4259,CA-2016-124793,3/14/2016,MM-18280,Washington,West,FUR-CH-10002880,196.784,2
4260,CA-2017-118367,10/28/2017,LO-17170,New York,East,OFF-EN-10004386,47.98,2
4261,CA-2017-164819,10/15/2017,RS-19420,Connecticut,East,OFF-LA-10001045,13.05,5
4262,CA-2017-158344,8/7/2017,CC-12475,Minnesota,Central,TEC-AC-10002006,63.96,4
4263,CA-2017-123351,9/21/2017,KT-16480,Georgia,South,OFF-AP-10001242,80.48,1
4264,CA-2017-110429,11/3/2017,DM-13015,Pennsylvania,East,OFF-BI-10000216,11.673,3
4265,US-2016-131611,11/5/2016,EP-13915,Texas,Central,FUR-TA-10002774,863.128,8
4266,US-2016-131611,11/5/2016,EP-13915,Texas,Central,OFF-BI-10004364,3.564,3
4267,US-2016-131611,11/5/2016,EP-13915,Texas,Central,FUR-BO-10000780,956.6648,7
4268,US-2016-131611,11/5/2016,EP-13915,Texas,Central,OFF-BI-10001989,12.588,3
4269,US-2016-131611,11/5/2016,EP-13915,Texas,Central,TEC-AC-10004001,171.96,5
4270,US-2017-124821,6/25/2017,AM-10705,Washington,West,FUR-TA-10000688,871.4,4
4271,CA-2015-166975,11/26/2015,SH-20635,Tennessee,South,FUR-FU-10003930,692.472,11
4272,CA-2016-123806,11/24/2016,LA-16780,Maryland,East,FUR-FU-10000965,207.76,4
4273,US-2017-158505,7/21/2017,SF-20200,Utah,West,TEC-PH-10004071,71.928,9
4274,US-2017-158505,7/21/2017,SF-20200,Utah,West,OFF-AR-10001044,25.99,1
4275,CA-2015-142692,10/23/2015,AG-10495,Washington,West,OFF-BI-10004140,3.592,1
4276,CA-2015-123456,7/9/2015,KN-16450,Texas,Central,OFF-AP-10002684,48.632,2
4277,CA-2017-151358,8/18/2017,NF-18595,Washington,West,OFF-ST-10000046,323.1,2
4278,US-2016-107440,4/16/2016,BS-11365,New Jersey,East,TEC-MA-10001047,9099.93,7
4279,US-2016-107440,4/16/2016,BS-11365,New Jersey,East,FUR-FU-10000550,9.96,2
4280,US-2016-107440,4/16/2016,BS-11365,New Jersey,East,OFF-BI-10002432,25.3,5
4281,CA-2014-166989,11/14/2014,RM-19675,New York,East,OFF-PA-10004470,11.36,2
4282,CA-2014-166989,11/14/2014,RM-19675,New York,East,FUR-CH-10001797,69.264,2
4283,CA-2014-103100,12/20/2014,AB-10105,Indiana,Central,OFF-LA-10003720,3.69,1
4284,CA-2014-103100,12/20/2014,AB-10105,Indiana,Central,OFF-BI-10004600,1103.97,3
4285,CA-2015-105690,11/21/2015,CA-11965,Texas,Central,FUR-BO-10003965,246.1328,2
4286,CA-2015-105690,11/21/2015,CA-11965,Texas,Central,OFF-LA-10000240,11.696,2
4287,CA-2015-105690,11/21/2015,CA-11965,Texas,Central,TEC-CO-10001571,439.992,1
4288,CA-2017-127516,12/28/2017,EH-14005,Tennessee,South,OFF-ST-10000736,64.784,1
4289,US-2015-117184,5/17/2015,ON-18715,Texas,Central,OFF-BI-10002082,33.28,5
4290,US-2015-117184,5/17/2015,ON-18715,Texas,Central,OFF-PA-10002250,14.088,3
4291,CA-2017-102407,12/9/2017,AT-10435,California,West,OFF-AR-10000122,11.16,2
4292,CA-2017-102407,12/9/2017,AT-10435,California,West,FUR-TA-10003748,896.328,9
4293,CA-2017-102407,12/9/2017,AT-10435,California,West,OFF-AP-10001394,189,1
4294,CA-2017-130967,3/10/2017,EB-13870,Pennsylvania,East,TEC-PH-10004896,53.982,3
4295,CA-2017-101581,10/22/2017,DW-13195,Oregon,West,FUR-TA-10002607,177.225,5
4296,CA-2017-169124,7/3/2017,MB-17305,California,West,FUR-FU-10001215,129.39,3
4297,CA-2017-117261,9/4/2017,TH-21235,California,West,OFF-ST-10000419,54.32,4
4298,CA-2017-129021,8/23/2017,PO-18850,Florida,South,TEC-PH-10001459,4367.896,13
4299,CA-2017-129021,8/23/2017,PO-18850,Florida,South,OFF-PA-10000241,49.568,2
4300,CA-2017-129021,8/23/2017,PO-18850,Florida,South,OFF-AP-10003040,161.376,6
4301,CA-2017-129021,8/23/2017,PO-18850,Florida,South,FUR-FU-10001852,2.784,2
4302,CA-2017-129021,8/23/2017,PO-18850,Florida,South,OFF-PA-10000141,8.72,5
4303,CA-2014-123253,8/22/2014,DE-13255,Ohio,East,OFF-AR-10002804,3.912,1
4304,CA-2016-121601,10/4/2016,MO-17500,Texas,Central,OFF-EN-10003862,59.752,7
4305,CA-2014-162278,10/26/2014,AH-10585,Washington,West,FUR-FU-10000448,63.92,4
4306,CA-2014-162278,10/26/2014,AH-10585,Washington,West,TEC-PH-10000526,383.96,5
4307,CA-2016-161095,6/28/2016,CS-12250,California,West,OFF-BI-10002764,7.752,3
4308,CA-2016-161095,6/28/2016,CS-12250,California,West,OFF-BI-10001524,33.568,2
4309,CA-2014-125829,11/4/2014,WB-21850,California,West,TEC-PH-10001079,666.344,7
4310,CA-2014-125829,11/4/2014,WB-21850,California,West,FUR-TA-10002041,573.728,4
4311,CA-2014-125829,11/4/2014,WB-21850,California,West,OFF-BI-10001036,21.936,3
4312,CA-2014-125829,11/4/2014,WB-21850,California,West,OFF-PA-10000223,19.44,3
4313,CA-2014-125829,11/4/2014,WB-21850,California,West,TEC-MA-10003246,447.968,4
4314,CA-2014-123127,9/8/2014,SP-20620,New York,East,OFF-AP-10001962,16.78,2
4315,CA-2015-115945,6/25/2015,AB-10165,California,West,OFF-AR-10004062,20.96,2
4316,CA-2015-115945,6/25/2015,AB-10165,California,West,OFF-BI-10004330,88.752,3
4317,CA-2015-115945,6/25/2015,AB-10165,California,West,OFF-ST-10001963,304.23,3
4318,CA-2015-136735,7/26/2015,HA-14920,California,West,OFF-EN-10002230,167.86,2
4319,US-2017-136189,12/7/2017,DC-13285,Virginia,South,FUR-FU-10000175,82.38,6
4320,CA-2014-152345,12/29/2014,ST-20530,New Mexico,West,TEC-PH-10004897,23.976,3
4321,CA-2014-152345,12/29/2014,ST-20530,New Mexico,West,OFF-ST-10003123,33.29,1
4322,US-2015-147662,2/14/2015,KB-16315,Ohio,East,OFF-BI-10001658,14.952,2
4323,US-2015-147662,2/14/2015,KB-16315,Ohio,East,TEC-PH-10002834,323.982,3
4324,US-2015-147662,2/14/2015,KB-16315,Ohio,East,OFF-BI-10002160,2.286,2
4325,US-2015-147662,2/14/2015,KB-16315,Ohio,East,OFF-AR-10004999,14.352,3
4326,US-2015-147662,2/14/2015,KB-16315,Ohio,East,TEC-AC-10003280,71.976,3
4327,CA-2016-153346,1/25/2016,TB-21355,New Jersey,East,OFF-AR-10000315,9.21,3
4328,CA-2016-153346,1/25/2016,TB-21355,New Jersey,East,OFF-PA-10000007,18,5
4329,CA-2017-118360,4/1/2017,JC-15775,New York,East,OFF-PA-10000791,42.93,9
4330,CA-2017-149853,10/3/2017,PO-18850,Florida,South,OFF-PA-10000556,15.552,3
4331,CA-2017-149853,10/3/2017,PO-18850,Florida,South,OFF-AP-10000804,17.92,5
4332,CA-2017-107909,9/1/2017,SS-20875,Washington,West,TEC-AC-10001998,19.99,1
4333,CA-2017-107909,9/1/2017,SS-20875,Washington,West,OFF-BI-10003476,22.92,5
4334,CA-2015-112375,12/21/2015,RD-19720,Florida,South,TEC-AC-10003237,50.88,6
4335,CA-2015-112375,12/21/2015,RD-19720,Florida,South,OFF-EN-10003798,27.312,2
4336,CA-2015-154795,12/20/2015,GZ-14470,Arizona,West,OFF-EN-10003068,7.92,1
4337,CA-2015-154795,12/20/2015,GZ-14470,Arizona,West,FUR-FU-10002088,14.368,2
4338,CA-2015-125234,11/27/2015,SN-20710,California,West,TEC-AC-10000158,107.97,3
4339,CA-2015-125234,11/27/2015,SN-20710,California,West,OFF-PA-10000482,113.82,3
4340,CA-2017-133501,8/27/2017,DK-12895,Tennessee,South,OFF-PA-10004888,5.184,1
4341,US-2014-129609,3/22/2014,VM-21835,Indiana,Central,OFF-AR-10003478,16.28,2
4342,CA-2017-130309,12/17/2017,GB-14575,Virginia,South,OFF-ST-10003208,544.38,3
4343,CA-2017-105410,3/19/2017,ND-18370,California,West,OFF-BI-10004970,19.824,6
4344,CA-2017-105410,3/19/2017,ND-18370,California,West,TEC-PH-10000038,657.504,6
4345,CA-2017-105410,3/19/2017,ND-18370,California,West,TEC-AC-10001552,99.54,2
4346,CA-2017-105410,3/19/2017,ND-18370,California,West,TEC-AC-10002926,199.96,4
4347,CA-2016-120355,9/18/2016,MM-17260,New York,East,FUR-CH-10001394,631.782,2
4348,CA-2016-120355,9/18/2016,MM-17260,New York,East,FUR-FU-10004053,60.72,3
4349,CA-2017-169894,11/24/2017,MV-17485,Arizona,West,OFF-BI-10004230,20.724,2
4350,CA-2017-169894,11/24/2017,MV-17485,Arizona,West,OFF-ST-10000060,415.872,8
4351,US-2017-100482,4/11/2017,JL-15130,Ohio,East,OFF-ST-10001325,16.768,2
4352,US-2017-100482,4/11/2017,JL-15130,Ohio,East,TEC-AC-10003441,27.12,2
4353,CA-2017-107748,12/10/2017,AG-10330,California,West,TEC-PH-10003215,95.84,4
4354,CA-2017-107748,12/10/2017,AG-10330,California,West,OFF-PA-10002005,12.96,2
4355,CA-2017-153654,11/24/2017,MD-17860,North Carolina,South,OFF-BI-10004465,19.008,8
4356,CA-2015-155600,12/4/2015,RO-19780,Tennessee,South,OFF-BI-10000545,1598.058,7
4357,CA-2015-155600,12/4/2015,RO-19780,Tennessee,South,OFF-AR-10003752,36.96,4
4358,CA-2017-162565,12/11/2017,RR-19315,Illinois,Central,OFF-PA-10001937,10.368,2
4359,CA-2017-162565,12/11/2017,RR-19315,Illinois,Central,FUR-FU-10004306,77.72,1
4360,CA-2017-162565,12/11/2017,RR-19315,Illinois,Central,FUR-CH-10003973,520.464,2
4361,CA-2016-127642,5/21/2016,CP-12340,Rhode Island,East,OFF-PA-10000565,111.96,2
4362,US-2017-163195,2/17/2017,LL-16840,Louisiana,South,TEC-PH-10003875,29.16,3
4363,CA-2017-111332,5/20/2017,NC-18340,North Dakota,Central,OFF-AR-10001953,131.94,3
4364,CA-2017-111332,5/20/2017,NC-18340,North Dakota,Central,OFF-AR-10001374,25.92,4
4365,CA-2017-111332,5/20/2017,NC-18340,North Dakota,Central,OFF-ST-10003816,704.76,4
4366,CA-2017-111332,5/20/2017,NC-18340,North Dakota,Central,OFF-FA-10001843,7.41,3
4367,CA-2017-111332,5/20/2017,NC-18340,North Dakota,Central,OFF-AR-10000657,21.5,10
4368,CA-2017-117044,9/11/2017,HA-14920,Illinois,Central,OFF-FA-10000936,10.528,4
4369,CA-2017-117044,9/11/2017,HA-14920,Illinois,Central,OFF-PA-10003657,20.544,6
4370,US-2016-165078,11/5/2016,MA-17995,Indiana,Central,OFF-BI-10001989,104.9,5
4371,US-2016-165078,11/5/2016,MA-17995,Indiana,Central,OFF-AR-10002987,39.68,2
4372,US-2016-165078,11/5/2016,MA-17995,Indiana,Central,OFF-LA-10000414,51.75,5
4373,US-2017-169320,7/23/2017,LH-16900,Indiana,Central,OFF-AR-10003602,11.68,2
4374,US-2017-169320,7/23/2017,LH-16900,Indiana,Central,TEC-AC-10002550,159.75,5
4375,CA-2016-158575,11/18/2016,SB-20290,Ohio,East,OFF-AP-10002998,103.968,6
4376,CA-2014-166954,4/25/2014,BT-11305,California,West,FUR-FU-10003708,303.25,5
4377,CA-2014-166954,4/25/2014,BT-11305,California,West,OFF-AP-10001391,270.72,3
4378,CA-2014-166954,4/25/2014,BT-11305,California,West,FUR-CH-10003973,1487.04,5
4379,CA-2015-140830,11/30/2015,PS-18970,Kentucky,South,OFF-EN-10000461,17.48,2
4380,CA-2015-140830,11/30/2015,PS-18970,Kentucky,South,OFF-EN-10002831,71.88,2
4381,CA-2015-152891,10/25/2015,TB-21625,California,West,OFF-AR-10004648,60.45,3
4382,CA-2015-152891,10/25/2015,TB-21625,California,West,FUR-TA-10001857,253.176,3
4383,US-2015-122784,7/20/2015,RA-19915,Illinois,Central,OFF-BI-10000546,2.88,5
4384,US-2015-122784,7/20/2015,RA-19915,Illinois,Central,FUR-BO-10004690,384.944,4
4385,US-2015-122784,7/20/2015,RA-19915,Illinois,Central,TEC-PH-10001557,153.584,2
4386,US-2015-122784,7/20/2015,RA-19915,Illinois,Central,FUR-BO-10002545,913.43,5
4387,CA-2016-156811,10/27/2016,BP-11095,California,West,OFF-AP-10001366,43.92,4
4388,CA-2016-156811,10/27/2016,BP-11095,California,West,OFF-BI-10001628,25.032,3
4389,CA-2017-111556,11/20/2017,CD-11920,New York,East,OFF-PA-10003651,46.76,7
4390,CA-2017-111556,11/20/2017,CD-11920,New York,East,FUR-BO-10003159,183.968,2
4391,CA-2017-111556,11/20/2017,CD-11920,New York,East,TEC-PH-10001459,1259.97,3
4392,CA-2017-111556,11/20/2017,CD-11920,New York,East,OFF-AR-10004602,68.97,3
4393,CA-2016-108868,9/8/2016,KB-16585,Texas,Central,OFF-AR-10001953,70.368,2
4394,CA-2016-108868,9/8/2016,KB-16585,Texas,Central,TEC-PH-10000923,59.96,5
4395,CA-2014-142965,7/20/2014,SW-20245,Ohio,East,OFF-ST-10002583,25.984,1
4396,CA-2014-142965,7/20/2014,SW-20245,Ohio,East,OFF-BI-10000977,27.36,3
4397,CA-2016-148740,11/15/2016,AH-10690,California,West,TEC-PH-10002549,361.376,2
4398,US-2014-138758,7/7/2014,JL-15835,Pennsylvania,East,FUR-CH-10002880,172.186,2
4399,US-2014-138758,7/7/2014,JL-15835,Pennsylvania,East,FUR-FU-10003039,69.008,2
4400,CA-2016-131737,3/17/2016,GZ-14470,Maryland,East,OFF-EN-10003055,199.9,5
4401,CA-2016-131737,3/17/2016,GZ-14470,Maryland,East,OFF-AP-10002945,901.95,3
4402,CA-2016-131737,3/17/2016,GZ-14470,Maryland,East,FUR-FU-10004306,971.5,5
4403,CA-2016-114538,12/26/2016,RC-19825,Colorado,West,OFF-AR-10002445,11.328,2
4404,CA-2014-127936,9/2/2014,CL-12565,New York,East,OFF-AR-10002445,21.24,3
4405,CA-2015-164336,7/5/2015,MW-18220,Pennsylvania,East,TEC-AC-10002345,34.8,3
4406,CA-2015-164336,7/5/2015,MW-18220,Pennsylvania,East,OFF-ST-10001558,38.976,3
4407,CA-2016-100041,11/20/2016,BF-10975,Indiana,Central,OFF-PA-10001622,9.08,2
4408,CA-2016-100041,11/20/2016,BF-10975,Indiana,Central,OFF-PA-10000418,314.55,3
4409,CA-2016-100041,11/20/2016,BF-10975,Indiana,Central,OFF-BI-10000343,4.91,1
4410,US-2014-154879,5/6/2014,SN-20710,California,West,OFF-LA-10004425,5.78,2
4411,US-2014-154879,5/6/2014,SN-20710,California,West,OFF-AR-10001897,107.94,6
4412,CA-2014-130624,6/21/2014,TB-21280,New York,East,OFF-PA-10003883,19.65,3
4413,CA-2014-130624,6/21/2014,TB-21280,New York,East,TEC-PH-10003963,617.97,3
4414,CA-2014-130624,6/21/2014,TB-21280,New York,East,OFF-AP-10001303,59.7,3
4415,CA-2017-132339,8/19/2017,JB-15400,Massachusetts,East,OFF-BI-10003925,387.99,1
4416,CA-2014-153983,11/29/2014,AH-10210,California,West,TEC-PH-10004586,575.92,2
4417,CA-2014-153983,11/29/2014,AH-10210,California,West,OFF-FA-10003495,30.4,5
4418,CA-2017-112900,4/9/2017,KL-16645,Michigan,Central,OFF-BI-10002867,478.24,8
4419,CA-2014-160157,12/20/2014,MH-17455,Ohio,East,FUR-FU-10003773,190.848,3
4420,CA-2014-139633,12/17/2014,EC-14050,Ohio,East,OFF-BI-10002954,5.484,4
4421,CA-2015-163090,11/17/2015,GH-14665,Illinois,Central,OFF-SU-10002537,40.92,5
4422,CA-2014-117016,3/4/2014,SC-20095,Florida,South,OFF-AR-10001374,15.552,3
4423,CA-2017-159464,5/18/2017,TB-21355,Georgia,South,OFF-AP-10001492,17.24,2
4424,CA-2017-159464,5/18/2017,TB-21355,Georgia,South,FUR-BO-10003546,302.94,3
4425,CA-2017-159464,5/18/2017,TB-21355,Georgia,South,TEC-PH-10002185,34.75,5
4426,CA-2017-159464,5/18/2017,TB-21355,Georgia,South,OFF-BI-10000315,113.94,6
4427,CA-2017-159464,5/18/2017,TB-21355,Georgia,South,TEC-PH-10002350,55.98,2
4428,US-2017-103226,9/22/2017,DW-13195,New Mexico,West,OFF-PA-10002666,27.18,3
4429,CA-2017-119452,3/21/2017,CL-12565,Oklahoma,Central,FUR-CH-10004495,1805.88,6
4430,CA-2017-147725,9/14/2017,LT-17110,New Jersey,East,OFF-AR-10001725,70.95,3
4431,CA-2016-168893,11/3/2016,AP-10915,Kentucky,South,OFF-FA-10002280,20,4
4432,CA-2016-168893,11/3/2016,AP-10915,Kentucky,South,OFF-AR-10001770,7.98,3
4433,CA-2016-168893,11/3/2016,AP-10915,Kentucky,South,FUR-FU-10002885,24.1,5
4434,CA-2016-168893,11/3/2016,AP-10915,Kentucky,South,OFF-AR-10003772,8.75,1
4435,CA-2016-168893,11/3/2016,AP-10915,Kentucky,South,FUR-TA-10003392,842.94,3
4436,CA-2016-163398,5/3/2016,CB-12415,Illinois,Central,OFF-BI-10000014,2.182,1
4437,CA-2016-163398,5/3/2016,CB-12415,Illinois,Central,OFF-AR-10003217,27.384,7
4438,CA-2016-163398,5/3/2016,CB-12415,Illinois,Central,OFF-AP-10002403,26.406,3
4439,CA-2016-162726,12/27/2016,MT-17815,Texas,Central,OFF-PA-10001972,10.368,2
4440,CA-2016-162726,12/27/2016,MT-17815,Texas,Central,OFF-PA-10004041,23.68,4
4441,US-2016-111290,7/22/2016,DK-13375,Michigan,Central,TEC-AC-10004975,109.95,1
4442,US-2016-111290,7/22/2016,DK-13375,Michigan,Central,OFF-ST-10001932,965.85,5
4443,US-2016-111290,7/22/2016,DK-13375,Michigan,Central,OFF-AR-10001761,29.2,5
4444,US-2016-111290,7/22/2016,DK-13375,Michigan,Central,OFF-PA-10002262,32.4,5
4445,US-2014-147704,11/16/2014,SR-20740,Indiana,Central,OFF-EN-10004483,78.35,5
4446,US-2014-147704,11/16/2014,SR-20740,Indiana,Central,OFF-PA-10003270,31.68,6
4447,US-2014-147704,11/16/2014,SR-20740,Indiana,Central,OFF-BI-10001634,29.12,4
4448,US-2014-147704,11/16/2014,SR-20740,Indiana,Central,OFF-ST-10000675,169.45,5
4449,CA-2015-121965,6/19/2015,LH-17155,California,West,FUR-FU-10000732,12.56,2
4450,CA-2015-121965,6/19/2015,LH-17155,California,West,OFF-PA-10004355,6.48,1
4451,CA-2015-121965,6/19/2015,LH-17155,California,West,OFF-EN-10000056,186.69,3
4452,CA-2016-147137,7/4/2016,AA-10645,California,West,FUR-FU-10000221,25.4,5
4453,CA-2016-147137,7/4/2016,AA-10645,California,West,OFF-EN-10003567,43.96,2
4454,CA-2016-147137,7/4/2016,AA-10645,California,West,FUR-BO-10001811,1279.165,5
4455,CA-2016-147137,7/4/2016,AA-10645,California,West,OFF-ST-10002486,27.92,4
4456,US-2015-146745,9/3/2015,AS-10630,California,West,FUR-CH-10002372,129.568,2
4457,US-2015-146745,9/3/2015,AS-10630,California,West,OFF-BI-10003274,6.368,2
4458,CA-2017-115175,8/7/2017,MC-17575,California,West,OFF-PA-10001878,244.55,5
4459,CA-2017-105851,3/13/2017,SE-20110,Colorado,West,OFF-SU-10002881,1332.496,2
4460,US-2017-125717,9/28/2017,DS-13030,Colorado,West,FUR-FU-10001979,32.776,1
4461,US-2017-125717,9/28/2017,DS-13030,Colorado,West,OFF-ST-10001522,147.184,2
4462,US-2017-125717,9/28/2017,DS-13030,Colorado,West,TEC-AC-10003657,54.384,2
4463,US-2017-125717,9/28/2017,DS-13030,Colorado,West,OFF-BI-10001718,76.776,4
4464,US-2017-125717,9/28/2017,DS-13030,Colorado,West,OFF-PA-10003022,14.352,3
4465,US-2017-125717,9/28/2017,DS-13030,Colorado,West,OFF-AP-10000891,209.792,2
4466,CA-2015-163895,8/7/2015,NS-18640,Idaho,West,OFF-BI-10004970,3.304,1
4467,CA-2017-168641,11/24/2017,KA-16525,New York,East,OFF-AR-10003759,16.38,9
4468,CA-2017-168641,11/24/2017,KA-16525,New York,East,OFF-EN-10003001,167.96,2
4469,CA-2017-168641,11/24/2017,KA-16525,New York,East,FUR-BO-10000780,321.568,2
4470,CA-2017-168641,11/24/2017,KA-16525,New York,East,OFF-PA-10001972,12.96,2
4471,CA-2017-156895,5/8/2017,DJ-13510,Pennsylvania,East,FUR-CH-10003535,128.058,3
4472,CA-2017-121300,9/29/2017,MG-17680,Ohio,East,FUR-CH-10003774,63.686,1
4473,CA-2017-121300,9/29/2017,MG-17680,Ohio,East,TEC-AC-10004571,239.976,3
4474,CA-2017-121300,9/29/2017,MG-17680,Ohio,East,FUR-TA-10004442,344.22,2
4475,CA-2017-121300,9/29/2017,MG-17680,Ohio,East,OFF-PA-10002787,15.552,3
4476,CA-2017-121300,9/29/2017,MG-17680,Ohio,East,FUR-FU-10004586,21.248,4
4477,CA-2017-121300,9/29/2017,MG-17680,Ohio,East,OFF-PA-10002606,8.448,2
4478,CA-2017-130211,10/22/2017,BD-11620,Oklahoma,Central,OFF-ST-10000129,333.09,3
4479,CA-2017-130211,10/22/2017,BD-11620,Oklahoma,Central,FUR-TA-10003748,248.98,2
4480,CA-2014-147235,3/24/2014,CD-11920,New York,East,OFF-PA-10004948,24.9,5
4481,CA-2016-109365,11/3/2016,XP-21865,California,West,OFF-FA-10001561,15.26,7
4482,CA-2016-109365,11/3/2016,XP-21865,California,West,OFF-AP-10002998,43.32,2
4483,CA-2016-109365,11/3/2016,XP-21865,California,West,OFF-BI-10003981,43.584,12
4484,CA-2016-109365,11/3/2016,XP-21865,California,West,OFF-PA-10001725,116.28,3
4485,CA-2016-109365,11/3/2016,XP-21865,California,West,OFF-BI-10002071,9.296,2
4486,CA-2016-109365,11/3/2016,XP-21865,California,West,OFF-PA-10000477,19.44,3
4487,CA-2016-109365,11/3/2016,XP-21865,California,West,OFF-PA-10004359,314.55,3
4488,CA-2015-162621,9/5/2015,CA-12055,Texas,Central,OFF-BI-10000962,16.27,5
4489,CA-2015-162621,9/5/2015,CA-12055,Texas,Central,OFF-SU-10003567,69.12,9
4490,CA-2015-162621,9/5/2015,CA-12055,Texas,Central,OFF-BI-10003708,4.47,3
4491,CA-2017-105921,8/14/2017,JM-15250,California,West,FUR-TA-10001095,418.296,3
4492,CA-2014-150798,12/1/2014,JK-15730,Ohio,East,TEC-CO-10001571,659.988,2
4493,CA-2014-150798,12/1/2014,JK-15730,Ohio,East,FUR-FU-10000221,8.128,2
4494,CA-2014-150798,12/1/2014,JK-15730,Ohio,East,OFF-PA-10001972,36.288,7
4495,CA-2014-150798,12/1/2014,JK-15730,Ohio,East,FUR-CH-10000015,909.72,6
4496,CA-2017-112753,6/18/2017,CC-12670,California,West,FUR-BO-10004015,917.9235,9
4497,CA-2017-112753,6/18/2017,CC-12670,California,West,OFF-PA-10002036,38.88,6
4498,CA-2017-155075,12/2/2017,GW-14605,Pennsylvania,East,OFF-BI-10003650,631.176,4
4499,CA-2014-103401,11/21/2014,GR-14560,California,West,OFF-PA-10003309,12.96,2
4500,CA-2016-124814,4/10/2016,FM-14215,California,West,OFF-PA-10002787,12.96,2
4501,CA-2016-124814,4/10/2016,FM-14215,California,West,OFF-BI-10000174,23.2,5
4502,CA-2014-116757,6/30/2014,MS-17980,Texas,Central,OFF-PA-10002005,25.92,5
4503,CA-2014-116757,6/30/2014,MS-17980,Texas,Central,OFF-FA-10002815,21.312,6
4504,US-2014-138247,12/24/2014,BF-11170,California,West,TEC-PH-10000213,173.656,7
4505,US-2014-138247,12/24/2014,BF-11170,California,West,OFF-AP-10000828,361.96,2
4506,US-2014-138247,12/24/2014,BF-11170,California,West,TEC-AC-10004708,62.85,3
4507,US-2014-138247,12/24/2014,BF-11170,California,West,TEC-PH-10001530,818.376,3
4508,US-2014-138247,12/24/2014,BF-11170,California,West,OFF-ST-10002301,20.34,1
4509,US-2014-138247,12/24/2014,BF-11170,California,West,FUR-FU-10002554,23.99,1
4510,CA-2017-167003,5/23/2017,VS-21820,California,West,FUR-TA-10001520,171.288,3
4511,CA-2016-119935,11/10/2016,KM-16225,Missouri,Central,FUR-FU-10001085,37.3,2
4512,CA-2016-119935,11/10/2016,KM-16225,Missouri,Central,OFF-BI-10001597,81.96,2
4513,CA-2016-118969,10/2/2016,LP-17095,Arizona,West,OFF-BI-10002429,54.792,6
4514,CA-2016-145240,9/6/2016,BG-11740,Texas,Central,OFF-ST-10001590,10.784,1
4515,CA-2016-120873,10/27/2016,BW-11200,Virginia,South,FUR-CH-10000847,290.98,1
4516,US-2017-111920,10/22/2017,PS-18970,Oklahoma,Central,OFF-AR-10003179,36.44,4
4517,US-2016-128678,9/15/2016,RB-19570,Washington,West,OFF-PA-10000807,21.4,5
4518,US-2016-128678,9/15/2016,RB-19570,Washington,West,OFF-BI-10002103,48.664,7
4519,CA-2016-101385,9/25/2016,JW-16075,California,West,OFF-AR-10004441,16.56,4
4520,CA-2017-107167,6/10/2017,ND-18460,Florida,South,OFF-ST-10003805,1347.52,8
4521,CA-2014-109491,2/20/2014,LC-16930,Indiana,Central,TEC-AC-10001284,62.31,3
4522,CA-2014-109491,2/20/2014,LC-16930,Indiana,Central,FUR-FU-10000221,20.32,4
4523,CA-2017-105445,2/20/2017,BP-11095,Colorado,West,OFF-FA-10001229,9.432,3
4524,CA-2014-107454,11/2/2014,RD-19720,New York,East,OFF-LA-10001569,34.86,7
4525,CA-2014-107454,11/2/2014,RD-19720,New York,East,FUR-FU-10004018,89.34,6
4526,US-2017-105046,7/17/2017,BE-11335,New York,East,TEC-PH-10004536,269.98,2
4527,US-2017-105046,7/17/2017,BE-11335,New York,East,OFF-PA-10004353,99.9,5
4528,US-2017-105046,7/17/2017,BE-11335,New York,East,FUR-FU-10004848,39.08,4
4529,CA-2017-152856,9/8/2017,RS-19765,Ohio,East,TEC-AC-10004864,116.832,4
4530,CA-2016-134691,11/14/2016,KC-16540,Texas,Central,OFF-BI-10002393,2.296,2
4531,CA-2016-118759,11/14/2016,MB-17305,New York,East,FUR-CH-10002335,408.006,2
4532,CA-2016-118759,11/14/2016,MB-17305,New York,East,OFF-ST-10001590,40.44,3
4533,CA-2014-140403,10/10/2014,TN-21040,California,West,FUR-CH-10002774,122.352,3
4534,CA-2014-140403,10/10/2014,TN-21040,California,West,OFF-EN-10001219,15.28,2
4535,CA-2015-163104,3/19/2015,MC-18130,California,West,OFF-PA-10001947,11.96,2
4536,CA-2017-138464,7/8/2017,VF-21715,Washington,West,FUR-FU-10003142,15.84,3
4537,CA-2017-138464,7/8/2017,VF-21715,Washington,West,OFF-BI-10001543,86.376,3
4538,CA-2017-138464,7/8/2017,VF-21715,Washington,West,OFF-AR-10003560,18.24,3
4539,CA-2017-138464,7/8/2017,VF-21715,Washington,West,OFF-AR-10004757,13.12,4
4540,CA-2015-104129,2/27/2015,ES-14080,Rhode Island,East,TEC-PH-10003800,105.98,2
4541,CA-2015-104129,2/27/2015,ES-14080,Rhode Island,East,FUR-TA-10004152,493.92,7
4542,US-2017-132206,6/16/2017,MK-17905,Illinois,Central,OFF-BI-10000756,5.936,7
4543,CA-2017-113474,3/30/2017,TM-21490,Oklahoma,Central,OFF-EN-10004206,325.86,2
4544,CA-2015-126557,7/12/2015,RL-19615,Illinois,Central,FUR-CH-10004477,383.607,9
4545,CA-2015-126557,7/12/2015,RL-19615,Illinois,Central,TEC-PH-10003505,148.48,2
4546,CA-2015-126557,7/12/2015,RL-19615,Illinois,Central,TEC-PH-10000526,537.544,7
4547,CA-2015-126557,7/12/2015,RL-19615,Illinois,Central,OFF-BI-10003314,1.928,2
4548,CA-2015-126557,7/12/2015,RL-19615,Illinois,Central,OFF-AR-10003190,6.912,3
4549,CA-2015-126557,7/12/2015,RL-19615,Illinois,Central,FUR-FU-10001861,7.76,1
4550,CA-2015-126557,7/12/2015,RL-19615,Illinois,Central,TEC-PH-10003963,659.168,4
4551,US-2017-107636,4/30/2017,NM-18520,Connecticut,East,OFF-LA-10003388,5.76,2
4552,US-2014-165862,7/13/2014,GK-14620,California,West,FUR-TA-10002855,351.216,3
4553,US-2014-106334,12/27/2014,JF-15490,California,West,FUR-CH-10004886,230.28,3
4554,US-2014-106334,12/27/2014,JF-15490,California,West,OFF-PA-10003657,12.84,3
4555,CA-2016-101448,2/27/2016,EB-13930,Wisconsin,Central,OFF-BI-10004738,56.82,3
4556,CA-2015-130218,3/23/2015,SG-20470,South Carolina,South,OFF-FA-10003112,31.56,4
4557,CA-2015-130218,3/23/2015,SG-20470,South Carolina,South,OFF-ST-10002486,27.92,4
4558,US-2017-117331,10/21/2017,ND-18370,Arizona,West,OFF-BI-10003984,8.559,1
4559,CA-2014-127383,12/31/2014,CM-11815,Texas,Central,OFF-EN-10004773,49.568,2
4560,CA-2014-110219,5/5/2014,EB-13870,Texas,Central,FUR-CH-10001146,127.869,3
4561,CA-2015-118871,12/4/2015,HM-14860,California,West,OFF-EN-10003296,271.44,3
4562,CA-2015-118871,12/4/2015,HM-14860,California,West,TEC-PH-10000193,110.352,3
4563,CA-2015-118871,12/4/2015,HM-14860,California,West,FUR-FU-10002111,36.4,5
4564,CA-2017-129490,9/26/2017,SJ-20125,Florida,South,FUR-CH-10003298,419.136,4
4565,CA-2014-101175,12/9/2014,DM-12955,Arizona,West,OFF-ST-10004950,100.704,6
4566,US-2017-149510,12/3/2017,MC-17575,North Carolina,South,OFF-AP-10002350,45.216,3
4567,US-2017-149510,12/3/2017,MC-17575,North Carolina,South,OFF-BI-10004233,28.782,6
4568,US-2017-149510,12/3/2017,MC-17575,North Carolina,South,OFF-PA-10001892,24.448,4
4569,CA-2015-111990,11/8/2015,DB-13660,Texas,Central,OFF-BI-10003291,10.476,6
4570,CA-2014-169460,4/19/2014,NF-18595,California,West,FUR-FU-10004017,76.14,3
4571,US-2015-152128,5/25/2015,NM-18445,Kansas,Central,OFF-AR-10002445,21.24,3
4572,US-2015-152128,5/25/2015,NM-18445,Kansas,Central,OFF-BI-10001718,127.96,2
4573,CA-2017-126662,7/17/2017,AB-10255,California,West,TEC-CO-10004202,479.984,2
4574,CA-2016-139395,12/12/2016,MG-17650,Michigan,Central,TEC-PH-10002103,657.93,7
4575,CA-2016-139395,12/12/2016,MG-17650,Michigan,Central,FUR-FU-10003724,33.48,4
4576,CA-2016-139395,12/12/2016,MG-17650,Michigan,Central,OFF-AR-10003732,13.9,5
4577,CA-2016-139395,12/12/2016,MG-17650,Michigan,Central,OFF-ST-10000885,26.86,2
4578,US-2014-121734,4/11/2014,SE-20110,Idaho,West,OFF-BI-10004817,9.584,1
4579,CA-2015-110947,6/9/2015,AG-10765,Virginia,South,OFF-BI-10001670,113.1,3
4580,US-2014-150126,7/27/2014,AS-10045,New York,East,OFF-PA-10002709,65.78,11
4581,CA-2015-164427,7/31/2015,AR-10405,Mississippi,South,TEC-AC-10004469,239.7,6
4582,CA-2016-120250,9/19/2016,AP-10720,Pennsylvania,East,FUR-FU-10003424,25.632,3
4583,CA-2016-121993,6/10/2016,JB-16000,Pennsylvania,East,OFF-LA-10003720,23.616,8
4584,US-2016-100405,8/26/2016,TS-21430,California,West,OFF-AR-10000390,8.26,2
4585,US-2017-163790,11/2/2017,NL-18310,California,West,OFF-EN-10001335,76.58,7
4586,US-2017-163790,11/2/2017,NL-18310,California,West,OFF-AR-10003469,8.8,5
4587,US-2017-163790,11/2/2017,NL-18310,California,West,OFF-BI-10003718,590.352,6
4588,US-2017-163790,11/2/2017,NL-18310,California,West,OFF-FA-10004838,5.58,3
4589,US-2017-163790,11/2/2017,NL-18310,California,West,FUR-FU-10002508,25.02,3
4590,US-2017-163790,11/2/2017,NL-18310,California,West,OFF-ST-10001511,452.55,7
4591,CA-2016-129868,12/26/2016,MC-18130,California,West,OFF-SU-10000952,17.76,2
4592,CA-2016-129868,12/26/2016,MC-18130,California,West,TEC-PH-10002275,302.384,2
4593,CA-2016-129868,12/26/2016,MC-18130,California,West,FUR-CH-10003535,146.352,3
4594,CA-2016-129868,12/26/2016,MC-18130,California,West,OFF-AP-10004052,7.9,2
4595,CA-2016-129868,12/26/2016,MC-18130,California,West,FUR-TA-10003473,902.712,3
4596,CA-2016-129868,12/26/2016,MC-18130,California,West,OFF-AR-10001897,53.97,3
4597,CA-2016-140564,12/5/2016,TC-21475,District of Columbia,East,OFF-AR-10000034,33.92,8
4598,US-2017-169502,8/28/2017,MG-17650,Wisconsin,Central,OFF-SU-10004115,21.81,3
4599,US-2017-169502,8/28/2017,MG-17650,Wisconsin,Central,OFF-AP-10001947,91.6,5
4600,CA-2015-146948,7/16/2015,MG-17890,Maryland,East,FUR-CH-10004853,150.98,1
4601,CA-2015-146948,7/16/2015,MG-17890,Maryland,East,OFF-EN-10000483,137.25,9
4602,CA-2015-146948,7/16/2015,MG-17890,Maryland,East,OFF-FA-10001332,11.52,4
4603,US-2015-113327,5/26/2015,BF-11170,North Carolina,South,OFF-PA-10003790,18.272,1
4604,US-2015-113327,5/26/2015,BF-11170,North Carolina,South,OFF-PA-10003134,153.728,4
4605,US-2015-113327,5/26/2015,BF-11170,North Carolina,South,OFF-EN-10004459,12.224,2
4606,US-2015-113327,5/26/2015,BF-11170,North Carolina,South,TEC-AC-10003628,167.944,7
4607,CA-2015-135020,5/28/2015,MS-17770,New York,East,TEC-PH-10004093,45.99,1
4608,CA-2015-135020,5/28/2015,MS-17770,New York,East,OFF-ST-10001490,535.41,3
4609,CA-2015-135020,5/28/2015,MS-17770,New York,East,OFF-BI-10000605,6.096,2
4610,CA-2015-135020,5/28/2015,MS-17770,New York,East,OFF-PA-10004255,45.36,7
4611,US-2017-141852,11/9/2017,JE-15745,California,West,FUR-FU-10000023,47.12,8
4612,CA-2016-109407,1/24/2016,HG-14965,Mississippi,South,OFF-BI-10000285,31.36,4
4613,US-2017-165953,12/31/2016,EP-13915,Florida,South,OFF-AR-10000588,47.616,3
4614,US-2017-165953,12/31/2016,EP-13915,Florida,South,OFF-PA-10002250,23.48,5
4615,CA-2016-144540,9/5/2016,GH-14410,Texas,Central,OFF-AP-10002457,62.79,3
4616,CA-2016-144540,9/5/2016,GH-14410,Texas,Central,OFF-FA-10002763,28.44,9
4617,CA-2015-159863,9/4/2015,DS-13180,Texas,Central,TEC-AC-10000109,134.376,3
4618,CA-2015-117800,9/21/2015,TH-21550,Massachusetts,East,TEC-PH-10002415,589.9,2
4619,CA-2015-117800,9/21/2015,TH-21550,Massachusetts,East,FUR-CH-10000785,542.94,3
4620,CA-2017-145219,12/24/2017,RM-19675,California,West,TEC-CO-10001449,2879.952,6
4621,CA-2017-145219,12/24/2017,RM-19675,California,West,OFF-BI-10001670,90.48,3
4622,CA-2015-161214,10/5/2015,SF-20965,Delaware,East,OFF-ST-10001328,77.55,5
4623,CA-2017-147228,9/9/2017,SO-20335,Tennessee,South,OFF-SU-10001225,8.832,3
4624,CA-2017-147228,9/9/2017,SO-20335,Tennessee,South,OFF-PA-10000357,177.536,4
4625,CA-2017-147228,9/9/2017,SO-20335,Tennessee,South,OFF-ST-10000046,258.48,2
4626,CA-2017-147228,9/9/2017,SO-20335,Tennessee,South,FUR-FU-10000023,14.136,3
4627,CA-2016-101336,11/13/2016,CK-12760,New York,East,OFF-ST-10003455,77.55,5
4628,CA-2016-101336,11/13/2016,CK-12760,New York,East,OFF-ST-10000876,24.88,2
4629,CA-2016-101336,11/13/2016,CK-12760,New York,East,OFF-AR-10003582,140.75,5
4630,CA-2016-101336,11/13/2016,CK-12760,New York,East,OFF-ST-10004258,36.63,3
4631,US-2015-126235,10/15/2015,GA-14725,Michigan,Central,FUR-FU-10000719,17.14,2
4632,CA-2017-168396,8/3/2017,BD-11725,California,West,OFF-LA-10001297,51.75,5
4633,CA-2017-168396,8/3/2017,BD-11725,California,West,FUR-FU-10000723,123.96,3
4634,CA-2015-130456,8/21/2015,DS-13180,California,West,FUR-BO-10003893,586.398,6
4635,CA-2015-130456,8/21/2015,DS-13180,California,West,OFF-ST-10000736,80.98,1
4636,CA-2017-116288,3/12/2017,BS-11380,California,West,OFF-ST-10000736,242.94,3
4637,CA-2017-168228,4/27/2017,AP-10915,California,West,OFF-AR-10003373,123.92,4
4638,CA-2017-168228,4/27/2017,AP-10915,California,West,OFF-AR-10000390,12.39,3
4639,CA-2017-168228,4/27/2017,AP-10915,California,West,OFF-AR-10001725,47.3,2
4640,CA-2016-102162,9/11/2016,JF-15565,Virginia,South,TEC-CO-10001943,1599.92,8
4641,CA-2016-102162,9/11/2016,JF-15565,Virginia,South,OFF-EN-10002312,11.09,1
4642,CA-2017-130141,10/22/2017,HA-14905,Colorado,West,OFF-BI-10000831,3.168,4
4643,CA-2017-130141,10/22/2017,HA-14905,Colorado,West,FUR-CH-10000749,579.136,4
4644,CA-2015-147501,8/2/2015,Co-12640,Washington,West,OFF-BI-10002003,6.368,2
4645,CA-2015-147501,8/2/2015,Co-12640,Washington,West,TEC-MA-10001972,558.4,2
4646,CA-2016-143910,8/12/2016,BC-11125,New York,East,FUR-CH-10000225,145.764,2
4647,CA-2014-146885,5/30/2014,EB-13840,Virginia,South,OFF-PA-10001622,13.62,3
4648,CA-2016-139556,4/26/2016,DB-13360,New York,East,FUR-CH-10004983,434.646,3
4649,CA-2017-129357,5/14/2017,KB-16585,Washington,West,OFF-PA-10003228,440.19,9
4650,CA-2017-129357,5/14/2017,KB-16585,Washington,West,OFF-SU-10004498,64.4,5
4651,CA-2017-150987,4/8/2017,AH-10120,California,West,OFF-PA-10001878,244.55,5
4652,CA-2017-150987,4/8/2017,AH-10120,California,West,OFF-PA-10002923,195.76,4
4653,CA-2017-132647,2/17/2017,GH-14410,New Jersey,East,OFF-PA-10001838,11.76,2
4654,CA-2017-132647,2/17/2017,GH-14410,New Jersey,East,OFF-ST-10003123,166.45,5
4655,CA-2017-159107,6/24/2017,KT-16480,California,West,OFF-FA-10001332,2.88,1
4656,CA-2014-160738,5/5/2014,KH-16330,Illinois,Central,OFF-ST-10003442,45.248,2
4657,CA-2015-112130,5/3/2015,SV-20785,Pennsylvania,East,OFF-AR-10001468,59.904,2
4658,CA-2015-112130,5/3/2015,SV-20785,Pennsylvania,East,OFF-AP-10003266,23.696,2
4659,CA-2015-112130,5/3/2015,SV-20785,Pennsylvania,East,OFF-PA-10002230,7.968,2
4660,CA-2015-112130,5/3/2015,SV-20785,Pennsylvania,East,OFF-AP-10003622,18.2,7
4661,CA-2015-112130,5/3/2015,SV-20785,Pennsylvania,East,TEC-AC-10001542,27.552,3
4662,CA-2015-112130,5/3/2015,SV-20785,Pennsylvania,East,FUR-CH-10002965,844.116,6
4663,CA-2015-112130,5/3/2015,SV-20785,Pennsylvania,East,OFF-ST-10000563,76.752,3
4664,CA-2016-111409,9/18/2016,PO-18850,Florida,South,OFF-LA-10002787,3,1
4665,CA-2016-116232,9/22/2016,AC-10450,Florida,South,OFF-BI-10004022,7.506,9
4666,CA-2016-116232,9/22/2016,AC-10450,Florida,South,OFF-LA-10001158,16.56,2
4667,CA-2016-116547,1/10/2016,KB-16585,Washington,West,FUR-FU-10000076,79.92,4
4668,CA-2016-116547,1/10/2016,KB-16585,Washington,West,TEC-AC-10002335,69.98,2
4669,US-2017-133200,5/6/2017,DB-13555,Texas,Central,OFF-BI-10002827,11.06,10
4670,US-2017-133200,5/6/2017,DB-13555,Texas,Central,FUR-BO-10001601,623.4648,7
4671,US-2017-133200,5/6/2017,DB-13555,Texas,Central,OFF-ST-10001932,772.68,5
4672,CA-2016-133550,7/31/2016,KL-16645,Michigan,Central,OFF-AP-10001005,283.14,4
4673,CA-2016-133550,7/31/2016,KL-16645,Michigan,Central,TEC-PH-10004042,635.96,4
4674,CA-2016-133550,7/31/2016,KL-16645,Michigan,Central,TEC-PH-10001079,118.99,1
4675,CA-2016-133550,7/31/2016,KL-16645,Michigan,Central,FUR-FU-10002918,272.94,3
4676,CA-2017-139416,3/27/2017,AG-10270,Pennsylvania,East,FUR-FU-10003832,15.008,2
4677,CA-2014-114510,3/14/2014,JF-15295,Utah,West,OFF-BI-10001617,33.088,4
4678,CA-2014-114510,3/14/2014,JF-15295,Utah,West,OFF-ST-10000736,80.98,1
4679,CA-2014-114510,3/14/2014,JF-15295,Utah,West,TEC-AC-10004877,82.8,12
4680,CA-2014-114510,3/14/2014,JF-15295,Utah,West,OFF-ST-10003221,21.36,2
4681,CA-2014-114510,3/14/2014,JF-15295,Utah,West,OFF-BI-10003007,62.048,2
4682,CA-2016-169215,7/14/2016,RE-19450,New York,East,OFF-FA-10000936,29.61,9
4683,CA-2016-127698,12/1/2016,MV-18190,North Carolina,South,TEC-PH-10003811,863.928,9
4684,CA-2016-159912,8/29/2016,GB-14530,Pennsylvania,East,FUR-TA-10004152,241.92,4
4685,CA-2016-159912,8/29/2016,GB-14530,Pennsylvania,East,FUR-BO-10002853,163.88,4
4686,CA-2016-159912,8/29/2016,GB-14530,Pennsylvania,East,OFF-BI-10002071,3.486,2
4687,CA-2016-159912,8/29/2016,GB-14530,Pennsylvania,East,OFF-FA-10000053,10.584,7
4688,CA-2016-101987,6/24/2016,HL-15040,Indiana,Central,TEC-PH-10001305,440.91,9
4689,US-2017-154851,3/30/2017,BP-11155,Pennsylvania,East,OFF-BI-10001525,5.715,5
4690,CA-2014-138681,12/20/2014,CT-11995,Arizona,West,FUR-FU-10001876,51.968,2
4691,CA-2014-138681,12/20/2014,CT-11995,Arizona,West,TEC-AC-10003628,71.976,3
4692,CA-2014-138681,12/20/2014,CT-11995,Arizona,West,FUR-CH-10004860,242.352,3
4693,CA-2014-138681,12/20/2014,CT-11995,Arizona,West,OFF-PA-10000357,221.92,5
4694,CA-2014-138681,12/20/2014,CT-11995,Arizona,West,OFF-PA-10003270,8.448,2
4695,US-2015-138121,12/17/2015,JL-15835,Michigan,Central,OFF-BI-10000320,29.52,4
4696,US-2015-138121,12/17/2015,JL-15835,Michigan,Central,FUR-CH-10003846,302.94,3
4697,US-2015-138121,12/17/2015,JL-15835,Michigan,Central,FUR-CH-10004875,142.36,2
4698,US-2015-138121,12/17/2015,JL-15835,Michigan,Central,FUR-CH-10003817,546.66,9
4699,US-2015-138121,12/17/2015,JL-15835,Michigan,Central,FUR-FU-10002116,212.13,3
4700,CA-2017-140298,5/11/2017,JK-16120,Texas,Central,OFF-AR-10003481,5.248,2
4701,CA-2017-140298,5/11/2017,JK-16120,Texas,Central,OFF-ST-10004180,74.416,2
4702,CA-2017-140298,5/11/2017,JK-16120,Texas,Central,OFF-PA-10003657,6.848,2
4703,CA-2017-140298,5/11/2017,JK-16120,Texas,Central,FUR-FU-10001967,7.996,1
4704,CA-2016-166240,6/24/2016,DH-13075,Texas,Central,OFF-AP-10002082,8.712,2
4705,CA-2016-158435,5/17/2016,AG-10900,Connecticut,East,OFF-SU-10000381,65.17,7
4706,CA-2016-158435,5/17/2016,AG-10900,Connecticut,East,OFF-LA-10002475,14.62,2
4707,CA-2016-158435,5/17/2016,AG-10900,Connecticut,East,FUR-FU-10003975,173.24,4
4708,CA-2017-138149,6/29/2017,WB-21850,California,West,OFF-BI-10003091,895.92,5
4709,CA-2017-138149,6/29/2017,WB-21850,California,West,OFF-ST-10002974,130.71,3
4710,CA-2017-138149,6/29/2017,WB-21850,California,West,OFF-AR-10000255,11.68,2
4711,CA-2017-138149,6/29/2017,WB-21850,California,West,TEC-AC-10001284,62.31,3
4712,CA-2014-112403,3/31/2014,JO-15280,Pennsylvania,East,OFF-BI-10003529,0.852,1
4713,CA-2014-108273,12/16/2014,EJ-13720,Texas,Central,OFF-PA-10000029,36.288,7
4714,CA-2014-108273,12/16/2014,EJ-13720,Texas,Central,FUR-FU-10002116,56.568,2
4715,CA-2017-121643,5/18/2017,AB-10105,Oregon,West,TEC-PH-10002200,344.704,2
4716,US-2015-122910,5/12/2015,LT-16765,Colorado,West,TEC-PH-10000441,201.584,2
4717,CA-2017-143126,12/3/2017,CM-12655,Washington,West,FUR-TA-10002958,521.96,2
4718,CA-2015-129042,12/12/2015,EM-13960,Maryland,East,OFF-AR-10001662,8.22,3
4719,CA-2015-109736,10/10/2015,DJ-13420,California,West,OFF-PA-10004101,45.36,7
4720,CA-2015-142601,4/18/2015,DE-13255,California,West,OFF-ST-10002756,947.17,7
4721,CA-2015-142601,4/18/2015,DE-13255,California,West,OFF-PA-10000483,61.96,2
4722,CA-2014-106229,6/7/2014,NR-18550,Illinois,Central,FUR-TA-10002041,268.935,3
4723,US-2017-135230,9/1/2017,CK-12325,Washington,West,OFF-AR-10001166,7.58,1
4724,CA-2016-159653,5/22/2016,JF-15490,Georgia,South,OFF-LA-10004345,14.73,3
4725,CA-2016-131968,11/11/2016,LB-16795,Florida,South,OFF-BI-10002852,9.888,2
4726,CA-2016-131968,11/11/2016,LB-16795,Florida,South,OFF-AP-10001058,671.544,3
4727,CA-2014-119151,11/25/2014,MP-18175,New York,East,OFF-ST-10003470,1117.92,4
4728,CA-2014-119151,11/25/2014,MP-18175,New York,East,FUR-BO-10003159,275.952,3
4729,CA-2014-123323,11/7/2014,LH-16900,California,West,OFF-BI-10003684,123.144,7
4730,CA-2016-124681,7/18/2016,SV-20935,Texas,Central,TEC-AC-10000487,15.576,3
4731,US-2015-103996,3/29/2015,RB-19435,California,West,OFF-PA-10001736,212.64,6
4732,US-2015-103996,3/29/2015,RB-19435,California,West,OFF-PA-10001609,9.87,3
4733,US-2015-103996,3/29/2015,RB-19435,California,West,TEC-AC-10003116,53.25,3
4734,US-2015-103996,3/29/2015,RB-19435,California,West,FUR-FU-10004586,19.92,3
4735,CA-2016-120530,4/7/2016,Dl-13600,New York,East,FUR-CH-10000454,658.746,3
4736,CA-2015-155054,6/13/2015,PS-19045,Maine,East,OFF-BI-10004970,8.26,2
4737,CA-2015-155054,6/13/2015,PS-19045,Maine,East,OFF-BI-10002824,29.84,2
4738,CA-2015-155054,6/13/2015,PS-19045,Maine,East,TEC-AC-10003657,67.98,2
4739,CA-2015-105725,2/18/2015,GT-14755,California,West,OFF-LA-10003510,61.06,2
4740,CA-2015-105725,2/18/2015,GT-14755,California,West,FUR-TA-10001676,35.544,1
4741,CA-2017-164364,11/12/2017,CS-12355,Washington,West,OFF-LA-10004853,9.96,2
4742,CA-2017-164364,11/12/2017,CS-12355,Washington,West,OFF-AR-10000315,9.21,3
4743,CA-2017-164364,11/12/2017,CS-12355,Washington,West,OFF-SU-10000381,27.93,3
4744,CA-2017-168123,3/5/2017,JD-16060,Minnesota,Central,OFF-FA-10002763,7.9,2
4745,CA-2017-168123,3/5/2017,JD-16060,Minnesota,Central,OFF-ST-10000877,221.16,4
4746,CA-2017-168123,3/5/2017,JD-16060,Minnesota,Central,OFF-BI-10001071,127.96,2
4747,CA-2017-168123,3/5/2017,JD-16060,Minnesota,Central,OFF-BI-10001097,18.69,3
4748,CA-2016-120005,3/3/2016,TS-21160,California,West,OFF-SU-10004782,25.35,3
4749,CA-2016-120005,3/3/2016,TS-21160,California,West,FUR-FU-10000672,35.28,3
4750,CA-2016-123526,12/24/2016,BV-11245,Washington,West,OFF-PA-10002986,33.4,5
4751,CA-2016-127649,10/7/2016,DL-13495,Washington,West,TEC-MA-10001972,837.6,3
4752,CA-2016-159989,12/9/2016,EB-13870,Tennessee,South,TEC-PH-10000169,40.68,3
4753,CA-2017-103499,11/20/2017,ES-14020,Tennessee,South,FUR-CH-10001482,209.568,2
4754,US-2015-167220,12/12/2015,JB-15925,Texas,Central,TEC-AC-10002018,22.368,4
4755,CA-2017-126354,2/3/2017,SC-20380,Florida,South,OFF-BI-10000301,3.882,2
4756,CA-2017-126354,2/3/2017,SC-20380,Florida,South,OFF-PA-10004381,115.296,3
4757,CA-2017-169817,9/21/2017,EB-13870,Pennsylvania,East,OFF-BI-10004141,1.908,2
4758,US-2017-144582,4/30/2017,TC-21475,Illinois,Central,OFF-BI-10001575,43.372,7
4759,CA-2014-121573,11/3/2014,SG-20605,New York,East,TEC-PH-10000984,783.96,4
4760,CA-2014-121573,11/3/2014,SG-20605,New York,East,OFF-BI-10000666,48.896,2
4761,CA-2014-121573,11/3/2014,SG-20605,New York,East,OFF-BI-10003712,7.856,2
4762,CA-2016-117660,12/30/2016,BM-11785,Ohio,East,OFF-LA-10003720,5.904,2
4763,CA-2016-117660,12/30/2016,BM-11785,Ohio,East,OFF-SU-10001664,13.712,2
4764,CA-2014-112851,9/17/2014,NR-18550,California,West,OFF-EN-10001453,182.94,3
4765,CA-2017-123701,11/24/2017,PG-18820,California,West,OFF-AR-10001860,27.76,4
4766,CA-2015-118227,4/24/2015,DB-13270,New York,East,OFF-AR-10001044,25.99,1
4767,CA-2015-123155,3/9/2015,NS-18640,Texas,Central,TEC-AC-10002473,113.52,5
4768,CA-2015-123155,3/9/2015,NS-18640,Texas,Central,TEC-PH-10001809,359.88,3
4769,CA-2017-158883,6/2/2017,CS-11860,North Carolina,South,OFF-PA-10004733,25.344,4
4770,US-2016-114888,9/19/2016,CC-12430,California,West,OFF-BI-10003355,11.952,3
4771,US-2016-114888,9/19/2016,CC-12430,California,West,OFF-SU-10001212,6.24,3
4772,US-2014-167262,10/31/2014,AC-10450,Arizona,West,TEC-PH-10000486,742.336,8
4773,CA-2017-119746,11/23/2017,CM-12385,Illinois,Central,FUR-FU-10004909,6.464,1
4774,CA-2017-119746,11/23/2017,CM-12385,Illinois,Central,OFF-LA-10001613,11.52,5
4775,CA-2017-119746,11/23/2017,CM-12385,Illinois,Central,TEC-PH-10004447,222.384,2
4776,CA-2017-108091,11/16/2017,EK-13795,California,West,OFF-AR-10000255,23.36,4
4777,CA-2016-101630,2/19/2016,CK-12760,New York,East,OFF-LA-10004425,8.67,3
4778,CA-2016-101630,2/19/2016,CK-12760,New York,East,OFF-SU-10001664,25.71,3
4779,CA-2017-132346,11/7/2017,PK-19075,Delaware,East,OFF-AP-10000696,100.94,7
4780,CA-2014-150301,7/8/2014,MH-18025,New York,East,FUR-CH-10002647,63.882,1
4781,CA-2014-159310,11/7/2014,SC-20725,Texas,Central,FUR-CH-10002758,683.144,4
4782,CA-2014-159310,11/7/2014,SC-20725,Texas,Central,OFF-BI-10000201,1.476,3
4783,CA-2014-159310,11/7/2014,SC-20725,Texas,Central,OFF-SU-10004115,40.712,7
4784,US-2017-147984,1/28/2017,GB-14575,Kansas,Central,OFF-PA-10000806,279.9,5
4785,CA-2015-104346,12/11/2015,IM-15070,Colorado,West,OFF-AR-10001473,13.12,5
4786,CA-2015-104346,12/11/2015,IM-15070,Colorado,West,FUR-BO-10003450,69.576,4
4787,CA-2015-104346,12/11/2015,IM-15070,Colorado,West,OFF-AR-10001545,4.224,3
4788,CA-2015-104346,12/11/2015,IM-15070,Colorado,West,TEC-AC-10004396,58.08,4
4789,CA-2015-104346,12/11/2015,IM-15070,Colorado,West,FUR-FU-10002456,52.416,9
4790,CA-2015-104346,12/11/2015,IM-15070,Colorado,West,FUR-FU-10001473,54.92,5
4791,CA-2015-104346,12/11/2015,IM-15070,Colorado,West,FUR-TA-10000849,364.95,5
4792,CA-2015-104346,12/11/2015,IM-15070,Colorado,West,OFF-PA-10001166,85.056,3
4793,CA-2015-104346,12/11/2015,IM-15070,Colorado,West,OFF-PA-10003256,27.696,3
4794,US-2015-141684,6/29/2015,MM-18055,New York,East,OFF-PA-10002870,24.96,4
4795,CA-2015-144722,3/16/2015,MF-18250,California,West,FUR-FU-10001215,43.13,1
4796,CA-2015-120516,8/13/2015,CK-12595,Georgia,South,OFF-BI-10004187,5.64,3
4797,US-2016-148901,5/14/2016,MK-17905,Florida,South,OFF-BI-10001718,57.582,3
4798,US-2016-148901,5/14/2016,MK-17905,Florida,South,OFF-PA-10004983,31.104,6
4799,US-2016-148901,5/14/2016,MK-17905,Florida,South,FUR-FU-10002396,30.192,3
4800,US-2016-148901,5/14/2016,MK-17905,Florida,South,TEC-PH-10003988,43.6,5
4801,US-2016-148901,5/14/2016,MK-17905,Florida,South,OFF-AR-10002467,4.768,2
4802,US-2016-148901,5/14/2016,MK-17905,Florida,South,OFF-BI-10004002,10.38,2
4803,US-2016-148901,5/14/2016,MK-17905,Florida,South,OFF-BI-10002309,13.392,8
4804,CA-2017-136364,7/13/2017,MH-17455,Pennsylvania,East,TEC-PH-10003885,39.594,1
4805,CA-2017-136364,7/13/2017,MH-17455,Pennsylvania,East,FUR-FU-10002501,91.008,9
4806,CA-2015-137708,11/22/2015,NG-18430,California,West,OFF-PA-10000176,37.94,2
4807,CA-2015-137708,11/22/2015,NG-18430,California,West,OFF-PA-10000327,42.8,10
4808,CA-2015-137708,11/22/2015,NG-18430,California,West,OFF-ST-10004634,33.63,3
4809,CA-2014-149055,11/23/2014,PB-19210,Pennsylvania,East,OFF-EN-10003040,62.808,3
4810,CA-2015-151589,12/27/2015,RE-19450,Wisconsin,Central,OFF-PA-10003228,195.64,4
4811,CA-2015-151589,12/27/2015,RE-19450,Wisconsin,Central,TEC-PH-10004345,239.9,2
4812,CA-2016-121370,11/14/2016,EB-14110,Pennsylvania,East,FUR-CH-10000785,380.058,3
4813,CA-2016-121370,11/14/2016,EB-14110,Pennsylvania,East,TEC-CO-10004115,1199.976,4
4814,CA-2016-121370,11/14/2016,EB-14110,Pennsylvania,East,FUR-FU-10002813,48.576,3
4815,CA-2016-111696,5/8/2016,TB-21625,California,West,OFF-PA-10002751,17.94,3
4816,CA-2014-139598,12/26/2014,MG-17695,Pennsylvania,East,OFF-PA-10004569,18.264,3
4817,CA-2014-139598,12/26/2014,MG-17695,Pennsylvania,East,OFF-AP-10002998,34.656,2
4818,CA-2014-139598,12/26/2014,MG-17695,Pennsylvania,East,OFF-AP-10003287,81.552,2
4819,CA-2014-139598,12/26/2014,MG-17695,Pennsylvania,East,OFF-ST-10001370,227.136,4
4820,CA-2017-117436,6/8/2017,LW-17125,Connecticut,East,OFF-BI-10004040,10.36,2
4821,CA-2015-140025,4/7/2015,PF-19120,Texas,Central,OFF-AP-10002651,463.248,8
4822,CA-2015-140025,4/7/2015,PF-19120,Texas,Central,TEC-AC-10002402,383.952,6
4823,CA-2016-134222,7/10/2016,NZ-18565,Arizona,West,OFF-BI-10001658,44.856,6
4824,CA-2016-140018,11/21/2016,CK-12205,Ohio,East,TEC-MA-10000752,30.345,7
4825,CA-2016-140018,11/21/2016,CK-12205,Ohio,East,FUR-CH-10003817,127.554,3
4826,CA-2016-140018,11/21/2016,CK-12205,Ohio,East,FUR-FU-10001876,77.952,3
4827,US-2017-136707,11/12/2017,JE-15610,California,West,OFF-BI-10003460,14.016,4
4828,CA-2014-152562,11/1/2014,JO-15145,Kentucky,South,OFF-ST-10000464,69.52,2
4829,CA-2014-152562,11/1/2014,JO-15145,Kentucky,South,OFF-AR-10001919,5.64,3
4830,CA-2016-152408,5/15/2016,TT-21220,New York,East,OFF-BI-10002393,13.776,3
4831,CA-2014-120278,11/7/2014,MS-17365,Wisconsin,Central,OFF-AP-10001293,245.88,6
4832,CA-2014-120278,11/7/2014,MS-17365,Wisconsin,Central,OFF-ST-10004258,36.63,3
4833,CA-2014-120278,11/7/2014,MS-17365,Wisconsin,Central,OFF-ST-10002214,22.58,2
4834,CA-2014-120278,11/7/2014,MS-17365,Wisconsin,Central,OFF-BI-10004970,12.39,3
4835,CA-2017-167661,10/5/2017,MP-18175,California,West,OFF-BI-10002571,39.92,5
4836,CA-2017-167661,10/5/2017,MP-18175,California,West,OFF-PA-10002581,61.96,2
4837,CA-2017-167661,10/5/2017,MP-18175,California,West,OFF-BI-10001097,19.936,4
4838,CA-2017-106831,6/1/2017,FH-14350,Ohio,East,OFF-BI-10003429,3.798,2
4839,CA-2017-106831,6/1/2017,FH-14350,Ohio,East,OFF-PA-10000682,27.744,6
4840,CA-2017-106831,6/1/2017,FH-14350,Ohio,East,TEC-PH-10001700,158.376,4
4841,CA-2017-154123,11/20/2017,SC-20050,Kentucky,South,FUR-FU-10000629,27.58,2
4842,CA-2016-136049,12/23/2016,NM-18520,Ohio,East,OFF-BI-10001267,5.553,3
4843,CA-2017-118402,9/29/2017,JO-15280,Tennessee,South,OFF-ST-10001418,243.92,5
4844,US-2016-139388,11/7/2016,CC-12475,New Jersey,East,OFF-FA-10004968,14.96,4
4845,US-2014-128685,4/4/2014,MZ-17515,California,West,OFF-BI-10004140,7.184,2
4846,CA-2015-124044,7/23/2015,MS-17830,New York,East,OFF-BI-10003460,10.512,3
4847,CA-2014-164469,6/25/2014,GK-14620,Oregon,West,TEC-PH-10002115,263.96,5
4848,CA-2014-164469,6/25/2014,GK-14620,Oregon,West,OFF-AR-10003478,71.632,11
4849,CA-2014-164469,6/25/2014,GK-14620,Oregon,West,OFF-AR-10000475,9.328,1
4850,CA-2014-107818,9/8/2014,MC-17275,Washington,West,OFF-AR-10003045,5.88,2
4851,CA-2014-107818,9/8/2014,MC-17275,Washington,West,FUR-CH-10000454,975.92,5
4852,CA-2014-107818,9/8/2014,MC-17275,Washington,West,OFF-AR-10000380,303.84,8
4853,CA-2014-107818,9/8/2014,MC-17275,Washington,West,OFF-ST-10000736,485.88,6
4854,CA-2014-113320,12/12/2014,LH-17155,California,West,FUR-FU-10004270,12.54,3
4855,CA-2014-113320,12/12/2014,LH-17155,California,West,OFF-ST-10000617,8.94,3
4856,CA-2014-113320,12/12/2014,LH-17155,California,West,FUR-FU-10001706,9.24,3
4857,CA-2015-137526,1/13/2015,PB-19150,California,West,OFF-BI-10003364,70.008,3
4858,CA-2015-137526,1/13/2015,PB-19150,California,West,FUR-FU-10001861,77.6,4
4859,CA-2015-137526,1/13/2015,PB-19150,California,West,FUR-FU-10004845,464.85,9
4860,CA-2017-136063,12/15/2017,SS-20140,Illinois,Central,OFF-AR-10000823,10.192,7
4861,CA-2016-101546,12/18/2016,GK-14620,New Jersey,East,OFF-BI-10001359,1793.98,2
4862,CA-2014-138940,4/11/2014,GM-14455,Texas,Central,TEC-PH-10001835,758.352,6
4863,CA-2016-125164,11/10/2016,SH-19975,New York,East,OFF-BI-10001191,20.368,1
4864,CA-2016-125164,11/10/2016,SH-19975,New York,East,OFF-BI-10003982,49.848,3
4865,CA-2017-163531,6/26/2017,SC-20725,New York,East,TEC-PH-10001425,239.97,3
4866,CA-2017-122490,11/13/2017,TT-21070,Washington,West,FUR-CH-10001215,2404.704,6
4867,CA-2017-122490,11/13/2017,TT-21070,Washington,West,OFF-BI-10001718,563.024,11
4868,CA-2017-122490,11/13/2017,TT-21070,Washington,West,OFF-ST-10000991,344.91,3
4869,CA-2017-122490,11/13/2017,TT-21070,Washington,West,OFF-LA-10001613,8.64,3
4870,CA-2017-131366,11/24/2017,SC-20440,Pennsylvania,East,TEC-PH-10003437,89.988,2
4871,CA-2017-131366,11/24/2017,SC-20440,Pennsylvania,East,OFF-PA-10000675,229.544,7
4872,CA-2017-164042,5/23/2017,KL-16645,Texas,Central,OFF-FA-10000840,1.824,2
4873,CA-2017-164042,5/23/2017,KL-16645,Texas,Central,OFF-AP-10001947,18.32,5
4874,CA-2017-164042,5/23/2017,KL-16645,Texas,Central,OFF-ST-10002301,48.816,3
4875,CA-2017-164042,5/23/2017,KL-16645,Texas,Central,OFF-BI-10001922,1.188,1
4876,CA-2014-132864,12/2/2014,KN-16390,Ohio,East,TEC-AC-10001267,119.8,5
4877,US-2014-155817,10/3/2014,SL-20155,North Carolina,South,OFF-ST-10000532,61.568,2
4878,US-2014-155817,10/3/2014,SL-20155,North Carolina,South,OFF-AR-10002335,6.192,3
4879,US-2016-131891,7/29/2016,PW-19240,Florida,South,OFF-BI-10000201,2.214,3
4880,CA-2017-143567,11/2/2017,TB-21175,Kentucky,South,OFF-EN-10004846,5.32,2
4881,CA-2017-143567,11/2/2017,TB-21175,Kentucky,South,FUR-CH-10000454,975.92,4
4882,CA-2017-143567,11/2/2017,TB-21175,Kentucky,South,TEC-AC-10004145,2249.91,9
4883,CA-2017-143567,11/2/2017,TB-21175,Kentucky,South,OFF-ST-10001580,59.92,4
4884,CA-2017-104080,3/8/2017,AH-10210,California,West,OFF-BI-10003876,171.2,5
4885,CA-2017-104080,3/8/2017,AH-10210,California,West,OFF-AR-10001972,3.36,2
4886,CA-2014-151379,12/16/2014,SC-20695,Michigan,Central,OFF-PA-10000595,114.2,5
4887,CA-2016-163167,11/28/2016,RF-19345,Georgia,South,FUR-CH-10004477,182.67,3
4888,CA-2016-163167,11/28/2016,RF-19345,Georgia,South,TEC-AC-10003441,101.7,6
4889,CA-2016-163167,11/28/2016,RF-19345,Georgia,South,OFF-ST-10004459,1126.02,3
4890,CA-2016-163167,11/28/2016,RF-19345,Georgia,South,OFF-ST-10003805,1263.3,6
4891,CA-2016-135776,12/23/2016,EH-13765,Washington,West,OFF-AR-10001246,8.82,3
4892,CA-2016-135776,12/23/2016,EH-13765,Washington,West,OFF-PA-10001295,37.94,2
4893,CA-2016-135776,12/23/2016,EH-13765,Washington,West,OFF-AR-10001231,4.2,2
4894,CA-2016-135776,12/23/2016,EH-13765,Washington,West,OFF-ST-10002743,227.28,2
4895,CA-2016-135776,12/23/2016,EH-13765,Washington,West,OFF-PA-10004327,47.9,1
4896,CA-2016-135776,12/23/2016,EH-13765,Washington,West,OFF-EN-10004773,61.96,2
4897,CA-2016-135776,12/23/2016,EH-13765,Washington,West,OFF-ST-10003470,1117.92,4
4898,US-2014-122021,10/15/2014,AC-10660,Ohio,East,FUR-CH-10003761,183.372,2
4899,US-2014-122021,10/15/2014,AC-10660,Ohio,East,OFF-PA-10002230,7.968,2
4900,CA-2016-130484,8/22/2016,SG-20470,Oregon,West,OFF-BI-10000088,26.352,8
4901,CA-2017-120936,12/17/2017,CA-12310,California,West,OFF-ST-10001526,481.32,4
4902,CA-2017-120936,12/17/2017,CA-12310,California,West,OFF-SU-10002557,13.98,1
4903,CA-2017-110884,3/7/2017,SH-20395,New York,East,OFF-BI-10003669,25.92,6
4904,CA-2017-110884,3/7/2017,SH-20395,New York,East,OFF-LA-10003510,91.59,3
4905,US-2014-161613,12/1/2014,MC-17605,Texas,Central,FUR-CH-10003746,674.058,3
4906,US-2014-146353,10/14/2014,JE-15610,New Hampshire,East,OFF-BI-10003476,22.92,4
4907,US-2014-146353,10/14/2014,JE-15610,New Hampshire,East,OFF-ST-10001469,269.9,5
4908,CA-2014-133809,11/18/2014,MS-17530,Ohio,East,OFF-BI-10001757,11.808,8
4909,CA-2014-133809,11/18/2014,MS-17530,Ohio,East,TEC-PH-10004875,9.588,2
4910,CA-2017-127306,1/14/2017,BH-11710,Tennessee,South,OFF-EN-10001219,18.336,3
4911,CA-2017-127306,1/14/2017,BH-11710,Tennessee,South,OFF-PA-10000019,36.288,7
4912,CA-2017-127306,1/14/2017,BH-11710,Tennessee,South,TEC-PH-10001924,111.984,2
4913,CA-2017-127306,1/14/2017,BH-11710,Tennessee,South,OFF-BI-10002003,5.97,5
4914,CA-2017-127306,1/14/2017,BH-11710,Tennessee,South,OFF-BI-10003727,2.508,2
4915,CA-2015-161830,9/24/2015,ME-17725,Washington,West,OFF-AR-10004042,35.96,2
4916,CA-2015-161830,9/24/2015,ME-17725,Washington,West,OFF-BI-10001097,14.952,3
4917,CA-2017-163125,10/9/2017,MB-17305,Texas,Central,OFF-AR-10004344,67.144,7
4918,CA-2017-163125,10/9/2017,MB-17305,Texas,Central,FUR-CH-10001802,254.058,3
4919,CA-2016-160304,1/2/2016,BM-11575,Maryland,East,FUR-BO-10004709,173.94,3
4920,CA-2016-160304,1/2/2016,BM-11575,Maryland,East,TEC-PH-10000455,231.98,2
4921,CA-2017-101728,8/19/2017,SC-20575,Illinois,Central,OFF-BI-10002393,2.296,2
4922,CA-2017-114055,12/25/2017,MH-18115,Alabama,South,OFF-PA-10004381,96.08,2
4923,CA-2017-114055,12/25/2017,MH-18115,Alabama,South,OFF-FA-10003059,3.62,2
4924,CA-2017-114055,12/25/2017,MH-18115,Alabama,South,OFF-PA-10000994,629.1,6
4925,CA-2017-114055,12/25/2017,MH-18115,Alabama,South,TEC-PH-10002890,90.48,2
4926,CA-2017-126438,9/10/2017,AR-10345,Massachusetts,East,OFF-AR-10003338,14.88,2
4927,CA-2017-117653,10/19/2017,MO-17500,Illinois,Central,FUR-TA-10003008,91.275,1
4928,CA-2017-143245,12/1/2017,AD-10180,Connecticut,East,OFF-PA-10001972,19.44,3
4929,CA-2017-143245,12/1/2017,AD-10180,Connecticut,East,FUR-CH-10000155,897.15,3
4930,US-2014-138828,9/2/2014,KD-16345,New York,East,OFF-AR-10000658,57.75,5
4931,US-2014-138828,9/2/2014,KD-16345,New York,East,OFF-PA-10000349,14.94,3
4932,CA-2017-143651,3/25/2017,FM-14215,Washington,West,OFF-AR-10001446,23.1,2
4933,CA-2015-106978,9/28/2015,ZC-21910,Colorado,West,OFF-EN-10004483,12.536,1
4934,CA-2015-106978,9/28/2015,ZC-21910,Colorado,West,OFF-BI-10002012,1.08,2
4935,CA-2015-106978,9/28/2015,ZC-21910,Colorado,West,OFF-FA-10003021,4.512,3
4936,CA-2015-155124,3/15/2015,KS-16300,Utah,West,TEC-PH-10003356,16.776,3
4937,CA-2017-150931,1/6/2017,DP-13390,Alabama,South,OFF-BI-10004728,33.74,7
4938,CA-2014-157147,1/13/2014,BD-11605,California,West,OFF-ST-10000078,1325.85,5
4939,CA-2014-157147,1/13/2014,BD-11605,California,West,FUR-BO-10003034,333.999,3
4940,CA-2014-157147,1/13/2014,BD-11605,California,West,OFF-AR-10003514,19.9,5
4941,CA-2015-156482,2/6/2015,IL-15100,Delaware,East,FUR-CH-10001708,1268.82,9
4942,CA-2015-156482,2/6/2015,IL-15100,Delaware,East,FUR-BO-10002598,283.92,4
4943,CA-2015-156482,2/6/2015,IL-15100,Delaware,East,OFF-AR-10001022,5.68,2
4944,CA-2017-106782,12/21/2017,LP-17095,Indiana,Central,OFF-ST-10004459,375.34,1
4945,CA-2016-151372,9/5/2016,JH-15985,California,West,OFF-PA-10004381,96.08,2
4946,CA-2016-151372,9/5/2016,JH-15985,California,West,OFF-BI-10000050,11.68,2
4947,CA-2016-151372,9/5/2016,JH-15985,California,West,OFF-FA-10000304,4.36,2
4948,CA-2014-102085,10/4/2014,JD-16015,Washington,West,OFF-LA-10002475,29.24,4
4949,CA-2017-107125,11/27/2017,BD-11320,California,West,OFF-BI-10001989,117.488,7
4950,CA-2017-107125,11/27/2017,BD-11320,California,West,FUR-FU-10000732,18.84,3
4951,CA-2016-125815,10/28/2016,DL-13330,New York,East,OFF-AR-10004441,12.42,3
4952,CA-2015-144190,6/9/2015,NC-18415,Michigan,Central,OFF-PA-10000304,12.96,2
4953,CA-2017-117926,12/8/2017,AS-10225,California,West,OFF-AP-10002670,69.48,1
4954,CA-2015-153906,3/16/2015,MS-17980,New York,East,TEC-PH-10001527,85.9,2
4955,CA-2014-160262,6/9/2014,TS-21205,Nevada,West,OFF-AR-10002335,18.06,7
4956,CA-2014-160262,6/9/2014,TS-21205,Nevada,West,OFF-PA-10003641,79.14,3
4957,CA-2014-160262,6/9/2014,TS-21205,Nevada,West,FUR-FU-10002685,37.4,2
4958,CA-2015-127607,3/20/2015,JK-15730,Texas,Central,OFF-BI-10001308,2.512,2
4959,CA-2015-127607,3/20/2015,JK-15730,Texas,Central,OFF-FA-10003485,18.864,9
4960,CA-2016-166226,11/18/2016,TC-21535,California,West,TEC-PH-10003357,61.192,1
4961,CA-2016-166226,11/18/2016,TC-21535,California,West,OFF-AP-10002867,67.84,1
4962,CA-2014-156587,3/7/2014,AB-10015,Washington,West,FUR-CH-10004477,48.712,1
4963,CA-2014-156587,3/7/2014,AB-10015,Washington,West,OFF-AR-10001427,17.94,3
4964,CA-2014-156587,3/7/2014,AB-10015,Washington,West,OFF-ST-10002344,242.94,3
4965,CA-2016-141180,5/15/2016,DP-13000,Florida,South,OFF-BI-10000301,7.764,4
4966,CA-2015-109708,5/25/2015,CY-12745,Tennessee,South,TEC-PH-10001944,467.04,4
4967,CA-2015-122406,8/2/2015,BE-11455,Rhode Island,East,TEC-PH-10001527,128.85,3
4968,CA-2015-122406,8/2/2015,BE-11455,Rhode Island,East,OFF-PA-10001307,8.4,2
4969,CA-2015-122406,8/2/2015,BE-11455,Rhode Island,East,TEC-AC-10004571,199.98,2
4970,CA-2015-122406,8/2/2015,BE-11455,Rhode Island,East,FUR-CH-10001973,110.98,1
4971,US-2016-153815,11/6/2016,KL-16555,Florida,South,FUR-CH-10000513,207.984,2
4972,US-2016-153815,11/6/2016,KL-16555,Florida,South,OFF-PA-10002421,36.112,2
4973,US-2016-153815,11/6/2016,KL-16555,Florida,South,FUR-FU-10004090,35.568,2
4974,US-2016-153815,11/6/2016,KL-16555,Florida,South,OFF-PA-10004071,88.768,2
4975,CA-2016-164896,11/7/2016,PS-19045,California,West,OFF-PA-10002246,12.9,2
4976,CA-2015-142202,9/18/2015,JR-16210,Florida,South,TEC-AC-10003198,717.12,9
4977,CA-2015-165050,12/7/2015,AH-10210,New York,East,OFF-BI-10001031,21.36,5
4978,CA-2015-165050,12/7/2015,AH-10210,New York,East,OFF-BI-10003727,6.688,2
4979,CA-2015-165050,12/7/2015,AH-10210,New York,East,TEC-PH-10001336,773.94,6
4980,US-2016-131114,12/9/2016,RW-19630,Illinois,Central,OFF-SU-10001664,20.568,3
4981,US-2016-131114,12/9/2016,RW-19630,Illinois,Central,OFF-AP-10003971,4.356,2
4982,US-2016-131114,12/9/2016,RW-19630,Illinois,Central,TEC-AC-10000199,19.04,4
4983,CA-2014-160066,11/16/2014,AH-10075,California,West,OFF-LA-10001045,5.22,2
4984,CA-2016-109925,11/6/2016,IM-15070,California,West,OFF-ST-10003442,84.84,3
4985,CA-2015-160696,9/6/2015,CK-12760,Tennessee,South,OFF-FA-10003059,7.24,5
4986,CA-2014-125171,9/3/2014,AG-10390,New York,East,OFF-LA-10001175,14.4,5
4987,CA-2016-149279,4/24/2016,CL-12700,Colorado,West,OFF-PA-10003441,15.552,3
4988,CA-2016-149279,4/24/2016,CL-12700,Colorado,West,FUR-CH-10004287,1325.76,6
4989,CA-2016-149279,4/24/2016,CL-12700,Colorado,West,OFF-BI-10004040,3.108,2
4990,CA-2017-107321,8/31/2017,AW-10930,California,West,OFF-BI-10004022,6.672,3
4991,CA-2017-107321,8/31/2017,AW-10930,California,West,TEC-PH-10002200,689.408,4
4992,US-2017-122714,12/7/2017,HG-14965,Illinois,Central,OFF-BI-10001120,1889.99,5
4993,CA-2015-153038,12/18/2015,RB-19645,Tennessee,South,OFF-EN-10000461,55.936,8
4994,CA-2015-153038,12/18/2015,RB-19645,Tennessee,South,OFF-LA-10004008,18.432,8
4995,CA-2015-153038,12/18/2015,RB-19645,Tennessee,South,FUR-FU-10000221,20.32,5
4996,CA-2014-132227,11/4/2014,SZ-20035,New York,East,OFF-BI-10000962,52.064,4
4997,CA-2017-155824,3/10/2017,KS-16300,North Carolina,South,OFF-AP-10000390,48.784,1
4998,CA-2017-155824,3/10/2017,KS-16300,North Carolina,South,OFF-BI-10000014,13.092,4
4999,CA-2016-129238,1/31/2016,SC-20050,California,West,TEC-PH-10004120,109.592,1
5000,CA-2016-129238,1/31/2016,SC-20050,California,West,OFF-PA-10002764,56.7,5
5001,CA-2017-159688,5/7/2017,AB-10060,California,West,TEC-AC-10000736,79.99,1
5002,CA-2016-136126,5/24/2016,EH-14125,Virginia,South,OFF-SU-10000898,69.5,5
5003,CA-2016-136126,5/24/2016,EH-14125,Virginia,South,OFF-PA-10004327,191.6,4
5004,CA-2016-155033,10/7/2016,CC-12475,California,West,OFF-PA-10000143,10.56,2
5005,CA-2014-156006,4/30/2014,TM-21010,Mississippi,South,TEC-AC-10002550,47.79,3
5006,CA-2015-158659,11/10/2015,SC-20695,Indiana,Central,OFF-ST-10003306,714.3,5
5007,CA-2015-169796,11/9/2015,Dp-13240,New York,East,TEC-MA-10000045,2321.9,2
5008,CA-2015-169796,11/9/2015,Dp-13240,New York,East,OFF-ST-10001505,17.94,3
5009,CA-2015-102876,9/7/2015,LR-17035,Pennsylvania,East,OFF-BI-10004781,9.522,1
5010,CA-2015-102876,9/7/2015,LR-17035,Pennsylvania,East,TEC-PH-10002680,791.964,6
5011,CA-2015-102876,9/7/2015,LR-17035,Pennsylvania,East,OFF-BI-10000848,4.923,3
5012,US-2017-139647,5/11/2017,TS-21370,Arizona,West,FUR-BO-10004467,209.979,7
5013,US-2017-160465,7/21/2017,SW-20350,Ohio,East,OFF-BI-10001670,33.93,3
5014,US-2017-160465,7/21/2017,SW-20350,Ohio,East,OFF-ST-10000136,222.32,7
5015,US-2017-160465,7/21/2017,SW-20350,Ohio,East,TEC-PH-10004522,210.564,6
5016,CA-2014-153850,11/24/2014,TH-21100,Ohio,East,FUR-FU-10002960,35.168,7
5017,CA-2014-153850,11/24/2014,TH-21100,Ohio,East,TEC-PH-10002584,1502.376,4
5018,CA-2014-127558,11/15/2014,SS-20410,California,West,FUR-FU-10002505,10.11,3
5019,CA-2014-127558,11/15/2014,SS-20410,California,West,TEC-AC-10003832,772.47,3
5020,CA-2014-127558,11/15/2014,SS-20410,California,West,OFF-SU-10002537,20.46,2
5021,CA-2017-136511,3/23/2017,MZ-17515,New York,East,OFF-SU-10003505,347.58,3
5022,CA-2016-133795,12/18/2016,JE-15475,California,West,TEC-AC-10001465,72.64,2
5023,CA-2016-133795,12/18/2016,JE-15475,California,West,TEC-AC-10003832,772.47,3
5024,CA-2016-133795,12/18/2016,JE-15475,California,West,FUR-FU-10003731,39.92,4
5025,US-2017-130953,7/29/2017,RF-19735,Oklahoma,Central,OFF-BI-10004828,33.48,2
5026,US-2017-130953,7/29/2017,RF-19735,Oklahoma,Central,TEC-PH-10003012,461.97,3
5027,US-2017-130953,7/29/2017,RF-19735,Oklahoma,Central,OFF-AP-10002311,137.62,2
5028,US-2017-130953,7/29/2017,RF-19735,Oklahoma,Central,FUR-CH-10004626,302.67,3
5029,CA-2014-151792,9/2/2014,CV-12295,Illinois,Central,TEC-AC-10001606,239.976,3
5030,CA-2017-139304,1/29/2017,VG-21790,California,West,OFF-AR-10001216,8.34,3
5031,CA-2017-139304,1/29/2017,VG-21790,California,West,OFF-SU-10001664,8.57,1
5032,CA-2017-139304,1/29/2017,VG-21790,California,West,OFF-BI-10002498,119.616,8
5033,CA-2016-155166,12/26/2016,BB-11545,New Jersey,East,FUR-CH-10003968,212.94,3
5034,CA-2016-155166,12/26/2016,BB-11545,New Jersey,East,OFF-AP-10002765,26.49,1
5035,CA-2015-103954,8/9/2015,HR-14770,Wisconsin,Central,FUR-BO-10004690,687.4,5
5036,CA-2014-169803,4/6/2014,SC-20260,Washington,West,FUR-TA-10000688,653.55,3
5037,CA-2014-169803,4/6/2014,SC-20260,Washington,West,TEC-AC-10003441,33.9,2
5038,CA-2017-141719,11/17/2017,EG-13900,Illinois,Central,TEC-AC-10003610,239.96,5
5039,CA-2015-136469,7/11/2015,TS-21370,Delaware,East,FUR-TA-10001520,199.836,4
5040,CA-2015-136469,7/11/2015,TS-21370,Delaware,East,TEC-PH-10001817,716,2
5041,CA-2015-136469,7/11/2015,TS-21370,Delaware,East,OFF-BI-10004492,221.06,7
5042,CA-2016-158694,11/10/2016,AI-10855,California,West,OFF-PA-10002421,67.71,3
5043,CA-2016-158694,11/10/2016,AI-10855,California,West,OFF-AP-10000055,129.92,4
5044,CA-2016-158694,11/10/2016,AI-10855,California,West,FUR-FU-10000965,467.46,9
5045,CA-2016-158694,11/10/2016,AI-10855,California,West,OFF-PA-10001363,61.4,5
5046,CA-2016-158694,11/10/2016,AI-10855,California,West,OFF-ST-10001496,720.76,4
5047,CA-2016-158694,11/10/2016,AI-10855,California,West,OFF-BI-10004656,5.184,3
5048,CA-2016-158694,11/10/2016,AI-10855,California,West,OFF-AR-10001227,14.7,5
5049,US-2014-104759,3/31/2014,DD-13570,Illinois,Central,OFF-BI-10002071,8.134,7
5050,US-2014-104759,3/31/2014,DD-13570,Illinois,Central,TEC-AC-10004901,79.984,2
5051,CA-2015-150511,9/18/2015,AB-10060,Washington,West,OFF-PA-10001776,18.54,2
5052,CA-2015-134922,11/7/2015,KB-16240,Pennsylvania,East,OFF-EN-10000483,24.4,2
5053,US-2017-120607,5/19/2017,JC-15775,Georgia,South,OFF-PA-10003129,195.64,4
5054,CA-2015-141243,1/3/2015,AH-10465,Texas,Central,TEC-AC-10003198,398.4,5
5055,CA-2015-141243,1/3/2015,AH-10465,Texas,Central,OFF-AR-10001246,7.056,3
5056,CA-2015-141243,1/3/2015,AH-10465,Texas,Central,FUR-BO-10003272,1352.3976,9
5057,CA-2015-162166,9/8/2015,NM-18520,California,West,OFF-PA-10002606,26.4,5
5058,CA-2015-162166,9/8/2015,NM-18520,California,West,OFF-ST-10002486,41.88,6
5059,CA-2016-120796,4/3/2016,CS-11950,Pennsylvania,East,OFF-BI-10004330,99.846,9
5060,CA-2016-109722,12/5/2016,TP-21130,Kentucky,South,TEC-PH-10000560,699.98,2
5061,CA-2016-109722,12/5/2016,TP-21130,Kentucky,South,OFF-ST-10000060,584.82,9
5062,CA-2015-136798,5/8/2015,DL-12925,Minnesota,Central,OFF-BI-10003684,43.98,2
5063,CA-2015-136798,5/8/2015,DL-12925,Minnesota,Central,TEC-PH-10000441,377.97,3
5064,CA-2015-136798,5/8/2015,DL-12925,Minnesota,Central,FUR-FU-10000723,123.96,3
5065,CA-2017-122196,9/22/2017,CA-12265,Delaware,East,TEC-PH-10004977,391.98,2
5066,CA-2017-142090,11/30/2017,SC-20380,North Carolina,South,TEC-AC-10002001,383.976,3
5067,CA-2017-142090,11/30/2017,SC-20380,North Carolina,South,FUR-TA-10001889,1781.682,7
5068,CA-2017-160934,1/15/2017,TT-21460,California,West,OFF-AR-10003504,21.4,5
5069,CA-2014-124478,8/8/2014,MA-17560,Michigan,Central,TEC-CO-10001571,549.99,1
5070,CA-2014-124478,8/8/2014,MA-17560,Michigan,Central,OFF-AP-10002495,167.535,3
5071,CA-2014-124478,8/8/2014,MA-17560,Michigan,Central,OFF-EN-10002500,38.34,3
5072,CA-2014-124478,8/8/2014,MA-17560,Michigan,Central,FUR-FU-10002088,53.88,6
5073,CA-2014-124478,8/8/2014,MA-17560,Michigan,Central,TEC-PH-10001128,299.98,2
5074,CA-2015-145485,11/5/2015,JM-16195,California,West,OFF-ST-10000649,62.8,4
5075,CA-2017-151071,4/25/2017,MB-18085,California,West,OFF-BI-10002103,13.904,2
5076,CA-2014-134572,4/20/2014,SV-20365,Texas,Central,FUR-TA-10001705,744.1,5
5077,CA-2014-134572,4/20/2014,SV-20365,Texas,Central,OFF-ST-10004634,44.84,5
5078,CA-2014-134572,4/20/2014,SV-20365,Texas,Central,FUR-TA-10004442,401.59,2
5079,CA-2017-143217,11/11/2017,CG-12040,Wisconsin,Central,OFF-BI-10002949,18.24,3
5080,US-2017-133312,11/25/2017,BD-11500,California,West,FUR-BO-10002213,359.499,3
5081,US-2017-133312,11/25/2017,BD-11500,California,West,OFF-ST-10001325,10.48,1
5082,US-2015-137533,12/18/2015,JK-15640,Ohio,East,OFF-PA-10003441,20.736,4
5083,CA-2016-155138,9/8/2016,JM-15580,North Carolina,South,TEC-AC-10004209,35.168,4
5084,CA-2016-155138,9/8/2016,JM-15580,North Carolina,South,OFF-PA-10000501,64.704,3
5085,CA-2016-108350,6/6/2016,SC-20230,Massachusetts,East,OFF-PA-10003656,105.52,4
5086,CA-2015-144302,6/19/2015,ME-17320,Texas,Central,OFF-BI-10001107,5.792,2
5087,CA-2015-109001,3/5/2015,KN-16390,Pennsylvania,East,TEC-PH-10000562,466.158,7
5088,CA-2015-109001,3/5/2015,KN-16390,Pennsylvania,East,TEC-AC-10001101,10.312,1
5089,CA-2015-109001,3/5/2015,KN-16390,Pennsylvania,East,OFF-BI-10003529,2.556,3
5090,CA-2017-132738,8/4/2017,HM-14860,Colorado,West,OFF-PA-10001752,7.968,2
5091,CA-2017-132738,8/4/2017,HM-14860,Colorado,West,OFF-EN-10001141,8.784,1
5092,CA-2017-156720,12/30/2017,JM-15580,Colorado,West,OFF-FA-10003472,3.024,3
5093,CA-2015-119102,5/23/2015,KH-16690,Rhode Island,East,OFF-ST-10004507,51.45,3
5094,US-2014-140452,12/6/2014,BK-11260,Illinois,Central,OFF-AP-10004036,14.016,4
5095,US-2014-140452,12/6/2014,BK-11260,Illinois,Central,FUR-TA-10004086,214.95,5
5096,US-2014-140452,12/6/2014,BK-11260,Illinois,Central,TEC-PH-10000307,35.04,4
5097,US-2014-140452,12/6/2014,BK-11260,Illinois,Central,FUR-FU-10002088,10.776,3
5098,US-2014-140452,12/6/2014,BK-11260,Illinois,Central,OFF-BI-10004965,4.6,2
5099,US-2014-140452,12/6/2014,BK-11260,Illinois,Central,OFF-ST-10002485,35.168,2
5100,CA-2015-141936,8/7/2015,PN-18775,California,West,OFF-BI-10002194,19.152,3
5101,CA-2014-158442,3/17/2014,AZ-10750,Texas,Central,OFF-AR-10003732,4.448,2
5102,CA-2014-158442,3/17/2014,AZ-10750,Texas,Central,OFF-PA-10002195,5.184,1
5103,CA-2014-158442,3/17/2014,AZ-10750,Texas,Central,OFF-PA-10002365,15.552,3
5104,CA-2015-167374,3/26/2015,GM-14500,Pennsylvania,East,OFF-PA-10001950,40.032,6
5105,CA-2015-167374,3/26/2015,GM-14500,Pennsylvania,East,TEC-AC-10004633,16.776,3
5106,CA-2014-116568,12/14/2014,BM-11785,Florida,South,FUR-CH-10002439,186.304,4
5107,CA-2015-147102,9/19/2015,NH-18610,Georgia,South,TEC-AC-10000682,66.36,4
5108,CA-2017-132213,4/25/2017,PN-18775,Tennessee,South,OFF-AR-10004078,42.048,9
5109,CA-2017-132213,4/25/2017,PN-18775,Tennessee,South,OFF-AR-10001958,67.92,5
5110,CA-2014-138450,10/18/2014,EH-13765,Pennsylvania,East,OFF-EN-10001335,52.512,6
5111,CA-2014-138450,10/18/2014,EH-13765,Pennsylvania,East,OFF-ST-10003479,186.912,6
5112,CA-2014-138450,10/18/2014,EH-13765,Pennsylvania,East,OFF-PA-10003016,10.048,4
5113,CA-2015-153073,11/13/2015,HA-14905,Illinois,Central,FUR-FU-10001025,17.496,9
5114,CA-2016-147970,1/31/2016,AB-10150,Texas,Central,OFF-PA-10003936,15.552,3
5115,CA-2016-150658,11/17/2016,MS-17365,New Mexico,West,OFF-BI-10004140,10.776,3
5116,CA-2017-125640,7/25/2017,DD-13570,Pennsylvania,East,OFF-LA-10004178,3.304,1
5117,CA-2017-154137,11/11/2017,MT-17815,New York,East,OFF-ST-10003324,35.48,1
5118,CA-2015-127173,9/26/2015,GM-14500,New York,East,OFF-FA-10004854,34.44,3
5119,CA-2015-127173,9/26/2015,GM-14500,New York,East,TEC-MA-10002859,629.93,7
5120,CA-2015-127173,9/26/2015,GM-14500,New York,East,OFF-BI-10000088,79.056,9
5121,CA-2014-149538,4/4/2014,KB-16585,Louisiana,South,OFF-ST-10004180,232.55,5
5122,CA-2014-149538,4/4/2014,KB-16585,Louisiana,South,TEC-AC-10002926,99.98,2
5123,CA-2014-149538,4/4/2014,KB-16585,Louisiana,South,OFF-PA-10003797,19.44,3
5124,CA-2014-149538,4/4/2014,KB-16585,Louisiana,South,OFF-PA-10002195,12.96,2
5125,CA-2014-160766,9/14/2014,DM-13015,New York,East,FUR-TA-10001039,464.292,9
5126,CA-2014-160766,9/14/2014,DM-13015,New York,East,OFF-EN-10001099,68.46,7
5127,CA-2014-160766,9/14/2014,DM-13015,New York,East,TEC-MA-10003979,2799.96,4
5128,CA-2014-160766,9/14/2014,DM-13015,New York,East,OFF-AP-10002945,601.3,2
5129,CA-2014-160766,9/14/2014,DM-13015,New York,East,TEC-PH-10001536,16.99,1
5130,CA-2014-160766,9/14/2014,DM-13015,New York,East,TEC-PH-10000526,287.97,3
5131,CA-2014-160766,9/14/2014,DM-13015,New York,East,OFF-PA-10000213,44.82,9
5132,CA-2017-146626,12/29/2017,BP-11185,California,West,FUR-FU-10002501,101.12,8
5133,CA-2015-123330,6/21/2015,EP-13915,Florida,South,TEC-PH-10001819,107.976,3
5134,CA-2017-155607,11/26/2017,FG-14260,New York,East,OFF-AP-10001962,58.73,7
5135,CA-2017-155607,11/26/2017,FG-14260,New York,East,OFF-BI-10003364,93.344,4
5136,CA-2016-151323,10/23/2016,AB-10255,Washington,West,OFF-FA-10002983,17.05,5
5137,CA-2015-146696,12/14/2015,RD-19480,California,West,OFF-BI-10002432,8.096,2
5138,CA-2016-128972,11/13/2016,TS-21430,Oklahoma,Central,FUR-FU-10003096,30.36,4
5139,CA-2017-128335,9/29/2017,JA-15970,New York,East,OFF-EN-10001539,23.34,3
5140,CA-2017-128335,9/29/2017,JA-15970,New York,East,OFF-PA-10004996,51.55,5
5141,CA-2015-154886,11/8/2015,SW-20455,California,West,TEC-AC-10001956,119.9,2
5142,CA-2016-111213,4/1/2016,FP-14320,New York,East,FUR-CH-10000454,1317.492,6
5143,CA-2016-111213,4/1/2016,FP-14320,New York,East,OFF-SU-10000946,63.84,8
5144,CA-2016-111213,4/1/2016,FP-14320,New York,East,OFF-BI-10004140,3.592,1
5145,CA-2017-161333,2/2/2017,JL-15835,California,West,FUR-FU-10003039,86.26,2
5146,CA-2017-161333,2/2/2017,JL-15835,California,West,OFF-ST-10000464,139.04,4
5147,CA-2017-161333,2/2/2017,JL-15835,California,West,OFF-AP-10000252,46.8,4
5148,CA-2017-128734,12/24/2017,JL-15175,Arizona,West,FUR-FU-10001731,8.544,4
5149,CA-2017-128734,12/24/2017,JL-15175,Arizona,West,FUR-CH-10001394,842.376,3
5150,CA-2014-141796,6/21/2014,JG-15160,New York,East,TEC-PH-10001578,1214.85,3
5151,CA-2017-125101,3/6/2017,SH-19975,California,West,OFF-ST-10000675,67.78,2
5152,CA-2017-169929,9/25/2017,LS-17200,Montana,West,OFF-ST-10002352,39.9,5
5153,US-2014-121566,6/30/2014,CS-11860,New York,East,OFF-BI-10004528,2.688,1
5154,US-2014-121566,6/30/2014,CS-11860,New York,East,OFF-AR-10001026,6.6,3
5155,US-2015-124219,8/7/2015,KW-16570,Missouri,Central,OFF-BI-10002215,28.4,4
5156,US-2015-124219,8/7/2015,KW-16570,Missouri,Central,FUR-FU-10000305,212.94,3
5157,CA-2017-163006,6/30/2017,GH-14410,Illinois,Central,TEC-PH-10002584,1001.584,2
5158,CA-2017-163006,6/30/2017,GH-14410,Illinois,Central,FUR-CH-10000229,569.058,3
5159,CA-2017-163006,6/30/2017,GH-14410,Illinois,Central,FUR-FU-10003799,14.224,2
5160,CA-2015-156146,10/26/2015,AG-10495,Arizona,West,TEC-PH-10001700,105.584,2
5161,CA-2015-156146,10/26/2015,AG-10495,Arizona,West,TEC-PH-10001527,68.72,2
5162,CA-2014-111192,7/30/2014,TS-21430,Washington,West,FUR-BO-10002916,1367.84,8
5163,CA-2016-115378,11/18/2016,AJ-10945,Michigan,Central,FUR-CH-10000863,301.96,2
5164,CA-2015-161627,7/6/2015,SJ-20215,California,West,FUR-CH-10003968,170.352,3
5165,CA-2014-121006,11/10/2014,SC-20020,Michigan,Central,OFF-AR-10001149,3.9,2
5166,CA-2014-121006,11/10/2014,SC-20020,Michigan,Central,OFF-PA-10000130,12.84,3
5167,CA-2014-121006,11/10/2014,SC-20020,Michigan,Central,OFF-PA-10002479,15.84,3
5168,CA-2014-121006,11/10/2014,SC-20020,Michigan,Central,FUR-CH-10004997,563.94,3
5169,CA-2014-121006,11/10/2014,SC-20020,Michigan,Central,OFF-ST-10004950,62.94,3
5170,CA-2014-121006,11/10/2014,SC-20020,Michigan,Central,OFF-ST-10001490,535.41,3
5171,CA-2016-122903,5/27/2016,LA-16780,Michigan,Central,FUR-CH-10002024,3504.9,5
5172,CA-2016-122903,5/27/2016,LA-16780,Michigan,Central,OFF-PA-10001790,144.12,3
5173,CA-2016-122903,5/27/2016,LA-16780,Michigan,Central,OFF-PA-10000994,314.55,3
5174,CA-2015-107741,3/8/2015,FC-14335,Colorado,West,OFF-AR-10002399,3.408,1
5175,CA-2017-106432,10/19/2017,CA-12265,Texas,Central,OFF-BI-10002799,2.072,2
5176,CA-2017-106432,10/19/2017,CA-12265,Texas,Central,FUR-BO-10004360,328.3992,3
5177,CA-2016-148908,11/5/2016,JH-15985,California,West,OFF-BI-10002082,53.248,2
5178,CA-2016-123015,12/26/2016,AJ-10795,New York,East,OFF-BI-10004967,4.992,3
5179,US-2015-120502,4/13/2015,BT-11395,California,West,FUR-FU-10004973,37.68,2
5180,US-2015-120502,4/13/2015,BT-11395,California,West,TEC-PH-10003645,258.576,2
5181,US-2015-120502,4/13/2015,BT-11395,California,West,OFF-AP-10004980,75.84,2
5182,CA-2017-108749,9/12/2017,DJ-13510,Rhode Island,East,OFF-PA-10003797,45.36,7
5183,CA-2017-108749,9/12/2017,DJ-13510,Rhode Island,East,OFF-BI-10003707,45.78,3
5184,CA-2017-163335,9/24/2017,AG-10675,Georgia,South,OFF-ST-10000885,40.29,3
5185,CA-2017-163335,9/24/2017,AG-10675,Georgia,South,OFF-BI-10002827,38.71,7
5186,CA-2015-134719,10/10/2015,JD-15790,Florida,South,OFF-ST-10004459,1801.632,6
5187,US-2015-154389,11/27/2015,EH-14125,Pennsylvania,East,TEC-PH-10002789,748.752,8
5188,CA-2015-115567,9/13/2015,ZC-21910,Indiana,Central,TEC-AC-10001314,199.96,4
5189,CA-2015-115567,9/13/2015,ZC-21910,Indiana,Central,FUR-CH-10000015,1516.2,7
5190,US-2017-136679,11/14/2017,XP-21865,Texas,Central,TEC-AC-10004855,167.952,6
5191,US-2017-136679,11/14/2017,XP-21865,Texas,Central,OFF-AR-10003582,45.04,2
5192,US-2017-141943,5/5/2017,DK-12985,California,West,OFF-EN-10003448,23.16,2
5193,CA-2014-101560,11/28/2014,CS-12250,South Carolina,South,FUR-FU-10003773,397.6,5
5194,CA-2014-101560,11/28/2014,CS-12250,South Carolina,South,OFF-PA-10001363,85.96,7
5195,CA-2014-101560,11/28/2014,CS-12250,South Carolina,South,OFF-AR-10004757,13.12,4
5196,CA-2014-101560,11/28/2014,CS-12250,South Carolina,South,OFF-BI-10000309,45.66,3
5197,CA-2014-159709,5/10/2014,AI-10855,Washington,West,OFF-EN-10001434,158.13,3
5198,CA-2014-159709,5/10/2014,AI-10855,Washington,West,TEC-PH-10003988,43.6,5
5199,CA-2016-103982,3/3/2016,AA-10315,Texas,Central,OFF-SU-10000151,3930.072,3
5200,CA-2016-103982,3/3/2016,AA-10315,Texas,Central,OFF-FA-10001332,2.304,1
5201,CA-2016-103982,3/3/2016,AA-10315,Texas,Central,TEC-PH-10000895,431.976,3
5202,CA-2016-103982,3/3/2016,AA-10315,Texas,Central,TEC-AC-10002857,41.72,7
5203,CA-2015-142454,8/15/2015,RE-19450,California,West,FUR-FU-10004018,104.23,7
5204,CA-2015-142454,8/15/2015,RE-19450,California,West,OFF-ST-10003638,70.26,3
5205,CA-2015-102015,9/12/2015,TM-21010,New York,East,OFF-AR-10004685,9.26,2
5206,CA-2015-102015,9/12/2015,TM-21010,New York,East,OFF-ST-10001713,105.98,2
5207,CA-2015-102015,9/12/2015,TM-21010,New York,East,OFF-FA-10000490,1.24,1
5208,CA-2015-102015,9/12/2015,TM-21010,New York,East,OFF-LA-10002043,20.7,2
5209,CA-2015-102015,9/12/2015,TM-21010,New York,East,OFF-PA-10002464,28.9,5
5210,CA-2015-102015,9/12/2015,TM-21010,New York,East,OFF-EN-10002504,27.18,1
5211,CA-2015-156755,1/12/2015,YS-21880,Delaware,East,OFF-ST-10002615,465.18,3
5212,CA-2015-130876,5/12/2015,AZ-10750,New York,East,OFF-ST-10004258,36.63,3
5213,CA-2016-145898,9/26/2016,CM-12445,California,West,OFF-ST-10004507,51.45,3
5214,CA-2016-145898,9/26/2016,CM-12445,California,West,OFF-LA-10000262,7.83,3
5215,CA-2016-145898,9/26/2016,CM-12445,California,West,OFF-AR-10002445,35.4,5
5216,CA-2016-145898,9/26/2016,CM-12445,California,West,OFF-PA-10001667,29.9,5
5217,US-2017-159562,9/9/2017,JB-16000,Michigan,Central,OFF-EN-10000461,17.48,2
5218,CA-2017-134635,4/15/2017,NS-18640,California,West,OFF-PA-10002254,79.14,3
5219,CA-2017-167080,6/10/2017,LC-16930,New York,East,OFF-AR-10001868,8.4,5
5220,CA-2017-145653,9/1/2017,CA-12775,Michigan,Central,FUR-CH-10004875,498.26,7
5221,CA-2014-140487,6/14/2014,SR-20425,Michigan,Central,FUR-BO-10000711,212.94,3
5222,CA-2017-117401,5/18/2017,PP-18955,Missouri,Central,OFF-AP-10000938,706.86,7
5223,CA-2017-117401,5/18/2017,PP-18955,Missouri,Central,TEC-PH-10003555,114.95,5
5224,CA-2017-117401,5/18/2017,PP-18955,Missouri,Central,OFF-BI-10001267,43.19,7
5225,US-2017-109582,9/12/2017,JM-15865,California,West,OFF-PA-10004071,166.44,3
5226,CA-2016-119865,6/21/2016,AS-10090,New York,East,OFF-BI-10001553,36.56,5
5227,CA-2016-119865,6/21/2016,AS-10090,New York,East,OFF-BI-10003007,186.144,6
5228,CA-2016-119865,6/21/2016,AS-10090,New York,East,FUR-BO-10003272,353.568,2
5229,US-2014-147648,11/26/2014,LS-16975,California,West,OFF-PA-10001033,81.98,2
5230,CA-2017-124436,3/19/2017,SA-20830,California,West,OFF-BI-10001553,14.624,2
5231,CA-2017-124436,3/19/2017,SA-20830,California,West,FUR-TA-10001095,697.16,5
5232,CA-2017-124436,3/19/2017,SA-20830,California,West,FUR-FU-10001185,30.93,1
5233,CA-2017-124436,3/19/2017,SA-20830,California,West,OFF-BI-10000343,27.496,7
5234,CA-2014-115084,10/18/2014,LS-17200,Arkansas,South,FUR-CH-10004626,605.34,6
5235,CA-2017-131037,8/22/2017,TM-21490,California,West,FUR-TA-10001768,210.008,1
5236,CA-2016-111143,11/19/2016,TT-21265,Indiana,Central,OFF-AP-10001947,54.96,3
5237,CA-2014-166744,9/20/2014,DN-13690,Maryland,East,FUR-FU-10004952,164.22,3
5238,CA-2014-166744,9/20/2014,DN-13690,Maryland,East,FUR-BO-10001337,362.94,3
5239,CA-2014-166744,9/20/2014,DN-13690,Maryland,East,TEC-AC-10003628,59.98,2
5240,CA-2016-116561,9/11/2016,EB-14110,California,West,OFF-ST-10004186,332.94,3
5241,CA-2016-116561,9/11/2016,EB-14110,California,West,OFF-BI-10001658,39.872,2
5242,CA-2016-110730,9/23/2016,CM-11815,Washington,West,OFF-SU-10004737,13.68,2
5243,CA-2017-146367,8/4/2017,HM-14860,Texas,Central,OFF-BI-10002827,3.318,3
5244,CA-2016-149454,7/25/2016,KM-16375,Virginia,South,OFF-BI-10003694,10.44,1
5245,CA-2016-156265,8/2/2016,BF-11020,California,West,FUR-TA-10001691,136.464,2
5246,CA-2016-156265,8/2/2016,BF-11020,California,West,TEC-PH-10001918,333.576,3
5247,CA-2016-156265,8/2/2016,BF-11020,California,West,OFF-BI-10000285,12.544,2
5248,US-2015-168914,5/21/2015,JE-15745,Illinois,Central,OFF-AP-10000358,20.768,8
5249,US-2017-110989,11/3/2017,EJ-14155,Washington,West,TEC-AC-10002345,43.5,3
5250,CA-2015-106215,4/16/2015,BN-11470,Pennsylvania,East,OFF-FA-10001229,12.576,4
5251,US-2016-169369,12/12/2016,EC-14050,Georgia,South,TEC-AC-10001314,249.95,5
5252,US-2016-169369,12/12/2016,EC-14050,Georgia,South,OFF-PA-10004438,49.12,4
5253,CA-2015-132318,10/30/2015,TT-21220,Virginia,South,OFF-AP-10000026,182.91,3
5254,US-2014-131982,3/7/2014,NP-18685,Washington,West,OFF-BI-10004224,107.648,2
5255,CA-2015-125185,3/5/2015,AH-10195,Pennsylvania,East,FUR-CH-10002647,99.372,2
5256,CA-2015-125185,3/5/2015,AH-10195,Pennsylvania,East,FUR-FU-10003247,33.568,2
5257,CA-2016-130078,8/8/2016,CC-12145,Oklahoma,Central,OFF-PA-10003270,10.56,2
5258,US-2017-114034,1/3/2017,DL-13315,California,West,OFF-PA-10004735,38.88,6
5259,US-2017-115595,10/9/2017,XP-21865,California,West,OFF-PA-10001745,35.2,5
5260,CA-2017-158722,10/20/2017,MA-17560,Pennsylvania,East,OFF-PA-10000176,45.528,3
5261,CA-2014-105165,9/7/2014,SZ-20035,Texas,Central,TEC-PH-10000675,196.776,3
5262,CA-2014-105165,9/7/2014,SZ-20035,Texas,Central,OFF-BI-10000050,2.92,2
5263,CA-2014-105165,9/7/2014,SZ-20035,Texas,Central,FUR-TA-10004154,200.795,1
5264,CA-2014-105165,9/7/2014,SZ-20035,Texas,Central,TEC-AC-10002718,46.688,4
5265,CA-2014-105165,9/7/2014,SZ-20035,Texas,Central,OFF-AR-10003179,21.864,3
5266,CA-2017-147452,9/30/2017,CS-11845,Washington,West,OFF-PA-10001838,11.76,2
5267,CA-2017-147452,9/30/2017,CS-11845,Washington,West,OFF-PA-10004039,167.94,3
5268,CA-2017-147452,9/30/2017,CS-11845,Washington,West,OFF-AP-10001626,3.89,1
5269,US-2017-114657,11/16/2017,MH-18115,New York,East,TEC-MA-10003173,52.44,4
5270,CA-2017-144484,9/11/2017,CB-12025,California,West,FUR-FU-10000260,32.36,4
5271,CA-2017-144484,9/11/2017,CB-12025,California,West,OFF-AP-10004487,406.6,5
5272,CA-2017-125913,1/16/2017,JO-15145,California,West,FUR-FU-10001487,27.92,4
5273,CA-2017-125913,1/16/2017,JO-15145,California,West,FUR-TA-10001520,399.672,7
5274,US-2016-158309,11/26/2016,PA-19060,Florida,South,OFF-BI-10000145,3.744,4
5275,CA-2015-162887,11/7/2015,SV-20785,Vermont,East,FUR-CH-10000595,715.2,3
5276,CA-2017-147333,12/14/2017,KL-16555,Arkansas,South,TEC-AC-10004469,159.8,4
5277,CA-2017-147333,12/14/2017,KL-16555,Arkansas,South,TEC-AC-10003038,44.75,5
5278,CA-2014-113859,9/13/2014,BC-11125,Texas,Central,FUR-CH-10004698,340.116,6
5279,CA-2014-159681,12/7/2014,PO-18850,Virginia,South,OFF-PA-10003641,105.52,4
5280,US-2017-104094,9/7/2017,AG-10675,Wisconsin,Central,TEC-AC-10002134,13.48,1
5281,CA-2017-152709,10/7/2017,DB-13210,Michigan,Central,OFF-ST-10001837,85.52,2
5282,CA-2015-105158,9/5/2015,SP-20860,Minnesota,Central,FUR-FU-10001706,6.16,2
5283,CA-2015-105158,9/5/2015,SP-20860,Minnesota,Central,OFF-PA-10001970,36.84,3
5284,CA-2014-133424,3/30/2014,Dl-13600,Washington,West,OFF-ST-10002957,15.84,3
5285,CA-2014-133424,3/30/2014,Dl-13600,Washington,West,OFF-LA-10002312,44.4,3
5286,CA-2017-105991,5/5/2017,LH-17020,Colorado,West,OFF-EN-10002600,21.24,9
5287,CA-2017-105991,5/5/2017,LH-17020,Colorado,West,OFF-BI-10003274,9.552,8
5288,CA-2017-105991,5/5/2017,LH-17020,Colorado,West,FUR-BO-10004467,89.991,3
5289,US-2017-136784,4/30/2017,AD-10180,California,West,OFF-PA-10000675,163.96,4
5290,CA-2014-146283,9/8/2014,KT-16465,Texas,Central,OFF-PA-10002259,17.904,2
5291,CA-2014-146283,9/8/2014,KT-16465,Texas,Central,FUR-CH-10004287,966.7,5
5292,CA-2014-146283,9/8/2014,KT-16465,Texas,Central,OFF-PA-10000482,182.112,6
5293,CA-2017-151218,6/20/2017,PJ-19015,Florida,South,OFF-ST-10004835,4.464,1
5294,CA-2015-111073,12/26/2015,MC-18100,Ohio,East,FUR-TA-10004086,51.588,1
5295,CA-2017-144883,8/15/2017,BO-11350,Minnesota,Central,OFF-LA-10000305,50.4,8
5296,CA-2017-142174,3/4/2017,DP-13000,Texas,Central,OFF-PA-10000806,89.568,2
5297,CA-2017-108791,7/27/2017,TM-21490,New York,East,FUR-FU-10004018,14.89,1
5298,CA-2017-108791,7/27/2017,TM-21490,New York,East,TEC-PH-10002660,543.92,8
5299,CA-2016-106656,9/23/2016,DV-13045,California,West,OFF-EN-10001509,4.08,2
5300,CA-2016-106656,9/23/2016,DV-13045,California,West,OFF-LA-10003148,18.9,3
5301,CA-2016-113831,5/30/2016,AH-10690,Virginia,South,FUR-TA-10002645,2275.5,10
5302,CA-2016-113831,5/30/2016,AH-10690,Virginia,South,TEC-AC-10003033,1979.7,6
5303,CA-2016-113831,5/30/2016,AH-10690,Virginia,South,OFF-LA-10001297,62.1,6
5304,US-2014-139500,11/16/2014,AB-10165,Illinois,Central,FUR-CH-10002017,37.296,2
5305,US-2014-166310,9/21/2014,JS-15940,Texas,Central,FUR-FU-10001546,8.544,2
5306,US-2016-168410,2/21/2016,BV-11245,New York,East,FUR-FU-10000629,68.95,5
5307,US-2016-168410,2/21/2016,BV-11245,New York,East,OFF-ST-10000036,296.37,3
5308,US-2016-168410,2/21/2016,BV-11245,New York,East,TEC-PH-10002583,39.98,2
5309,CA-2017-131254,11/19/2017,NC-18415,Texas,Central,FUR-CH-10003774,191.058,3
5310,CA-2017-131254,11/19/2017,NC-18415,Texas,Central,OFF-AR-10003876,13.04,5
5311,CA-2017-131254,11/19/2017,NC-18415,Texas,Central,OFF-BI-10003527,1525.188,6
5312,CA-2016-123414,8/21/2016,SU-20665,North Carolina,South,OFF-LA-10004559,9.216,4
5313,CA-2016-123414,8/21/2016,SU-20665,North Carolina,South,OFF-SU-10002573,28.048,2
5314,CA-2017-137876,4/30/2017,DJ-13510,California,West,FUR-FU-10000222,64.96,2
5315,CA-2017-137876,4/30/2017,DJ-13510,California,West,OFF-EN-10001219,30.56,4
5316,CA-2016-154060,5/2/2016,DL-12865,North Carolina,South,FUR-CH-10002304,187.056,9
5317,US-2017-162558,10/2/2017,Dp-13240,Tennessee,South,FUR-FU-10002364,11.808,2
5318,US-2017-162558,10/2/2017,Dp-13240,Tennessee,South,FUR-FU-10004864,9.656,1
5319,US-2017-162558,10/2/2017,Dp-13240,Tennessee,South,OFF-PA-10003172,20.736,4
5320,US-2017-162558,10/2/2017,Dp-13240,Tennessee,South,OFF-BI-10000977,27.36,3
5321,US-2017-162558,10/2/2017,Dp-13240,Tennessee,South,FUR-TA-10000198,2314.116,7
5322,US-2017-162558,10/2/2017,Dp-13240,Tennessee,South,OFF-BI-10003984,34.236,4
5323,US-2017-162558,10/2/2017,Dp-13240,Tennessee,South,FUR-FU-10003691,19.76,2
5324,CA-2017-134439,9/18/2017,TM-21010,Nebraska,Central,OFF-PA-10004082,15.96,2
5325,CA-2015-119508,12/4/2015,TZ-21580,California,West,OFF-AR-10003723,16.9,5
5326,CA-2015-119508,12/4/2015,TZ-21580,California,West,FUR-FU-10004270,25.08,6
5327,CA-2015-152681,1/17/2015,SC-20260,Massachusetts,East,OFF-AR-10003183,6.68,2
5328,CA-2014-130813,1/6/2014,LS-17230,California,West,OFF-PA-10002005,19.44,3
5329,CA-2015-120320,3/5/2015,MV-18190,Texas,Central,TEC-PH-10000149,31.92,2
5330,CA-2016-111941,12/25/2016,BD-11620,New York,East,OFF-BI-10001524,33.568,2
5331,CA-2016-123120,9/4/2016,CV-12295,New York,East,FUR-FU-10004748,63.94,1
5332,CA-2016-123120,9/4/2016,CV-12295,New York,East,OFF-BI-10001460,60.6,5
5333,CA-2016-123120,9/4/2016,CV-12295,New York,East,OFF-SU-10002503,22.72,4
5334,CA-2014-103331,8/26/2014,KB-16315,Delaware,East,FUR-FU-10001731,10.68,4
5335,CA-2014-103331,8/26/2014,KB-16315,Delaware,East,OFF-PA-10002160,17.34,3
5336,CA-2014-103331,8/26/2014,KB-16315,Delaware,East,OFF-PA-10002659,3.38,1
5337,CA-2015-169278,5/21/2015,ME-18010,Washington,West,OFF-BI-10001636,26.976,4
5338,CA-2017-111577,10/16/2017,AJ-10780,Arizona,West,OFF-PA-10000062,307.776,7
5339,CA-2015-146486,11/9/2015,DV-13465,New York,East,OFF-ST-10002554,244.55,5
5340,CA-2015-146486,11/9/2015,DV-13465,New York,East,OFF-EN-10001509,12.24,6
5341,CA-2015-146486,11/9/2015,DV-13465,New York,East,TEC-AC-10002018,13.98,2
5342,CA-2015-146486,11/9/2015,DV-13465,New York,East,TEC-AC-10002637,899.95,5
5343,US-2014-168501,11/21/2014,JK-15325,Texas,Central,OFF-EN-10001509,1.632,1
5344,US-2014-168501,11/21/2014,JK-15325,Texas,Central,TEC-PH-10004922,267.96,5
5345,CA-2015-112053,10/11/2015,SH-20395,New York,East,TEC-AC-10002550,31.95,1
5346,CA-2017-108539,3/21/2017,SC-20725,California,West,OFF-ST-10003208,725.84,4
5347,CA-2017-108539,3/21/2017,SC-20725,California,West,OFF-BI-10003981,10.896,3
5348,CA-2017-108539,3/21/2017,SC-20725,California,West,OFF-BI-10001031,8.544,2
5349,CA-2015-149811,1/4/2015,CS-12250,Minnesota,Central,OFF-BI-10003676,32.34,3
5350,CA-2015-149811,1/4/2015,CS-12250,Minnesota,Central,OFF-PA-10004082,39.9,5
5351,US-2017-103814,12/9/2017,LH-16900,Illinois,Central,OFF-PA-10001019,143.856,9
5352,CA-2016-123932,9/6/2016,YC-21895,Texas,Central,OFF-PA-10004665,41.92,4
5353,CA-2016-123932,9/6/2016,YC-21895,Texas,Central,TEC-PH-10002447,329.584,2
5354,US-2016-101616,9/3/2016,CY-12745,Louisiana,South,OFF-BI-10000014,87.28,8
5355,CA-2014-113768,5/13/2014,AH-10030,California,West,FUR-CH-10002439,279.456,6
5356,CA-2014-113768,5/13/2014,AH-10030,California,West,OFF-PA-10003063,8,2
5357,CA-2016-138037,9/29/2016,AR-10540,California,West,OFF-BI-10002982,27.24,5
5358,CA-2014-150490,8/5/2014,SS-20590,California,West,TEC-AC-10004510,16.36,1
5359,CA-2014-150490,8/5/2014,SS-20590,California,West,OFF-ST-10000321,15.78,2
5360,CA-2014-150490,8/5/2014,SS-20590,California,West,OFF-AR-10004602,45.98,2
5361,US-2017-126060,4/14/2017,DW-13585,North Carolina,South,FUR-BO-10003433,198.272,8
5362,CA-2017-100951,6/9/2017,NC-18625,Texas,Central,OFF-ST-10001496,720.76,5
5363,CA-2016-122017,12/29/2016,CD-11920,Kansas,Central,FUR-FU-10000672,70.56,6
5364,CA-2016-122017,12/29/2016,CD-11920,Kansas,Central,OFF-AP-10001293,81.96,2
5365,CA-2014-123477,1/18/2014,DW-13195,Oregon,West,OFF-AP-10000692,64.864,4
5366,CA-2016-107790,11/20/2016,EH-13990,Texas,Central,TEC-PH-10004539,151.192,1
5367,CA-2017-158071,6/10/2017,BD-11320,Washington,West,TEC-PH-10002923,88.776,3
5368,CA-2017-158071,6/10/2017,BD-11320,Washington,West,OFF-LA-10004689,11.56,4
5369,CA-2017-158071,6/10/2017,BD-11320,Washington,West,OFF-ST-10001228,15.58,1
5370,CA-2017-147403,9/10/2017,KH-16630,Ohio,East,OFF-PA-10003302,85.056,3
5371,US-2017-136721,4/8/2017,NH-18610,Michigan,Central,FUR-FU-10004665,273.96,2
5372,US-2017-136721,4/8/2017,NH-18610,Michigan,Central,FUR-FU-10004188,306.9,3
5373,CA-2015-118738,10/24/2015,AG-10495,Texas,Central,OFF-PA-10003177,15.552,3
5374,CA-2015-118738,10/24/2015,AG-10495,Texas,Central,FUR-TA-10002607,347.361,7
5375,CA-2015-118738,10/24/2015,AG-10495,Texas,Central,OFF-PA-10001166,10.368,2
5376,CA-2017-134152,5/27/2017,RP-19855,Washington,West,TEC-AC-10004510,98.16,6
5377,CA-2017-134152,5/27/2017,RP-19855,Washington,West,OFF-AR-10004062,31.44,3
5378,CA-2014-125542,12/5/2014,NB-18655,Pennsylvania,East,OFF-EN-10000056,348.488,7
5379,CA-2014-125542,12/5/2014,NB-18655,Pennsylvania,East,OFF-ST-10001469,172.736,4
5380,CA-2016-136021,8/14/2016,JM-15580,California,West,OFF-PA-10000551,15.54,3
5381,CA-2016-136021,8/14/2016,JM-15580,California,West,TEC-MA-10000423,105.552,6
5382,CA-2016-149195,9/5/2016,DM-13525,Texas,Central,OFF-PA-10001870,25.92,5
5383,CA-2016-149195,9/5/2016,DM-13525,Texas,Central,OFF-FA-10001843,15.808,8
5384,CA-2016-149195,9/5/2016,DM-13525,Texas,Central,OFF-PA-10002036,10.368,2
5385,CA-2017-161410,6/26/2017,CC-12220,Pennsylvania,East,TEC-PH-10001760,358.2,3
5386,CA-2017-161410,6/26/2017,CC-12220,Pennsylvania,East,TEC-PH-10000673,545.916,14
5387,CA-2017-152786,3/12/2017,GA-14725,Arkansas,South,OFF-BI-10000829,40.41,9
5388,CA-2017-164707,2/18/2017,CV-12805,California,West,TEC-PH-10001924,167.976,3
5389,CA-2017-164707,2/18/2017,CV-12805,California,West,TEC-AC-10004864,109.53,3
5390,CA-2017-164707,2/18/2017,CV-12805,California,West,OFF-LA-10004345,9.82,2
5391,CA-2017-163874,11/10/2017,NC-18535,Washington,West,OFF-BI-10000088,26.352,3
5392,US-2014-123183,11/19/2014,GR-14560,Delaware,East,OFF-LA-10002787,22.5,6
5393,US-2014-123183,11/19/2014,GR-14560,Delaware,East,OFF-LA-10001569,9.96,2
5394,US-2014-123183,11/19/2014,GR-14560,Delaware,East,OFF-BI-10002429,213.08,7
5395,US-2014-123183,11/19/2014,GR-14560,Delaware,East,FUR-BO-10000362,1025.88,6
5396,CA-2014-104829,11/18/2014,JG-15805,Utah,West,OFF-PA-10003016,21.98,7
5397,US-2016-147340,9/24/2016,EB-13750,California,West,FUR-FU-10002501,63.2,5
5398,CA-2016-145492,11/20/2016,MC-17605,California,West,OFF-AP-10003622,39,12
5399,CA-2016-163202,9/27/2016,BM-11650,Ohio,East,OFF-BI-10002764,2.907,3
5400,CA-2016-117681,4/9/2016,HF-14995,California,West,FUR-BO-10001798,556.665,5
5401,CA-2017-132262,9/21/2017,ML-18265,Washington,West,TEC-AC-10000158,71.98,2
5402,CA-2017-132262,9/21/2017,ML-18265,Washington,West,TEC-AC-10000303,79.98,2
5403,CA-2017-123043,8/24/2017,AH-10195,New York,East,OFF-BI-10003910,24.672,4
5404,CA-2017-123043,8/24/2017,AH-10195,New York,East,OFF-BI-10000138,3.744,1
5405,US-2016-143280,2/22/2016,TZ-21580,California,West,TEC-PH-10002398,445.96,5
5406,US-2016-143280,2/22/2016,TZ-21580,California,West,TEC-AC-10003399,36.24,1
5407,US-2016-143280,2/22/2016,TZ-21580,California,West,OFF-FA-10000992,10.65,3
5408,CA-2017-108854,12/8/2017,DM-13345,California,West,OFF-PA-10003022,87.92,4
5409,CA-2017-108854,12/8/2017,DM-13345,California,West,OFF-BI-10002854,22.424,1
5410,CA-2017-108854,12/8/2017,DM-13345,California,West,OFF-BI-10001670,90.48,3
5411,CA-2017-108854,12/8/2017,DM-13345,California,West,OFF-ST-10001837,42.76,1
5412,CA-2017-166856,9/18/2017,TS-21505,New Mexico,West,OFF-BI-10002012,10.08,7
5413,CA-2017-166856,9/18/2017,TS-21505,New Mexico,West,TEC-AC-10004992,101.34,3
5414,CA-2016-153157,9/11/2016,TB-21625,Kansas,Central,TEC-PH-10003171,224.75,5
5415,US-2017-125647,9/23/2017,LC-16870,Illinois,Central,OFF-AP-10000390,73.176,6
5416,US-2017-125647,9/23/2017,LC-16870,Illinois,Central,OFF-PA-10004888,20.736,4
5417,US-2017-125647,9/23/2017,LC-16870,Illinois,Central,TEC-PH-10004188,39.984,2
5418,CA-2014-132542,10/6/2014,AM-10360,Nebraska,Central,OFF-BI-10004099,15.36,2
5419,CA-2015-110877,10/23/2015,JE-15715,Texas,Central,OFF-PA-10004621,36.288,7
5420,CA-2015-110877,10/23/2015,JE-15715,Texas,Central,TEC-PH-10002103,150.384,2
5421,US-2016-151827,3/31/2016,CS-11950,Pennsylvania,East,TEC-PH-10002789,280.782,3
5422,US-2016-151827,3/31/2016,CS-11950,Pennsylvania,East,TEC-AC-10003289,31.984,2
5423,US-2016-163258,12/29/2016,PF-19225,California,West,OFF-BI-10000138,11.232,3
5424,CA-2017-103009,11/3/2017,PJ-18835,Kentucky,South,OFF-PA-10001215,26.4,5
5425,US-2017-120649,1/20/2017,JF-15490,Connecticut,East,OFF-AR-10001545,3.52,2
5426,CA-2016-153598,12/3/2016,NM-18520,California,West,TEC-AC-10003870,1649.95,5
5427,CA-2016-153598,12/3/2016,NM-18520,California,West,FUR-FU-10001085,111.9,6
5428,US-2016-108497,6/14/2016,MH-17290,California,West,FUR-BO-10004218,599.165,5
5429,CA-2016-113096,9/2/2016,SZ-20035,California,West,OFF-ST-10003455,46.53,3
5430,CA-2014-136861,9/5/2014,PR-18880,Florida,South,FUR-FU-10001967,31.984,2
5431,CA-2017-117422,10/21/2017,FC-14245,Ohio,East,OFF-AP-10000938,161.568,2
5432,CA-2017-117422,10/21/2017,FC-14245,Ohio,East,OFF-PA-10002195,4.064,1
5433,CA-2017-117422,10/21/2017,FC-14245,Ohio,East,OFF-BI-10002799,6.216,4
5434,CA-2017-129707,4/25/2017,LH-16750,Arizona,West,OFF-AR-10000246,8.896,4
5435,CA-2015-160171,10/19/2015,RM-19675,California,West,OFF-AP-10000275,1640.7,5
5436,CA-2015-160171,10/19/2015,RM-19675,California,West,TEC-AC-10000892,270,3
5437,CA-2014-103317,7/5/2014,DM-13525,Florida,South,FUR-FU-10001591,19.52,2
5438,CA-2014-103317,7/5/2014,DM-13525,Florida,South,OFF-BI-10001787,9.81,5
5439,CA-2014-103317,7/5/2014,DM-13525,Florida,South,FUR-FU-10003192,213.216,3
5440,CA-2016-167115,4/4/2016,EH-14185,New York,East,OFF-BI-10004600,588.784,2
